partner,week,no_of_registrations,no_orders,aum,aov,fti_count,fti_amount
ET money,2026-05-11,1087,216,32502131.54,150472.8312037037,52,7860116.949999998
ET money,2026-05-04,2704,253,37360444.3629,147669.74056482213,72,13221221.9714
ET money,2026-04-27,3221,188,24285535.4078,129178.37982872341,53,8458574.6291
ET money,2026-04-20,3993,197,23465905.278500002,119116.27044923858,40,6130768.5903
ET money,2026-04-13,1122,182,26488884.004000004,145543.31870329674,51,6486386.1599
ET money,2026-04-06,1459,173,20674547.379,119506.05421387283,51,8118269.2489
ET money,2026-03-30,1320,104,16415474.2358,157841.09842115385,35,6481544.040000001
ET money,2026-03-23,1156,131,22759659.4756,173737.85859236642,35,9197452.1433
ET money,2026-03-16,2566,152,26433214.1106,173902.7244118421,44,8123680.225500001
ET money,2026-03-09,1500,167,27747525.3612,166152.8464742515,47,7410984.670599999
ET money,2026-03-02,1998,239,33755148.4133,141234.9305995816,96,16045281.487000002
ET money,2026-02-23,3516,218,32297105.855799995,148151.8617238532,70,9816450.2706
ET money,2026-02-16,2044,207,26319118.9599,127145.50222173912,80,11616607.649500001
ET money,2026-02-09,4420,218,27455870.733099997,125944.36116100916,94,13678073.7375
ET money,2026-02-02,2853,223,28877615.031099997,129496.0315295964,78,10332504.837800002
ET money,2026-01-26,2665,163,26945080.582899995,165307.24283987726,80,13013748.325399999
ET money,2026-01-19,3039,192,28127036.009600002,146494.9792166667,73,10381869.8871
ET money,2026-01-12,2748,220,33492672.242599998,152239.41928454544,89,13274552.5129
ET money,2026-01-05,5358,262,36967861.3122,141098.70729847328,97,14573797.609400002
ET money,2025-12-29,7819,295,46737554.4448,158432.38794847456,147,22495369.4935
ET money,2025-12-22,5418,179,19929573.923400003,111338.40180670393,104,14362974.711299999
ET money,2025-12-15,7594,240,34989162.700899996,145788.17792041664,117,13765083.474200001
ET money,2025-12-08,11177,231,36858794.851799995,159561.88247532464,117,16845013.871499997
ET money,2025-12-01,10783,239,32586458.2125,136345.01344142258,158,19670492.027099997
ET money,2025-11-24,6898,166,29198840.4789,175896.62939096385,85,14446318.170799999
ET money,2025-11-17,10984,198,26241021.519,132530.41171212122,109,16267918.498
ET money,2025-11-10,7495,102,14274680.8858,139947.85182156862,74,11353112.9087
ET money,2025-11-03,22439,180,31458254.752799995,174768.08195999998,97,19928910.4084
ET money,2025-10-27,3422,112,22192157.435599998,198144.26281785712,65,10878409.808199998
ET money,2025-10-20,2792,128,15993810.472800003,124951.64431875003,59,6032355.357000001
ET money,2025-10-13,2540,142,21317223.0978,150121.28942112677,72,10650076.883399997
ET money,2025-10-06,3194,173,19943946.1688,115282.92583121387,91,12143550.6972
ET money,2025-09-29,13756,153,20354330.7148,133034.84127320262,129,16715218.2949
ET money,2025-09-22,22263,141,21629942.258,153403.84580141844,108,16143656.5133
ET money,2025-09-15,12156,55,5950312.6505,108187.50273636365,61,8286899.9074
ET money,2025-09-08,777,3,328.6186,109.53953333333334,6,490027.4505
ET money,2025-09-01,6,5,101469.4456,20293.88912,1,109.5123
ET money,2025-08-25,6,0,0.0,0.0,0,
ET money,2025-08-18,5,0,0.0,0.0,0,
ET money,2025-08-11,3,0,0.0,0.0,0,
ET money,2025-08-04,6,0,0.0,0.0,0,
ET money,2025-07-28,8,0,0.0,0.0,0,
ET money,2025-07-21,6,0,0.0,0.0,0,
ET money,2025-07-14,7,0,0.0,0.0,0,
ET money,2025-07-07,13,0,0.0,0.0,0,
ET money,2025-06-30,2,0,0.0,0.0,0,
ET money,2025-06-23,6,0,0.0,0.0,0,
ET money,2025-06-16,4,0,0.0,0.0,0,
ET money,2025-06-09,3,0,0.0,0.0,0,
ET money,2025-06-02,3,0,0.0,0.0,0,
ET money,2025-05-26,4,0,0.0,0.0,0,
ET money,2025-05-19,11,0,0.0,0.0,0,
ET money,2025-05-12,7,0,0.0,0.0,0,
ET money,2025-05-05,4,0,0.0,0.0,0,
ET money,2025-04-28,8,0,0.0,0.0,0,
ET money,2025-04-21,5,0,0.0,0.0,0,
ET money,2025-04-14,9,0,0.0,0.0,0,
ET money,2025-04-07,5,0,0.0,0.0,0,
ET money,2025-03-31,3,0,0.0,0.0,0,
ET money,2025-03-24,6,0,0.0,0.0,0,
ET money,2025-03-17,5,0,0.0,0.0,0,
ET money,2025-03-03,5,0,0.0,0.0,0,
ET money,2025-02-24,5,0,0.0,0.0,0,
ET money,2025-02-17,5,0,0.0,0.0,0,
ET money,2025-02-10,6,0,0.0,0.0,0,
ET money,2025-02-03,2,0,0.0,0.0,0,
ET money,2025-01-27,1,0,0.0,0.0,0,
ET money,2025-01-20,3,0,0.0,0.0,0,
ET money,2025-01-13,4,0,0.0,0.0,0,
ET money,2025-01-06,3,0,0.0,0.0,0,
ET money,2024-12-30,6,0,0.0,0.0,0,
ET money,2024-12-23,3,0,0.0,0.0,0,
ET money,2024-12-16,1,0,0.0,0.0,0,
ET money,2024-12-09,3,0,0.0,0.0,0,
ET money,2024-12-02,5,0,0.0,0.0,0,
ET money,2024-11-25,2,0,0.0,0.0,0,
ET money,2024-11-18,2,0,0.0,0.0,0,
ET money,2024-11-04,3,0,0.0,0.0,0,
ET money,2024-10-28,2,0,0.0,0.0,0,
ET money,2024-10-21,1,0,0.0,0.0,0,
ET money,2024-10-14,1,0,0.0,0.0,0,
ET money,2024-10-07,3,0,0.0,0.0,0,
ET money,2024-09-30,3,0,0.0,0.0,0,
ET money,2024-09-23,3,0,0.0,0.0,0,
ET money,2024-09-09,1,0,0.0,0.0,0,
ET money,2024-09-02,2,0,0.0,0.0,0,
ET money,2024-08-26,3,0,0.0,0.0,0,
ET money,2024-08-19,2,0,0.0,0.0,0,
ET money,2024-08-12,3,0,0.0,0.0,0,
ET money,2024-07-29,5,0,0.0,0.0,0,
ET money,2024-07-22,4,0,0.0,0.0,0,
ET money,2024-07-15,3,0,0.0,0.0,0,
ET money,2024-07-08,3,0,0.0,0.0,0,
ET money,2024-07-01,3,0,0.0,0.0,0,
ET money,2024-06-24,2,0,0.0,0.0,0,
ET money,2024-06-17,3,0,0.0,0.0,0,
ET money,2024-06-10,4,0,0.0,0.0,0,
ET money,2024-06-03,2,0,0.0,0.0,0,
ET money,2024-05-27,2,0,0.0,0.0,0,
ET money,2024-05-20,1,0,0.0,0.0,0,
ET money,2024-05-13,4,0,0.0,0.0,0,
ET money,2024-04-29,2,0,0.0,0.0,0,
ET money,2024-04-15,1,0,0.0,0.0,0,
ET money,2024-04-08,6,0,0.0,0.0,0,
ET money,2024-04-01,2,0,0.0,0.0,0,
ET money,2024-03-25,4,0,0.0,0.0,0,
ET money,2024-03-11,3,0,0.0,0.0,0,
ET money,2024-03-04,2,0,0.0,0.0,0,
ET money,2024-02-26,3,0,0.0,0.0,0,
ET money,2024-02-19,3,0,0.0,0.0,0,
ET money,2024-02-12,1,0,0.0,0.0,0,
ET money,2024-02-05,1,0,0.0,0.0,0,
ET money,2024-01-29,2,0,0.0,0.0,0,
ET money,2024-01-15,3,0,0.0,0.0,0,
ET money,2024-01-01,2,0,0.0,0.0,0,
ET money,2023-12-25,3,0,0.0,0.0,0,
ET money,2023-12-18,4,0,0.0,0.0,0,
ET money,2023-12-11,1,0,0.0,0.0,0,
ET money,2023-12-04,1,0,0.0,0.0,0,
ET money,2023-11-27,3,0,0.0,0.0,0,
ET money,2023-11-13,2,0,0.0,0.0,0,
ET money,2023-10-30,1,0,0.0,0.0,0,
ET money,2023-10-16,5,0,0.0,0.0,0,
ET money,2023-10-09,2,0,0.0,0.0,0,
ET money,2023-10-02,2,0,0.0,0.0,0,
ET money,2023-09-25,2,0,0.0,0.0,0,
ET money,2023-09-18,1,0,0.0,0.0,0,
ET money,2023-09-11,1,0,0.0,0.0,0,
ET money,2023-09-04,2,0,0.0,0.0,0,
ET money,2023-08-28,2,0,0.0,0.0,0,
ET money,2023-08-21,2,0,0.0,0.0,0,
ET money,2023-08-14,2,0,0.0,0.0,0,
ET money,2023-08-07,2,0,0.0,0.0,0,
ET money,2023-07-31,2,0,0.0,0.0,0,
ET money,2023-07-24,1,0,0.0,0.0,0,
ET money,2023-07-17,1,0,0.0,0.0,0,
ET money,2023-07-10,1,0,0.0,0.0,0,
ET money,2023-07-03,1,0,0.0,0.0,0,
ET money,2023-06-26,1,0,0.0,0.0,0,
ET money,2023-06-12,1,0,0.0,0.0,0,
ET money,2023-06-05,2,0,0.0,0.0,0,
ET money,2023-05-29,3,0,0.0,0.0,0,
ET money,2023-05-22,2,0,0.0,0.0,0,
ET money,2023-05-15,2,0,0.0,0.0,0,
ET money,2023-05-08,2,0,0.0,0.0,0,
ET money,2023-05-01,2,0,0.0,0.0,0,
ET money,2023-04-24,1,0,0.0,0.0,0,
ET money,2023-04-17,4,0,0.0,0.0,0,
ET money,2023-04-10,1,0,0.0,0.0,0,
ET money,2023-04-03,3,0,0.0,0.0,0,
ET money,2023-03-27,3,0,0.0,0.0,0,
ET money,2023-03-20,2,0,0.0,0.0,0,
ET money,2023-03-13,1,0,0.0,0.0,0,
ET money,2023-03-06,2,0,0.0,0.0,0,
ET money,2023-02-27,7,0,0.0,0.0,0,
ET money,2023-02-20,2,0,0.0,0.0,0,
ET money,2023-02-06,2,0,0.0,0.0,0,
ET money,2023-01-30,1,0,0.0,0.0,0,
ET money,2023-01-23,6,0,0.0,0.0,0,
ET money,2023-01-16,2,0,0.0,0.0,0,
ET money,2023-01-02,7,0,0.0,0.0,0,
ET money,2022-12-26,6,0,0.0,0.0,0,
ET money,2022-12-19,4,0,0.0,0.0,0,
ET money,2022-12-12,4,0,0.0,0.0,0,
ET money,2022-12-05,3,0,0.0,0.0,0,
ET money,2022-11-28,2,0,0.0,0.0,0,
ET money,2022-11-21,2,0,0.0,0.0,0,
ET money,2022-11-14,3,0,0.0,0.0,0,
ET money,2022-11-07,10,0,0.0,0.0,0,
ET money,2022-10-31,4,0,0.0,0.0,0,
ET money,2022-10-24,2,0,0.0,0.0,0,
ET money,2022-10-17,3,0,0.0,0.0,0,
ET money,2022-10-10,5,0,0.0,0.0,0,
ET money,2022-10-03,7,0,0.0,0.0,0,
ET money,2022-09-26,3,0,0.0,0.0,0,
ET money,2022-09-19,4,0,0.0,0.0,0,
ET money,2022-09-12,10,0,0.0,0.0,0,
ET money,2022-09-05,4,0,0.0,0.0,0,
ET money,2022-08-29,6,0,0.0,0.0,0,
ET money,2022-08-22,3,0,0.0,0.0,0,
ET money,2022-08-15,4,0,0.0,0.0,0,
ET money,2022-08-08,4,0,0.0,0.0,0,
ET money,2022-08-01,10,0,0.0,0.0,0,
ET money,2022-07-25,3,0,0.0,0.0,0,
ET money,2022-07-18,6,0,0.0,0.0,0,
ET money,2022-07-11,4,0,0.0,0.0,0,
ET money,2022-07-04,15,0,0.0,0.0,0,
ET money,2022-06-27,15,0,0.0,0.0,0,
ET money,2022-06-20,6,0,0.0,0.0,0,
ET money,2022-06-13,2,0,0.0,0.0,0,
ET money,2022-06-06,8,0,0.0,0.0,0,
ET money,2022-05-30,26,0,0.0,0.0,0,
ET money,2022-05-23,5,0,0.0,0.0,0,
ET money,2022-05-16,5,0,0.0,0.0,0,
ET money,2022-05-09,9,0,0.0,0.0,0,
ET money,2022-05-02,5,0,0.0,0.0,0,
ET money,2022-04-25,8,0,0.0,0.0,0,
ET money,2022-04-18,9,0,0.0,0.0,0,
ET money,2022-04-11,3,0,0.0,0.0,0,
ET money,2022-04-04,4,0,0.0,0.0,0,
ET money,2022-03-28,7,0,0.0,0.0,0,
ET money,2022-03-21,12,0,0.0,0.0,0,
ET money,2022-03-14,4,0,0.0,0.0,0,
ET money,2022-03-07,7,0,0.0,0.0,0,
ET money,2022-02-28,6,0,0.0,0.0,0,
ET money,2022-02-21,10,0,0.0,0.0,0,
ET money,2022-02-14,14,0,0.0,0.0,0,
ET money,2022-02-07,10,0,0.0,0.0,0,
ET money,2022-01-31,11,0,0.0,0.0,0,
ET money,2022-01-24,10,0,0.0,0.0,0,
ET money,2022-01-17,13,0,0.0,0.0,0,
ET money,2022-01-10,19,0,0.0,0.0,0,
ET money,2022-01-03,22,0,0.0,0.0,0,
ET money,2021-12-27,9,0,0.0,0.0,0,
ET money,2021-12-20,9,0,0.0,0.0,0,
ET money,2021-12-13,5,0,0.0,0.0,0,
ET money,2021-12-06,6,0,0.0,0.0,0,
ET money,2021-11-29,1,0,0.0,0.0,0,
ET money,2021-11-22,5,0,0.0,0.0,0,
ET money,2021-11-15,4,0,0.0,0.0,0,
ET money,2021-11-08,8,0,0.0,0.0,0,
ET money,2021-11-01,8,0,0.0,0.0,0,
ET money,2021-10-25,5,0,0.0,0.0,0,
ET money,2021-10-18,3,0,0.0,0.0,0,
ET money,2021-10-11,6,0,0.0,0.0,0,
ET money,2021-10-04,7,0,0.0,0.0,0,
ET money,2021-09-27,3,0,0.0,0.0,0,
ET money,2021-09-20,8,0,0.0,0.0,0,
ET money,2021-09-13,8,0,0.0,0.0,0,
ET money,2021-09-06,8,0,0.0,0.0,0,
ET money,2021-08-30,4,0,0.0,0.0,0,
ET money,2021-08-23,6,0,0.0,0.0,0,
ET money,2021-08-16,7,0,0.0,0.0,0,
ET money,2021-08-09,1,0,0.0,0.0,0,
ET money,2021-08-02,9,0,0.0,0.0,0,
ET money,2021-07-26,7,0,0.0,0.0,0,
ET money,2021-07-19,5,0,0.0,0.0,0,
ET money,2021-07-12,3,0,0.0,0.0,0,
ET money,2021-07-05,4,0,0.0,0.0,0,
ET money,2021-06-28,3,0,0.0,0.0,0,
ET money,2021-06-21,5,0,0.0,0.0,0,
ET money,2021-06-14,2,0,0.0,0.0,0,
ET money,2021-06-07,7,0,0.0,0.0,0,
ET money,2021-05-31,7,0,0.0,0.0,0,
ET money,2021-05-24,6,0,0.0,0.0,0,
ET money,2021-05-17,5,0,0.0,0.0,0,
ET money,2021-05-10,5,0,0.0,0.0,0,
ET money,2021-05-03,3,0,0.0,0.0,0,
ET money,2021-04-26,1,0,0.0,0.0,0,
ET money,2021-04-19,1,0,0.0,0.0,0,
ET money,2021-04-12,6,0,0.0,0.0,0,
ET money,2021-04-05,3,0,0.0,0.0,0,
ET money,2021-03-29,5,0,0.0,0.0,0,
ET money,2021-03-22,3,0,0.0,0.0,0,
ET money,2021-03-08,1,0,0.0,0.0,0,
ET money,2021-02-22,2,0,0.0,0.0,0,
ET money,2021-02-15,1,0,0.0,0.0,0,
ET money,2021-02-08,2,0,0.0,0.0,0,
ET money,2021-02-01,3,0,0.0,0.0,0,
ET money,2021-01-25,1,0,0.0,0.0,0,
ET money,2021-01-18,3,0,0.0,0.0,0,
ET money,2021-01-11,3,0,0.0,0.0,0,
ET money,2020-12-21,1,0,0.0,0.0,0,
ET money,2020-12-07,1,0,0.0,0.0,0,
ET money,2020-11-30,1,0,0.0,0.0,0,
ET money,2020-11-23,1,0,0.0,0.0,0,
ET money,2020-10-19,1,0,0.0,0.0,0,
ET money,2020-10-12,1,0,0.0,0.0,0,
ET money,2020-07-13,1,0,0.0,0.0,0,
Paisa Bazaar,2026-05-11,3537,341,35785288.2,104942.19413489736,84,5062460.350000001
Paisa Bazaar,2026-05-04,3938,397,61863858.46000001,155828.35884130985,87,9337463.957600001
Paisa Bazaar,2026-04-27,3804,274,31507167.127400003,114989.66104890512,73,7474833.735399999
Paisa Bazaar,2026-04-20,3337,372,40590473.13090001,109114.17508306455,58,3705159.3219999997
Paisa Bazaar,2026-04-13,4092,354,37266133.3861,105271.56323757062,94,9412533.468700001
Paisa Bazaar,2026-04-06,4807,377,41446181.8909,109936.8219917772,99,11586971.2687
Paisa Bazaar,2026-03-30,4826,328,26759875.6519,81584.98674359756,93,6920022.6051
Paisa Bazaar,2026-03-23,4543,319,26512283.7846,83110.60747523511,99,6811221.0181
Paisa Bazaar,2026-03-16,5256,356,29491223.4498,82840.51530842697,117,9417136.8468
Paisa Bazaar,2026-03-09,6270,313,34784507.3732,111132.61141597443,77,7980755.000700001
Paisa Bazaar,2026-03-02,6479,358,34788434.11229999,97174.39696173182,96,9321062.8031
Paisa Bazaar,2026-02-23,5725,257,20927290.826700002,81429.14718560313,105,8927072.8361
Paisa Bazaar,2026-02-16,6047,260,24379602.055900007,93767.70021500003,104,7472939.462
Paisa Bazaar,2026-02-09,6260,276,20811883.8985,75405.37644384058,84,4986681.223
Paisa Bazaar,2026-02-02,8035,318,28679573.264400005,90187.33730943398,82,5475797.6364
Paisa Bazaar,2026-01-26,7519,360,28927263.6981,80353.5102725,116,8550188.423499998
Paisa Bazaar,2026-01-19,7973,343,32774213.441699997,95551.642687172,121,9294374.5716
Paisa Bazaar,2026-01-12,9946,415,33842597.2328,81548.42706698795,197,12732334.2432
Paisa Bazaar,2026-01-05,14088,250,20223290.2315,80893.160926,139,7050291.410400001
Paisa Bazaar,2025-12-29,9379,262,23538267.7209,89840.71649198473,99,8238542.528699999
Paisa Bazaar,2025-12-22,7980,283,32486112.883399997,114791.91831590104,99,6580641.904899999
Paisa Bazaar,2025-12-15,6914,213,10913840.4484,51238.68755117371,91,4862935.902599999
Paisa Bazaar,2025-12-08,8103,202,11784118.7079,58337.221326237624,83,4369140.987900001
Paisa Bazaar,2025-12-01,4135,189,10944160.506299999,57905.61114444444,68,4073923.5121999993
Paisa Bazaar,2025-11-24,2472,189,10287898.1451,54433.32351904762,76,3922191.5955999997
Paisa Bazaar,2025-11-17,4147,215,18060870.086300004,84004.04691302328,68,3711154.7747999993
Paisa Bazaar,2025-11-10,3228,198,17226974.117099997,87004.91978333332,64,4329818.7927
Paisa Bazaar,2025-11-03,3072,227,16119415.3908,71010.64048810572,80,5501760.3531
Paisa Bazaar,2025-10-27,3305,209,11888299.6537,56881.81652488038,95,4559328.072
Paisa Bazaar,2025-10-20,3335,284,11452221.155299999,40324.7223778169,117,4454198.683999999
Paisa Bazaar,2025-10-13,5178,215,9575018.4027,44534.96931488372,140,5031597.062
Paisa Bazaar,2025-10-06,3447,97,2940175.6111000003,30311.088774226806,41,1112195.4053999998
Paisa Bazaar,2025-09-29,3841,69,2670478.0819,38702.58089710145,54,2009591.2792999998
Paisa Bazaar,2025-09-22,2950,48,3353657.1481,69867.85725208333,23,1590812.2304
Paisa Bazaar,2025-09-15,3871,87,1745882.4881999998,20067.61480689655,33,981764.5114
Paisa Bazaar,2025-09-08,3216,47,2106644.7993,44822.229772340426,32,1409275.5505
Paisa Bazaar,2025-09-01,2758,45,1672615.0041999999,37169.222315555555,22,427395.8013
Paisa Bazaar,2025-08-25,2342,51,1798671.622,35268.07101960784,37,1445022.5835000002
Paisa Bazaar,2025-08-18,2767,55,4077467.0663,74135.76484181818,18,1249941.3661000002
Paisa Bazaar,2025-08-11,2408,40,1463907.9914000002,36597.699785000004,29,1009821.7790000002
Paisa Bazaar,2025-08-04,2331,42,1697732.6182,40422.20519523809,25,505542.72990000003
Paisa Bazaar,2025-07-28,4173,44,2065195.8259000003,46936.26877045455,23,697258.3077999998
Paisa Bazaar,2025-07-21,2406,36,2378394.46,66066.51277777778,23,771376.7969000001
Paisa Bazaar,2025-07-14,2706,39,2305784.3146,59122.67473333334,26,1777751.2933
Paisa Bazaar,2025-07-07,2357,54,944067.223,17482.726351851852,31,272012.6934
Paisa Bazaar,2025-06-30,2562,67,1017643.3581000001,15188.706837313433,38,678976.2579000001
Paisa Bazaar,2025-06-23,2793,55,548605.22,9974.640363636363,35,322388.58999999997
Paisa Bazaar,2025-06-16,3544,42,409886.61,9759.205,32,197103.9
Paisa Bazaar,2025-06-09,3884,44,453244.13,10301.002954545454,26,400543.81
Paisa Bazaar,2025-06-02,3160,17,54072.590000000004,3180.740588235294,21,155380.75
Paisa Bazaar,2025-05-26,2103,19,135746.63,7144.55947368421,11,41246.94999999999
Paisa Bazaar,2025-05-19,1593,10,11363.02,1136.3020000000001,11,8843.51
Paisa Bazaar,2025-05-12,318,2,2051.49,1025.745,2,4156.61
Paisa Bazaar,2025-05-05,8,4,12894.97,3223.7425,1,1001.94
Paisa Bazaar,2025-04-28,5,0,0.0,0.0,0,
Paisa Bazaar,2025-04-21,7,0,0.0,0.0,0,
Paisa Bazaar,2025-04-14,4,0,0.0,0.0,0,
Paisa Bazaar,2025-04-07,3,0,0.0,0.0,0,
Paisa Bazaar,2025-03-31,4,0,0.0,0.0,0,
Paisa Bazaar,2025-03-17,3,0,0.0,0.0,0,
Paisa Bazaar,2025-03-10,4,0,0.0,0.0,0,
Paisa Bazaar,2025-03-03,2,0,0.0,0.0,0,
Paisa Bazaar,2025-02-24,3,0,0.0,0.0,0,
Paisa Bazaar,2025-02-17,2,0,0.0,0.0,0,
Paisa Bazaar,2025-02-10,3,0,0.0,0.0,0,
Paisa Bazaar,2025-02-03,1,0,0.0,0.0,0,
Paisa Bazaar,2025-01-27,2,0,0.0,0.0,0,
Paisa Bazaar,2025-01-20,2,0,0.0,0.0,0,
Paisa Bazaar,2025-01-13,1,0,0.0,0.0,0,
Paisa Bazaar,2025-01-06,3,0,0.0,0.0,0,
Paisa Bazaar,2024-12-23,5,0,0.0,0.0,0,
Paisa Bazaar,2024-12-16,1,0,0.0,0.0,0,
Paisa Bazaar,2024-12-09,2,0,0.0,0.0,0,
Paisa Bazaar,2024-12-02,4,0,0.0,0.0,0,
Paisa Bazaar,2024-11-25,3,0,0.0,0.0,0,
Paisa Bazaar,2024-11-18,3,0,0.0,0.0,0,
Paisa Bazaar,2024-11-11,3,0,0.0,0.0,0,
Paisa Bazaar,2024-11-04,3,0,0.0,0.0,0,
Paisa Bazaar,2024-10-28,1,0,0.0,0.0,0,
Paisa Bazaar,2024-10-21,1,0,0.0,0.0,0,
Paisa Bazaar,2024-10-14,4,0,0.0,0.0,0,
Paisa Bazaar,2024-10-07,2,0,0.0,0.0,0,
Paisa Bazaar,2024-09-30,2,0,0.0,0.0,0,
Paisa Bazaar,2024-09-23,3,0,0.0,0.0,0,
Paisa Bazaar,2024-09-16,4,0,0.0,0.0,0,
Paisa Bazaar,2024-09-09,1,0,0.0,0.0,0,
Paisa Bazaar,2024-09-02,5,0,0.0,0.0,0,
Paisa Bazaar,2024-08-26,6,0,0.0,0.0,0,
Paisa Bazaar,2024-08-19,6,0,0.0,0.0,0,
Paisa Bazaar,2024-08-12,5,0,0.0,0.0,0,
Paisa Bazaar,2024-08-05,2,0,0.0,0.0,0,
Paisa Bazaar,2024-07-29,3,0,0.0,0.0,0,
Paisa Bazaar,2024-07-15,4,0,0.0,0.0,0,
Paisa Bazaar,2024-07-08,6,0,0.0,0.0,0,
Paisa Bazaar,2024-07-01,1,0,0.0,0.0,0,
Paisa Bazaar,2024-06-24,4,0,0.0,0.0,0,
Paisa Bazaar,2024-06-17,3,0,0.0,0.0,0,
Paisa Bazaar,2024-06-10,4,0,0.0,0.0,0,
Paisa Bazaar,2024-06-03,4,0,0.0,0.0,0,
Paisa Bazaar,2024-05-27,5,0,0.0,0.0,0,
Paisa Bazaar,2024-05-20,6,0,0.0,0.0,0,
Paisa Bazaar,2024-05-13,10,0,0.0,0.0,0,
Paisa Bazaar,2024-05-06,5,0,0.0,0.0,0,
Paisa Bazaar,2024-04-29,4,0,0.0,0.0,0,
Paisa Bazaar,2024-04-22,3,0,0.0,0.0,0,
Paisa Bazaar,2024-04-15,3,0,0.0,0.0,0,
Paisa Bazaar,2024-04-08,5,0,0.0,0.0,0,
Paisa Bazaar,2024-04-01,3,0,0.0,0.0,0,
Paisa Bazaar,2024-03-25,5,0,0.0,0.0,0,
Paisa Bazaar,2024-03-18,5,0,0.0,0.0,0,
Paisa Bazaar,2024-03-11,7,0,0.0,0.0,0,
Paisa Bazaar,2024-03-04,4,0,0.0,0.0,0,
Paisa Bazaar,2024-02-26,4,0,0.0,0.0,0,
Paisa Bazaar,2024-02-19,6,0,0.0,0.0,0,
Paisa Bazaar,2024-02-12,4,0,0.0,0.0,0,
Paisa Bazaar,2024-02-05,2,0,0.0,0.0,0,
Paisa Bazaar,2024-01-29,3,0,0.0,0.0,0,
Paisa Bazaar,2024-01-22,1,0,0.0,0.0,0,
Paisa Bazaar,2024-01-15,4,0,0.0,0.0,0,
Paisa Bazaar,2024-01-08,1,0,0.0,0.0,0,
Paisa Bazaar,2024-01-01,2,0,0.0,0.0,0,
Paisa Bazaar,2023-12-25,2,0,0.0,0.0,0,
Paisa Bazaar,2023-12-18,2,0,0.0,0.0,0,
Paisa Bazaar,2023-12-04,1,0,0.0,0.0,0,
Paisa Bazaar,2023-11-27,2,0,0.0,0.0,0,
Paisa Bazaar,2023-11-20,3,0,0.0,0.0,0,
Paisa Bazaar,2023-11-13,3,0,0.0,0.0,0,
Paisa Bazaar,2023-11-06,1,0,0.0,0.0,0,
Paisa Bazaar,2023-10-30,2,0,0.0,0.0,0,
Paisa Bazaar,2023-10-23,2,0,0.0,0.0,0,
Paisa Bazaar,2023-10-16,1,0,0.0,0.0,0,
Paisa Bazaar,2023-08-28,2,0,0.0,0.0,0,
Paisa Bazaar,2023-08-21,3,0,0.0,0.0,0,
Paisa Bazaar,2023-08-07,1,0,0.0,0.0,0,
Paisa Bazaar,2023-07-24,4,0,0.0,0.0,0,
Paisa Bazaar,2023-07-17,2,0,0.0,0.0,0,
Paisa Bazaar,2023-06-26,1,0,0.0,0.0,0,
Paisa Bazaar,2023-06-19,1,0,0.0,0.0,0,
Paisa Bazaar,2023-06-05,1,0,0.0,0.0,0,
Paisa Bazaar,2023-05-15,1,0,0.0,0.0,0,
Paisa Bazaar,2023-05-01,2,0,0.0,0.0,0,
Paisa Bazaar,2023-04-17,2,0,0.0,0.0,0,
Paisa Bazaar,2023-04-10,1,0,0.0,0.0,0,
Paisa Bazaar,2023-03-20,1,0,0.0,0.0,0,
Paisa Bazaar,2023-02-27,5,0,0.0,0.0,0,
Paisa Bazaar,2023-02-20,1,0,0.0,0.0,0,
Paisa Bazaar,2023-01-30,1,0,0.0,0.0,0,
Paisa Bazaar,2023-01-23,2,0,0.0,0.0,0,
Paisa Bazaar,2023-01-16,1,0,0.0,0.0,0,
Paisa Bazaar,2023-01-09,3,0,0.0,0.0,0,
Paisa Bazaar,2022-12-26,1,0,0.0,0.0,0,
Paisa Bazaar,2022-12-19,4,0,0.0,0.0,0,
Paisa Bazaar,2022-12-12,2,0,0.0,0.0,0,
Paisa Bazaar,2022-12-05,6,0,0.0,0.0,0,
Paisa Bazaar,2022-11-28,2,0,0.0,0.0,0,
Paisa Bazaar,2022-11-21,6,0,0.0,0.0,0,
Paisa Bazaar,2022-11-14,8,0,0.0,0.0,0,
Paisa Bazaar,2022-11-07,7,0,0.0,0.0,0,
Paisa Bazaar,2022-10-31,9,0,0.0,0.0,0,
Paisa Bazaar,2022-10-24,4,0,0.0,0.0,0,
Paisa Bazaar,2022-10-17,10,0,0.0,0.0,0,
Paisa Bazaar,2022-10-10,5,0,0.0,0.0,0,
Paisa Bazaar,2022-10-03,4,0,0.0,0.0,0,
Paisa Bazaar,2022-09-26,3,0,0.0,0.0,0,
Paisa Bazaar,2022-09-19,5,0,0.0,0.0,0,
Paisa Bazaar,2022-09-12,9,0,0.0,0.0,0,
Paisa Bazaar,2022-09-05,7,0,0.0,0.0,0,
Paisa Bazaar,2022-08-29,3,0,0.0,0.0,0,
Paisa Bazaar,2022-08-22,5,0,0.0,0.0,0,
Paisa Bazaar,2022-08-15,3,0,0.0,0.0,0,
Paisa Bazaar,2022-08-08,4,0,0.0,0.0,0,
Paisa Bazaar,2022-08-01,7,0,0.0,0.0,0,
Paisa Bazaar,2022-07-25,9,0,0.0,0.0,0,
Paisa Bazaar,2022-07-18,5,0,0.0,0.0,0,
Paisa Bazaar,2022-07-11,5,0,0.0,0.0,0,
Paisa Bazaar,2022-07-04,10,0,0.0,0.0,0,
Paisa Bazaar,2022-06-27,5,0,0.0,0.0,0,
Paisa Bazaar,2022-06-20,3,0,0.0,0.0,0,
Paisa Bazaar,2022-06-13,4,0,0.0,0.0,0,
Paisa Bazaar,2022-06-06,4,0,0.0,0.0,0,
Paisa Bazaar,2022-05-30,15,0,0.0,0.0,0,
Paisa Bazaar,2022-05-23,7,0,0.0,0.0,0,
Paisa Bazaar,2022-05-16,4,0,0.0,0.0,0,
Paisa Bazaar,2022-05-09,6,0,0.0,0.0,0,
Paisa Bazaar,2022-05-02,2,0,0.0,0.0,0,
Paisa Bazaar,2022-04-25,3,0,0.0,0.0,0,
Paisa Bazaar,2022-04-18,1,0,0.0,0.0,0,
Paisa Bazaar,2022-04-11,1,0,0.0,0.0,0,
Paisa Bazaar,2022-04-04,4,0,0.0,0.0,0,
Paisa Bazaar,2022-03-28,1,0,0.0,0.0,0,
Paisa Bazaar,2022-03-21,8,0,0.0,0.0,0,
Paisa Bazaar,2022-03-14,5,0,0.0,0.0,0,
Paisa Bazaar,2022-03-07,5,0,0.0,0.0,0,
Paisa Bazaar,2022-02-28,6,0,0.0,0.0,0,
Paisa Bazaar,2022-02-21,6,0,0.0,0.0,0,
Paisa Bazaar,2022-02-14,5,0,0.0,0.0,0,
Paisa Bazaar,2022-02-07,5,0,0.0,0.0,0,
Paisa Bazaar,2022-01-31,6,0,0.0,0.0,0,
Paisa Bazaar,2022-01-24,5,0,0.0,0.0,0,
Paisa Bazaar,2022-01-17,8,0,0.0,0.0,0,
Paisa Bazaar,2022-01-10,3,0,0.0,0.0,0,
Paisa Bazaar,2022-01-03,6,0,0.0,0.0,0,
Paisa Bazaar,2021-12-27,3,0,0.0,0.0,0,
Paisa Bazaar,2021-12-20,6,0,0.0,0.0,0,
Paisa Bazaar,2021-12-13,6,0,0.0,0.0,0,
Paisa Bazaar,2021-12-06,3,0,0.0,0.0,0,
Paisa Bazaar,2021-11-29,3,0,0.0,0.0,0,
Paisa Bazaar,2021-11-22,1,0,0.0,0.0,0,
Paisa Bazaar,2021-11-08,4,0,0.0,0.0,0,
Paisa Bazaar,2021-11-01,6,0,0.0,0.0,0,
Paisa Bazaar,2021-10-25,6,0,0.0,0.0,0,
Paisa Bazaar,2021-10-18,3,0,0.0,0.0,0,
Paisa Bazaar,2021-10-11,1,0,0.0,0.0,0,
Paisa Bazaar,2021-10-04,3,0,0.0,0.0,0,
Paisa Bazaar,2021-09-20,3,0,0.0,0.0,0,
Paisa Bazaar,2021-09-13,2,0,0.0,0.0,0,
Paisa Bazaar,2021-09-06,4,0,0.0,0.0,0,
Paisa Bazaar,2021-08-30,2,0,0.0,0.0,0,
Paisa Bazaar,2021-08-23,4,0,0.0,0.0,0,
Paisa Bazaar,2021-08-16,4,0,0.0,0.0,0,
Paisa Bazaar,2021-08-09,6,0,0.0,0.0,0,
Paisa Bazaar,2021-08-02,3,0,0.0,0.0,0,
Paisa Bazaar,2021-07-26,4,0,0.0,0.0,0,
Paisa Bazaar,2021-07-19,1,0,0.0,0.0,0,
Paisa Bazaar,2021-07-12,4,0,0.0,0.0,0,
Paisa Bazaar,2021-07-05,2,0,0.0,0.0,0,
Paisa Bazaar,2021-06-14,2,0,0.0,0.0,0,
Paisa Bazaar,2021-06-07,2,0,0.0,0.0,0,
Paisa Bazaar,2021-05-31,1,0,0.0,0.0,0,
Paisa Bazaar,2021-05-24,2,0,0.0,0.0,0,
Paisa Bazaar,2021-05-17,5,0,0.0,0.0,0,
Paisa Bazaar,2021-05-03,2,0,0.0,0.0,0,
Paisa Bazaar,2021-04-26,2,0,0.0,0.0,0,
Paisa Bazaar,2021-04-19,1,0,0.0,0.0,0,
Paisa Bazaar,2021-03-15,4,0,0.0,0.0,0,
Paisa Bazaar,2021-03-08,1,0,0.0,0.0,0,
Paisa Bazaar,2021-03-01,1,0,0.0,0.0,0,
Paisa Bazaar,2021-02-22,2,0,0.0,0.0,0,
Paisa Bazaar,2021-02-08,1,0,0.0,0.0,0,
Paisa Bazaar,2021-01-25,1,0,0.0,0.0,0,
Paisa Bazaar,2020-11-30,1,0,0.0,0.0,0,
Mobikwik,2026-05-11,3453,366,18715359.049999997,51134.86079234972,117,3257409.249999999
Mobikwik,2026-05-04,3425,361,15175063.615400001,42036.187300277015,102,3256893.0606999993
Mobikwik,2026-04-27,2536,207,8518406.0392,41151.71999613527,58,2440594.2339000003
Mobikwik,2026-04-20,2071,270,8758095.1297,32437.389369259257,61,1714964.5151000002
Mobikwik,2026-04-13,2407,307,13795620.981100002,44936.87615993486,86,2550456.8562000003
Mobikwik,2026-04-06,4148,344,13537615.379599996,39353.53308023255,109,3239933.1431000005
Mobikwik,2026-03-30,3813,218,8724284.251699999,40019.65253073394,101,2667604.7654000004
Mobikwik,2026-03-23,3978,278,12757550.7449,45890.470305395684,91,3821630.0516999997
Mobikwik,2026-03-16,3837,305,11290444.373699998,37017.850405573765,102,3250119.421
Mobikwik,2026-03-09,3892,328,14778844.470099997,45057.452652743894,122,3899018.2271
Mobikwik,2026-03-02,4609,372,16119917.251500001,43333.110891129036,140,5644513.1493
Mobikwik,2026-02-23,4836,240,8909183.7499,37121.59895791667,104,3798036.2573
Mobikwik,2026-02-16,4675,309,9568158.103700003,30964.912956957938,112,3400244.9278
Mobikwik,2026-02-09,5600,384,10932781.7365,28470.78577213542,173,4617002.4408
Mobikwik,2026-02-02,7451,346,8542538.077000001,24689.416407514454,176,2631947.3973000003
Mobikwik,2026-01-26,6403,329,10732037.711699998,32620.175415501515,182,5593645.761399999
Mobikwik,2026-01-19,5013,286,8887469.3807,31075.067764685315,132,3319302.9815999996
Mobikwik,2026-01-12,4888,349,9621357.5687,27568.359795702007,161,4175738.0423999997
Mobikwik,2026-01-05,5260,355,13041205.049600001,36735.78887211268,178,4636492.3029000005
Mobikwik,2025-12-29,6219,329,7273362.844400001,22107.485849240125,152,4144423.967600001
Mobikwik,2025-12-22,6359,225,6031224.17,26805.440755555555,161,3843219.7269
Mobikwik,2025-12-15,6811,204,5388244.2011,26412.96177009804,114,2679685.2149
Mobikwik,2025-12-08,6058,113,4245557.744100001,37571.30746991151,99,2089611.2107000002
Mobikwik,2025-12-01,2429,82,2596060.5129,31659.274547560974,46,1909327.0648
Mobikwik,2025-11-24,2118,39,1109411.7042,28446.453953846154,44,1122248.0213999997
Mobikwik,2025-11-17,441,1,987.7852,987.7852,5,33953.257600000004
Mobikwik,2025-11-10,12,0,0.0,0.0,0,
Mobikwik,2025-11-03,21,4,3973.2162,993.30405,4,3973.2162
Mobikwik,2025-10-27,15,4,3969.4462000000003,992.3615500000001,3,2971.7564
Mobikwik,2025-10-20,4,0,0.0,0.0,0,
Mobikwik,2025-10-13,6,0,0.0,0.0,0,
Mobikwik,2025-10-06,2,0,0.0,0.0,0,
Mobikwik,2025-09-29,5,0,0.0,0.0,0,
Mobikwik,2025-09-22,5,0,0.0,0.0,0,
Mobikwik,2025-09-15,9,0,0.0,0.0,0,
Mobikwik,2025-09-08,5,0,0.0,0.0,0,
Mobikwik,2025-09-01,8,0,0.0,0.0,0,
Mobikwik,2025-08-25,5,0,0.0,0.0,0,
Mobikwik,2025-08-18,5,0,0.0,0.0,0,
Mobikwik,2025-08-11,1,0,0.0,0.0,0,
Mobikwik,2025-08-04,4,0,0.0,0.0,0,
Mobikwik,2025-07-28,2,0,0.0,0.0,0,
Mobikwik,2025-07-21,5,0,0.0,0.0,0,
Mobikwik,2025-07-14,3,0,0.0,0.0,0,
Mobikwik,2025-07-07,2,0,0.0,0.0,0,
Mobikwik,2025-06-30,1,0,0.0,0.0,0,
Mobikwik,2025-06-23,2,0,0.0,0.0,0,
Mobikwik,2025-06-16,2,0,0.0,0.0,0,
Mobikwik,2025-06-09,2,0,0.0,0.0,0,
Mobikwik,2025-06-02,4,0,0.0,0.0,0,
Mobikwik,2025-05-26,1,0,0.0,0.0,0,
Mobikwik,2025-05-19,4,0,0.0,0.0,0,
Mobikwik,2025-05-12,2,0,0.0,0.0,0,
Mobikwik,2025-05-05,7,0,0.0,0.0,0,
Mobikwik,2025-04-28,1,0,0.0,0.0,0,
Mobikwik,2025-04-07,2,0,0.0,0.0,0,
Mobikwik,2025-03-31,1,0,0.0,0.0,0,
Mobikwik,2025-03-24,2,0,0.0,0.0,0,
Mobikwik,2025-03-17,2,0,0.0,0.0,0,
Mobikwik,2025-03-10,1,0,0.0,0.0,0,
Mobikwik,2025-03-03,1,0,0.0,0.0,0,
Mobikwik,2025-02-24,2,0,0.0,0.0,0,
Mobikwik,2025-02-17,2,0,0.0,0.0,0,
Mobikwik,2025-02-10,1,0,0.0,0.0,0,
Mobikwik,2025-02-03,1,0,0.0,0.0,0,
Mobikwik,2025-01-27,1,0,0.0,0.0,0,
Mobikwik,2025-01-20,4,0,0.0,0.0,0,
Mobikwik,2025-01-13,2,0,0.0,0.0,0,
Mobikwik,2025-01-06,1,0,0.0,0.0,0,
Mobikwik,2024-12-30,2,0,0.0,0.0,0,
Mobikwik,2024-12-23,4,0,0.0,0.0,0,
Mobikwik,2024-12-02,2,0,0.0,0.0,0,
Mobikwik,2024-11-25,1,0,0.0,0.0,0,
Mobikwik,2024-10-14,2,0,0.0,0.0,0,
Mobikwik,2024-10-07,1,0,0.0,0.0,0,
Mobikwik,2024-09-30,1,0,0.0,0.0,0,
Mobikwik,2024-09-23,1,0,0.0,0.0,0,
Mobikwik,2024-09-16,5,0,0.0,0.0,0,
Mobikwik,2024-09-02,4,0,0.0,0.0,0,
Mobikwik,2024-08-26,6,0,0.0,0.0,0,
Mobikwik,2024-08-19,6,0,0.0,0.0,0,
Mobikwik,2024-08-12,3,0,0.0,0.0,0,
Mobikwik,2024-08-05,2,0,0.0,0.0,0,
Mobikwik,2024-07-29,2,0,0.0,0.0,0,
Mobikwik,2024-07-22,2,0,0.0,0.0,0,
Mobikwik,2024-07-15,2,0,0.0,0.0,0,
Mobikwik,2024-07-08,4,0,0.0,0.0,0,
Mobikwik,2024-07-01,2,0,0.0,0.0,0,
Mobikwik,2024-06-10,4,0,0.0,0.0,0,
Mobikwik,2024-06-03,4,0,0.0,0.0,0,
Mobikwik,2024-05-20,8,0,0.0,0.0,0,
Mobikwik,2024-05-13,2,0,0.0,0.0,0,
Mobikwik,2024-05-06,3,0,0.0,0.0,0,
Mobikwik,2024-04-29,4,0,0.0,0.0,0,
Mobikwik,2024-04-22,2,0,0.0,0.0,0,
Mobikwik,2024-04-15,2,0,0.0,0.0,0,
Mobikwik,2024-04-08,5,0,0.0,0.0,0,
Mobikwik,2024-04-01,3,0,0.0,0.0,0,
Mobikwik,2024-03-25,1,0,0.0,0.0,0,
Mobikwik,2024-03-18,2,0,0.0,0.0,0,
Mobikwik,2024-03-11,6,0,0.0,0.0,0,
Mobikwik,2024-03-04,2,0,0.0,0.0,0,
Mobikwik,2024-02-26,7,0,0.0,0.0,0,
Mobikwik,2024-02-19,5,0,0.0,0.0,0,
Mobikwik,2024-02-12,8,0,0.0,0.0,0,
Mobikwik,2024-02-05,1,0,0.0,0.0,0,
Mobikwik,2024-01-29,1,0,0.0,0.0,0,
Mobikwik,2024-01-22,3,0,0.0,0.0,0,
Mobikwik,2024-01-15,2,0,0.0,0.0,0,
Mobikwik,2024-01-08,2,0,0.0,0.0,0,
Mobikwik,2024-01-01,1,0,0.0,0.0,0,
Mobikwik,2023-12-25,2,0,0.0,0.0,0,
Mobikwik,2023-12-18,1,0,0.0,0.0,0,
Mobikwik,2023-12-11,2,0,0.0,0.0,0,
Mobikwik,2023-12-04,3,0,0.0,0.0,0,
Mobikwik,2023-11-27,3,0,0.0,0.0,0,
Mobikwik,2023-11-20,5,0,0.0,0.0,0,
Mobikwik,2023-11-13,2,0,0.0,0.0,0,
Mobikwik,2023-11-06,3,0,0.0,0.0,0,
Mobikwik,2023-10-30,1,0,0.0,0.0,0,
Mobikwik,2023-10-16,3,0,0.0,0.0,0,
Mobikwik,2023-10-02,1,0,0.0,0.0,0,
Mobikwik,2023-09-25,1,0,0.0,0.0,0,
Mobikwik,2023-09-11,2,0,0.0,0.0,0,
Mobikwik,2023-09-04,1,0,0.0,0.0,0,
Mobikwik,2023-08-21,2,0,0.0,0.0,0,
Mobikwik,2023-07-24,3,0,0.0,0.0,0,
Mobikwik,2023-06-19,1,0,0.0,0.0,0,
Mobikwik,2023-05-22,1,0,0.0,0.0,0,
Mobikwik,2023-04-17,2,0,0.0,0.0,0,
Mobikwik,2023-03-13,2,0,0.0,0.0,0,
Mobikwik,2023-02-20,2,0,0.0,0.0,0,
Mobikwik,2023-02-06,1,0,0.0,0.0,0,
Mobikwik,2023-01-30,2,0,0.0,0.0,0,
Mobikwik,2023-01-23,1,0,0.0,0.0,0,
Mobikwik,2023-01-09,2,0,0.0,0.0,0,
Mobikwik,2023-01-02,3,0,0.0,0.0,0,
Mobikwik,2022-12-26,2,0,0.0,0.0,0,
Mobikwik,2022-12-19,2,0,0.0,0.0,0,
Mobikwik,2022-12-12,1,0,0.0,0.0,0,
Mobikwik,2022-12-05,2,0,0.0,0.0,0,
Mobikwik,2022-11-28,2,0,0.0,0.0,0,
Mobikwik,2022-11-21,6,0,0.0,0.0,0,
Mobikwik,2022-11-14,2,0,0.0,0.0,0,
Mobikwik,2022-11-07,2,0,0.0,0.0,0,
Mobikwik,2022-10-31,6,0,0.0,0.0,0,
Mobikwik,2022-10-24,4,0,0.0,0.0,0,
Mobikwik,2022-10-17,2,0,0.0,0.0,0,
Mobikwik,2022-10-10,2,0,0.0,0.0,0,
Mobikwik,2022-10-03,1,0,0.0,0.0,0,
Mobikwik,2022-09-26,1,0,0.0,0.0,0,
Mobikwik,2022-09-19,3,0,0.0,0.0,0,
Mobikwik,2022-09-12,6,0,0.0,0.0,0,
Mobikwik,2022-09-05,3,0,0.0,0.0,0,
Mobikwik,2022-08-29,2,0,0.0,0.0,0,
Mobikwik,2022-08-22,4,0,0.0,0.0,0,
Mobikwik,2022-08-15,4,0,0.0,0.0,0,
Mobikwik,2022-08-08,5,0,0.0,0.0,0,
Mobikwik,2022-08-01,3,0,0.0,0.0,0,
Mobikwik,2022-07-25,1,0,0.0,0.0,0,
Mobikwik,2022-07-18,2,0,0.0,0.0,0,
Mobikwik,2022-07-11,3,0,0.0,0.0,0,
Mobikwik,2022-07-04,6,0,0.0,0.0,0,
Mobikwik,2022-06-20,2,0,0.0,0.0,0,
Mobikwik,2022-06-06,2,0,0.0,0.0,0,
Mobikwik,2022-05-30,7,0,0.0,0.0,0,
Mobikwik,2022-05-23,2,0,0.0,0.0,0,
Mobikwik,2022-05-16,5,0,0.0,0.0,0,
Mobikwik,2022-05-09,1,0,0.0,0.0,0,
Mobikwik,2022-05-02,3,0,0.0,0.0,0,
Mobikwik,2022-04-25,2,0,0.0,0.0,0,
Mobikwik,2022-04-18,2,0,0.0,0.0,0,
Mobikwik,2022-04-11,1,0,0.0,0.0,0,
Mobikwik,2022-04-04,2,0,0.0,0.0,0,
Mobikwik,2022-03-28,2,0,0.0,0.0,0,
Mobikwik,2022-03-21,1,0,0.0,0.0,0,
Mobikwik,2022-03-07,1,0,0.0,0.0,0,
Mobikwik,2022-02-28,6,0,0.0,0.0,0,
Mobikwik,2022-02-21,3,0,0.0,0.0,0,
Mobikwik,2022-02-14,3,0,0.0,0.0,0,
Mobikwik,2022-01-31,7,0,0.0,0.0,0,
Mobikwik,2022-01-24,4,0,0.0,0.0,0,
Mobikwik,2022-01-17,2,0,0.0,0.0,0,
Mobikwik,2022-01-10,3,0,0.0,0.0,0,
Mobikwik,2022-01-03,1,0,0.0,0.0,0,
Mobikwik,2021-12-27,2,0,0.0,0.0,0,
Mobikwik,2021-12-20,4,0,0.0,0.0,0,
Mobikwik,2021-12-13,2,0,0.0,0.0,0,
Mobikwik,2021-12-06,2,0,0.0,0.0,0,
Mobikwik,2021-11-29,3,0,0.0,0.0,0,
Mobikwik,2021-11-22,1,0,0.0,0.0,0,
Mobikwik,2021-11-01,1,0,0.0,0.0,0,
Mobikwik,2021-10-25,3,0,0.0,0.0,0,
Mobikwik,2021-10-18,3,0,0.0,0.0,0,
Mobikwik,2021-10-11,2,0,0.0,0.0,0,
Mobikwik,2021-10-04,1,0,0.0,0.0,0,
Mobikwik,2021-09-20,1,0,0.0,0.0,0,
Mobikwik,2021-09-06,1,0,0.0,0.0,0,
Mobikwik,2021-08-23,1,0,0.0,0.0,0,
Mobikwik,2021-08-09,4,0,0.0,0.0,0,
Mobikwik,2021-07-26,2,0,0.0,0.0,0,
Mobikwik,2021-07-12,1,0,0.0,0.0,0,
Mobikwik,2021-06-28,3,0,0.0,0.0,0,
Mobikwik,2021-06-21,1,0,0.0,0.0,0,
Mobikwik,2021-06-07,3,0,0.0,0.0,0,
Mobikwik,2021-05-17,2,0,0.0,0.0,0,
Mobikwik,2021-05-10,1,0,0.0,0.0,0,
Mobikwik,2021-04-26,1,0,0.0,0.0,0,
Mobikwik,2021-03-01,1,0,0.0,0.0,0,
Mobikwik,2021-02-22,1,0,0.0,0.0,0,
Mobikwik,2021-02-15,2,0,0.0,0.0,0,
Mobikwik,2021-02-01,1,0,0.0,0.0,0,
Tata Digital Private Ltd,2026-05-11,867,383,30407382.240000002,79392.64292428199,58,4108037.9199999995
Tata Digital Private Ltd,2026-05-04,906,393,30390675.916699994,77329.96416463103,49,2849618.6523999996
Tata Digital Private Ltd,2026-04-27,1046,341,28828746.937200002,84541.7798744868,53,4663382.0653
Tata Digital Private Ltd,2026-04-20,1099,402,25427189.528,63251.715243781095,55,2478218.0635
Tata Digital Private Ltd,2026-04-13,1023,426,38700360.7039,90845.91714530517,82,5912008.724400001
Tata Digital Private Ltd,2026-04-06,1292,416,45522160.6238,109428.27073028847,67,5788919.8824000005
Tata Digital Private Ltd,2026-03-30,1270,277,20474844.8068,73916.40724476535,59,4383165.6073
Tata Digital Private Ltd,2026-03-23,1062,271,22989005.254500005,84830.27769188194,52,3401911.8541999995
Tata Digital Private Ltd,2026-03-16,1258,344,28496648.756199993,82839.09522151161,59,5763814.533500001
Tata Digital Private Ltd,2026-03-09,966,261,20014087.6543,76682.32817739464,47,4382147.2924
Tata Digital Private Ltd,2026-03-02,1273,377,29372471.850400005,77911.06591618038,68,5993201.9035
Tata Digital Private Ltd,2026-02-23,1422,330,30231453.817400005,91610.46611333334,63,4585523.1144
Tata Digital Private Ltd,2026-02-16,1062,262,18588836.852900002,70949.75898053436,55,2774936.7905
Tata Digital Private Ltd,2026-02-09,1042,332,22994832.8873,69261.54484126506,56,2191856.6689999998
Tata Digital Private Ltd,2026-02-02,1481,382,26530495.636200003,69451.55925706807,69,4464333.4499
Tata Digital Private Ltd,2026-01-26,1356,316,23499724.753500003,74366.2175743671,78,5466997.289000002
Tata Digital Private Ltd,2026-01-19,1598,338,34392005.6797,101751.49609378699,67,5207267.602499999
Tata Digital Private Ltd,2026-01-12,1468,306,19246810.088700004,62898.07218529413,77,5042030.4624
Tata Digital Private Ltd,2026-01-05,1807,412,25662752.147,62288.23336650486,84,6001762.7831
Tata Digital Private Ltd,2025-12-29,1806,392,27487091.880899996,70120.13234923469,101,5632194.5571
Tata Digital Private Ltd,2025-12-22,2705,336,30888355.35070001,91929.6290199405,92,5326407.6038
Tata Digital Private Ltd,2025-12-15,2153,361,25521178.5377,70695.7854229917,75,2948823.1323999995
Tata Digital Private Ltd,2025-12-08,2082,352,27380789.104899995,77786.33268437498,71,5424925.902799998
Tata Digital Private Ltd,2025-12-01,2698,364,30308434.9444,83264.93116593407,74,7145248.460899999
Tata Digital Private Ltd,2025-11-24,2271,303,23598731.118999995,77883.60105280527,79,6824674.809900001
Tata Digital Private Ltd,2025-11-17,1462,365,31695643.358300004,86837.37906383563,76,5747684.2194
Tata Digital Private Ltd,2025-11-10,1770,456,37286836.37810001,81769.37802214915,84,5947215.0132
Tata Digital Private Ltd,2025-11-03,1646,418,31084620.4002,74365.12057464114,95,7476825.5024
Tata Digital Private Ltd,2025-10-27,2145,486,32847173.7262,67586.7772144033,108,9174577.926900001
Tata Digital Private Ltd,2025-10-20,1949,496,27168500.992099997,54775.20361310483,92,5321653.7113
Tata Digital Private Ltd,2025-10-13,1899,418,36413053.6504,87112.5685416268,76,5765173.7526
Tata Digital Private Ltd,2025-10-06,2106,433,34258774.5984,79119.57182078522,104,11622319.1772
Tata Digital Private Ltd,2025-09-29,2481,350,23934282.7638,68383.66503942857,108,8215523.873299998
Tata Digital Private Ltd,2025-09-22,1605,381,27769165.7979,72884.9496007874,82,6378622.539200001
Tata Digital Private Ltd,2025-09-15,2544,510,24858181.979800005,48741.5332937255,123,8957219.9716
Tata Digital Private Ltd,2025-09-08,2634,535,29381243.74129999,54918.21260056073,133,7195926.484200001
Tata Digital Private Ltd,2025-09-01,2430,524,38146281.731300004,72798.2475788168,173,10912548.719700003
Tata Digital Private Ltd,2025-08-25,5570,469,32301782.054800004,68873.73572452026,178,9435228.5148
Tata Digital Private Ltd,2025-08-18,2669,493,33459627.721900005,67869.42742778905,106,7942595.454
Tata Digital Private Ltd,2025-08-11,2500,374,23465538.935099997,62742.08271417111,127,7817498.156199999
Tata Digital Private Ltd,2025-08-04,1972,456,31127773.618799996,68262.66144473683,114,7612893.7604
Tata Digital Private Ltd,2025-07-28,3192,563,34766874.179900005,61752.88486660747,165,10371832.624599999
Tata Digital Private Ltd,2025-07-21,1807,268,20082605.590199996,74935.09548582089,84,7990844.1321
Tata Digital Private Ltd,2025-07-14,1593,287,18200494.9419,63416.3586825784,90,4445119.1535
Tata Digital Private Ltd,2025-07-07,1870,421,25387980.338200003,60303.99130213777,98,5719587.922200002
Tata Digital Private Ltd,2025-06-30,2844,489,37170004.6668,76012.27948220859,131,10224533.1083
Tata Digital Private Ltd,2025-06-23,2230,434,22577302.46,52021.43423963134,131,6513620.24
Tata Digital Private Ltd,2025-06-16,2656,433,16383687.600000001,37837.615704387994,135,6578762.300000001
Tata Digital Private Ltd,2025-06-09,1988,478,21978696.39,45980.53638075314,138,6455048.429999999
Tata Digital Private Ltd,2025-06-02,2617,452,22462062.159999996,49694.827787610615,165,5600459.520000001
Tata Digital Private Ltd,2025-05-26,2133,454,25019251.45,55108.48337004405,95,5038652.8
Tata Digital Private Ltd,2025-05-19,2022,431,21593658.59,50101.2960324826,157,8351410.289999999
Tata Digital Private Ltd,2025-05-12,2227,395,28912505.779999997,73196.21716455696,147,8363502.4
Tata Digital Private Ltd,2025-05-05,2436,408,15357145.289999997,37640.06198529411,114,3163810.5000000005
Tata Digital Private Ltd,2025-04-28,1776,288,13813459.710000005,47963.40177083335,117,4663234.039999999
Tata Digital Private Ltd,2025-04-21,2216,394,11939369.799999999,30302.96903553299,97,2592081.4499999997
Tata Digital Private Ltd,2025-04-14,2678,239,9683827.4,40518.10627615063,133,2015659.92
Tata Digital Private Ltd,2025-04-07,2528,257,11926151.35,46405.258171206224,100,5497449.289999999
Tata Digital Private Ltd,2025-03-31,2411,292,12623478.970000003,43231.092363013704,102,4128417.5499999993
Tata Digital Private Ltd,2025-03-24,2505,235,9591145.07,40813.38327659575,112,4677879.109999999
Tata Digital Private Ltd,2025-03-17,2819,244,14288702.62,58560.25663934426,103,5002342.360000001
Tata Digital Private Ltd,2025-03-10,2679,113,6158943.93,54503.928584070796,72,4766267.47
Tata Digital Private Ltd,2025-03-03,3141,222,12562269.829999998,56586.80103603603,88,5474218.739999999
Tata Digital Private Ltd,2025-02-24,5131,166,7049912.140000001,42469.35024096386,125,7001880.11
Tata Digital Private Ltd,2025-02-17,2985,136,5869384.820000001,43157.24132352942,65,2236819.18
Tata Digital Private Ltd,2025-02-10,3252,178,3657300.24,20546.630561797752,100,2187729.86
Tata Digital Private Ltd,2025-02-03,4069,133,4168042.7599999993,31338.667368421047,103,2822185.5799999996
Tata Digital Private Ltd,2025-01-27,3805,79,1096199.26,13875.94,49,1108672.84
Tata Digital Private Ltd,2025-01-20,2945,61,820835.4400000002,13456.318688524592,49,659731.9199999999
Tata Digital Private Ltd,2025-01-13,1019,4,8341.82,2085.455,2,50875.29
Tata Digital Private Ltd,2025-01-06,8,1,9931.64,9931.64,0,
Tata Digital Private Ltd,2024-12-30,2,6,25122.11,4187.018333333333,1,997.54
Tata Digital Private Ltd,2024-12-23,1,0,0.0,0.0,0,
Tata Digital Private Ltd,2024-12-16,9,0,0.0,0.0,0,
Tata Digital Private Ltd,2024-12-09,11,8,125250.97,15656.37125,1,100145.85
Tata Digital Private Ltd,2024-12-02,13,5,15015.32,3003.064,0,
Tata Digital Private Ltd,2024-11-25,9,2,19928.94,9964.47,1,9951.31
Tata Digital Private Ltd,2024-11-18,9,14,71753.62,5125.2585714285715,3,2978.16
Tata Digital Private Ltd,2024-11-11,5,1,986.52,986.52,0,
Tata Digital Private Ltd,2024-11-04,2,3,3224.5,1074.8333333333333,0,
Tata Digital Private Ltd,2024-10-28,1,0,0.0,0.0,0,
Tata Digital Private Ltd,2024-10-21,1,0,0.0,0.0,0,
Tata Digital Private Ltd,2024-10-14,4,0,0.0,0.0,0,
Tata Digital Private Ltd,2024-10-07,2,0,0.0,0.0,0,
Tata Digital Private Ltd,2024-09-30,2,0,0.0,0.0,0,
Tata Digital Private Ltd,2024-09-23,1,0,0.0,0.0,0,
Tata Digital Private Ltd,2024-09-16,4,0,0.0,0.0,0,
Tata Digital Private Ltd,2024-09-09,4,0,0.0,0.0,0,
Tata Digital Private Ltd,2024-09-02,4,0,0.0,0.0,0,
Tata Digital Private Ltd,2024-08-26,1,0,0.0,0.0,0,
Tata Digital Private Ltd,2024-08-12,4,0,0.0,0.0,0,
Tata Digital Private Ltd,2024-08-05,7,0,0.0,0.0,0,
Tata Digital Private Ltd,2024-07-29,4,0,0.0,0.0,0,
Tata Digital Private Ltd,2024-07-22,2,0,0.0,0.0,0,
Tata Digital Private Ltd,2024-07-15,2,0,0.0,0.0,0,
Tata Digital Private Ltd,2024-07-08,3,0,0.0,0.0,0,
Tata Digital Private Ltd,2024-07-01,2,0,0.0,0.0,0,
Tata Digital Private Ltd,2024-06-17,1,0,0.0,0.0,0,
Tata Digital Private Ltd,2024-06-10,3,0,0.0,0.0,0,
Tata Digital Private Ltd,2024-06-03,1,0,0.0,0.0,0,
Tata Digital Private Ltd,2024-05-27,3,0,0.0,0.0,0,
Tata Digital Private Ltd,2024-05-20,5,0,0.0,0.0,0,
Tata Digital Private Ltd,2024-05-13,4,0,0.0,0.0,0,
Tata Digital Private Ltd,2024-05-06,1,0,0.0,0.0,0,
Tata Digital Private Ltd,2024-04-29,2,0,0.0,0.0,0,
Tata Digital Private Ltd,2024-04-22,3,0,0.0,0.0,0,
Tata Digital Private Ltd,2024-04-15,1,0,0.0,0.0,0,
Tata Digital Private Ltd,2024-04-08,4,0,0.0,0.0,0,
Tata Digital Private Ltd,2024-03-25,5,0,0.0,0.0,0,
Tata Digital Private Ltd,2024-03-18,3,0,0.0,0.0,0,
Tata Digital Private Ltd,2024-03-11,3,0,0.0,0.0,0,
Tata Digital Private Ltd,2024-03-04,2,0,0.0,0.0,0,
Tata Digital Private Ltd,2024-02-26,3,0,0.0,0.0,0,
Tata Digital Private Ltd,2024-02-12,2,0,0.0,0.0,0,
Tata Digital Private Ltd,2024-02-05,3,0,0.0,0.0,0,
Tata Digital Private Ltd,2024-01-29,5,0,0.0,0.0,0,
Tata Digital Private Ltd,2024-01-08,1,0,0.0,0.0,0,
Tata Digital Private Ltd,2024-01-01,1,0,0.0,0.0,0,
Tata Digital Private Ltd,2023-12-04,4,0,0.0,0.0,0,
Tata Digital Private Ltd,2023-11-27,2,0,0.0,0.0,0,
Tata Digital Private Ltd,2023-11-20,4,0,0.0,0.0,0,
Tata Digital Private Ltd,2023-11-06,4,0,0.0,0.0,0,
Tata Digital Private Ltd,2023-10-30,2,0,0.0,0.0,0,
Tata Digital Private Ltd,2023-10-16,2,0,0.0,0.0,0,
Tata Digital Private Ltd,2023-10-09,2,0,0.0,0.0,0,
Tata Digital Private Ltd,2023-10-02,2,0,0.0,0.0,0,
Tata Digital Private Ltd,2023-09-25,2,0,0.0,0.0,0,
Tata Digital Private Ltd,2023-09-11,3,0,0.0,0.0,0,
Tata Digital Private Ltd,2023-09-04,1,0,0.0,0.0,0,
Tata Digital Private Ltd,2023-08-28,2,0,0.0,0.0,0,
Tata Digital Private Ltd,2023-08-14,1,0,0.0,0.0,0,
Tata Digital Private Ltd,2023-08-07,3,0,0.0,0.0,0,
Tata Digital Private Ltd,2023-07-31,1,0,0.0,0.0,0,
Tata Digital Private Ltd,2023-07-24,8,0,0.0,0.0,0,
Tata Digital Private Ltd,2023-07-17,4,0,0.0,0.0,0,
Tata Digital Private Ltd,2023-07-10,1,0,0.0,0.0,0,
Tata Digital Private Ltd,2023-06-26,5,0,0.0,0.0,0,
Tata Digital Private Ltd,2023-06-19,1,0,0.0,0.0,0,
Tata Digital Private Ltd,2023-06-12,2,0,0.0,0.0,0,
Tata Digital Private Ltd,2023-04-17,2,0,0.0,0.0,0,
Tata Digital Private Ltd,2023-04-10,2,0,0.0,0.0,0,
Tata Digital Private Ltd,2023-04-03,2,0,0.0,0.0,0,
Tata Digital Private Ltd,2023-03-27,1,0,0.0,0.0,0,
Tata Digital Private Ltd,2023-03-20,2,0,0.0,0.0,0,
Tata Digital Private Ltd,2023-03-13,2,0,0.0,0.0,0,
Tata Digital Private Ltd,2023-03-06,4,0,0.0,0.0,0,
Tata Digital Private Ltd,2023-02-27,8,0,0.0,0.0,0,
Tata Digital Private Ltd,2023-02-20,3,0,0.0,0.0,0,
Tata Digital Private Ltd,2023-02-13,2,0,0.0,0.0,0,
Tata Digital Private Ltd,2023-01-30,4,0,0.0,0.0,0,
Tata Digital Private Ltd,2023-01-23,3,0,0.0,0.0,0,
Tata Digital Private Ltd,2023-01-16,3,0,0.0,0.0,0,
Tata Digital Private Ltd,2023-01-09,4,0,0.0,0.0,0,
Tata Digital Private Ltd,2023-01-02,3,0,0.0,0.0,0,
Tata Digital Private Ltd,2022-12-26,4,0,0.0,0.0,0,
Tata Digital Private Ltd,2022-12-19,4,0,0.0,0.0,0,
Tata Digital Private Ltd,2022-12-12,3,0,0.0,0.0,0,
Tata Digital Private Ltd,2022-12-05,2,0,0.0,0.0,0,
Tata Digital Private Ltd,2022-11-28,1,0,0.0,0.0,0,
Tata Digital Private Ltd,2022-11-21,1,0,0.0,0.0,0,
Tata Digital Private Ltd,2022-11-14,5,0,0.0,0.0,0,
Tata Digital Private Ltd,2022-11-07,4,0,0.0,0.0,0,
Tata Digital Private Ltd,2022-10-31,4,0,0.0,0.0,0,
Tata Digital Private Ltd,2022-10-24,4,0,0.0,0.0,0,
Tata Digital Private Ltd,2022-10-17,3,0,0.0,0.0,0,
Tata Digital Private Ltd,2022-10-10,4,0,0.0,0.0,0,
Tata Digital Private Ltd,2022-10-03,5,0,0.0,0.0,0,
Tata Digital Private Ltd,2022-09-26,3,0,0.0,0.0,0,
Tata Digital Private Ltd,2022-09-19,2,0,0.0,0.0,0,
Tata Digital Private Ltd,2022-09-12,6,0,0.0,0.0,0,
Tata Digital Private Ltd,2022-09-05,3,0,0.0,0.0,0,
Tata Digital Private Ltd,2022-08-29,2,0,0.0,0.0,0,
Tata Digital Private Ltd,2022-08-22,9,0,0.0,0.0,0,
Tata Digital Private Ltd,2022-08-15,5,0,0.0,0.0,0,
Tata Digital Private Ltd,2022-08-08,1,0,0.0,0.0,0,
Tata Digital Private Ltd,2022-08-01,5,0,0.0,0.0,0,
Tata Digital Private Ltd,2022-07-25,3,0,0.0,0.0,0,
Tata Digital Private Ltd,2022-07-18,3,0,0.0,0.0,0,
Tata Digital Private Ltd,2022-07-11,6,0,0.0,0.0,0,
Tata Digital Private Ltd,2022-07-04,16,0,0.0,0.0,0,
Tata Digital Private Ltd,2022-06-27,8,0,0.0,0.0,0,
Tata Digital Private Ltd,2022-06-20,6,0,0.0,0.0,0,
Tata Digital Private Ltd,2022-06-13,2,0,0.0,0.0,0,
Tata Digital Private Ltd,2022-06-06,5,0,0.0,0.0,0,
Tata Digital Private Ltd,2022-05-30,20,0,0.0,0.0,0,
Tata Digital Private Ltd,2022-05-23,4,0,0.0,0.0,0,
Tata Digital Private Ltd,2022-05-16,7,0,0.0,0.0,0,
Tata Digital Private Ltd,2022-05-09,5,0,0.0,0.0,0,
Tata Digital Private Ltd,2022-05-02,2,0,0.0,0.0,0,
Tata Digital Private Ltd,2022-04-25,6,0,0.0,0.0,0,
Tata Digital Private Ltd,2022-04-18,12,0,0.0,0.0,0,
Tata Digital Private Ltd,2022-04-11,5,0,0.0,0.0,0,
Tata Digital Private Ltd,2022-04-04,2,0,0.0,0.0,0,
Tata Digital Private Ltd,2022-03-28,3,0,0.0,0.0,0,
Tata Digital Private Ltd,2022-03-21,9,0,0.0,0.0,0,
Tata Digital Private Ltd,2022-03-14,5,0,0.0,0.0,0,
Tata Digital Private Ltd,2022-03-07,8,0,0.0,0.0,0,
Tata Digital Private Ltd,2022-02-28,7,0,0.0,0.0,0,
Tata Digital Private Ltd,2022-02-21,13,0,0.0,0.0,0,
Tata Digital Private Ltd,2022-02-14,13,0,0.0,0.0,0,
Tata Digital Private Ltd,2022-02-07,8,0,0.0,0.0,0,
Tata Digital Private Ltd,2022-01-31,10,0,0.0,0.0,0,
Tata Digital Private Ltd,2022-01-24,13,0,0.0,0.0,0,
Tata Digital Private Ltd,2022-01-17,17,0,0.0,0.0,0,
Tata Digital Private Ltd,2022-01-10,7,0,0.0,0.0,0,
Tata Digital Private Ltd,2022-01-03,10,0,0.0,0.0,0,
Tata Digital Private Ltd,2021-12-27,12,0,0.0,0.0,0,
Tata Digital Private Ltd,2021-12-20,8,0,0.0,0.0,0,
Tata Digital Private Ltd,2021-12-13,6,0,0.0,0.0,0,
Tata Digital Private Ltd,2021-12-06,2,0,0.0,0.0,0,
Tata Digital Private Ltd,2021-11-29,2,0,0.0,0.0,0,
Tata Digital Private Ltd,2021-11-22,3,0,0.0,0.0,0,
Tata Digital Private Ltd,2021-11-15,1,0,0.0,0.0,0,
Tata Digital Private Ltd,2021-11-08,4,0,0.0,0.0,0,
Tata Digital Private Ltd,2021-11-01,5,0,0.0,0.0,0,
Tata Digital Private Ltd,2021-10-25,2,0,0.0,0.0,0,
Tata Digital Private Ltd,2021-10-18,1,0,0.0,0.0,0,
Tata Digital Private Ltd,2021-10-11,2,0,0.0,0.0,0,
Tata Digital Private Ltd,2021-10-04,1,0,0.0,0.0,0,
Tata Digital Private Ltd,2021-09-27,6,0,0.0,0.0,0,
Tata Digital Private Ltd,2021-09-20,1,0,0.0,0.0,0,
Tata Digital Private Ltd,2021-09-13,6,0,0.0,0.0,0,
Tata Digital Private Ltd,2021-09-06,5,0,0.0,0.0,0,
Tata Digital Private Ltd,2021-08-30,7,0,0.0,0.0,0,
Tata Digital Private Ltd,2021-08-23,5,0,0.0,0.0,0,
Tata Digital Private Ltd,2021-08-16,3,0,0.0,0.0,0,
Tata Digital Private Ltd,2021-08-09,2,0,0.0,0.0,0,
Tata Digital Private Ltd,2021-08-02,7,0,0.0,0.0,0,
Tata Digital Private Ltd,2021-07-26,4,0,0.0,0.0,0,
Tata Digital Private Ltd,2021-07-19,3,0,0.0,0.0,0,
Tata Digital Private Ltd,2021-07-12,5,0,0.0,0.0,0,
Tata Digital Private Ltd,2021-07-05,4,0,0.0,0.0,0,
Tata Digital Private Ltd,2021-06-28,7,0,0.0,0.0,0,
Tata Digital Private Ltd,2021-06-21,1,0,0.0,0.0,0,
Tata Digital Private Ltd,2021-06-14,2,0,0.0,0.0,0,
Tata Digital Private Ltd,2021-06-07,7,0,0.0,0.0,0,
Tata Digital Private Ltd,2021-05-31,3,0,0.0,0.0,0,
Tata Digital Private Ltd,2021-05-24,5,0,0.0,0.0,0,
Tata Digital Private Ltd,2021-05-17,7,0,0.0,0.0,0,
Tata Digital Private Ltd,2021-05-10,2,0,0.0,0.0,0,
Tata Digital Private Ltd,2021-04-26,2,0,0.0,0.0,0,
Tata Digital Private Ltd,2021-04-19,1,0,0.0,0.0,0,
Tata Digital Private Ltd,2021-04-05,2,0,0.0,0.0,0,
Tata Digital Private Ltd,2021-03-29,1,0,0.0,0.0,0,
Tata Digital Private Ltd,2021-03-22,3,0,0.0,0.0,0,
Tata Digital Private Ltd,2021-03-01,2,0,0.0,0.0,0,
Tata Digital Private Ltd,2021-02-22,1,0,0.0,0.0,0,
Tata Digital Private Ltd,2021-02-08,2,0,0.0,0.0,0,
Tata Digital Private Ltd,2021-02-01,3,0,0.0,0.0,0,
Tata Digital Private Ltd,2021-01-25,1,0,0.0,0.0,0,
Tata Digital Private Ltd,2021-01-18,1,0,0.0,0.0,0,
Tata Digital Private Ltd,2021-01-11,1,0,0.0,0.0,0,
Tata Digital Private Ltd,2021-01-04,1,0,0.0,0.0,0,
Tata Digital Private Ltd,2020-12-21,1,0,0.0,0.0,0,
Tata Digital Private Ltd,2020-12-14,2,0,0.0,0.0,0,
Tata Digital Private Ltd,2020-12-07,1,0,0.0,0.0,0,
Tata Digital Private Ltd,2020-11-30,1,0,0.0,0.0,0,
Tata Digital Private Ltd,2020-11-23,2,0,0.0,0.0,0,
Tata Digital Private Ltd,2020-11-16,1,0,0.0,0.0,0,
Tata Digital Private Ltd,2020-08-10,1,0,0.0,0.0,0,
ET money,2026-05-18,1083,216,28346717.240000002,131234.80203703704,55,6354883.79
Paisa Bazaar,2026-05-18,3536,431,40568342.190000005,94126.0839675174,66,5292746.62
Mobikwik,2026-05-18,3507,326,14676770.01,45020.76690184049,94,3396531.6999999997
Tata Digital Private Ltd,2026-05-18,714,381,34631618.24,90896.63580052493,51,5286244.15
Mobikwik,2024-06-17,1,0,0.0,0.0,0,
Mobikwik,2023-10-23,1,0,0.0,0.0,0,
ET money,2026-05-25,3418,205,25274713.49,123291.28531707317,49,7596894.27
Paisa Bazaar,2026-05-25,2588,375,29964994.49,79906.65197333333,51,4691857.22
Mobikwik,2026-05-25,2306,361,12468189.0,34537.91966759003,83,1947114.9900000002
Tata Digital Private Ltd,2026-05-25,646,480,41703987.51,86883.3073125,35,2701213.5300000003
Tata Digital Private Ltd,2023-12-11,1,0,0.0,0.0,0,
Mobikwik,2024-11-04,1,0,0.0,0.0,0,
Tata Digital Private Ltd,2021-05-03,1,0,0.0,0.0,0,
