user_id,anonymous_id,context_session_id,timestamp
878159,1047491c-e010-45c4-8290-a51380ef7b1a,1781721885042,2026-06-18T00:15:35.264+05:30
1118779,4e57aedc-bbe7-4c10-bbce-e6378282d426,1781721182439,2026-06-18T00:05:52.794+05:30
1859180,dcbb7bc0-af6c-4ba0-964b-48d37f3b4969,1781721741514,2026-06-18T00:14:09.787+05:30
1016818,58c0b372-f723-47b8-90b4-d099965f2d9a,1781721186836,2026-06-18T00:20:46.228+05:30
804309,1c0a93c3-b35d-4268-b7b3-95cd1c5daf92,1781721414072,2026-06-18T00:06:57.671+05:30
1796138,ad5d77be-ac1b-48ec-bec0-c948f8c753e3,1781722305064,2026-06-18T00:27:32.913+05:30
1308526,a9910e48-b896-4fbf-9b4d-7c090951e209,1781722352595,2026-06-18T00:24:40.627+05:30
1120864,b45c55bc-5e0b-44f1-88bd-8e38d433b06b,1781721370179,2026-06-18T00:06:34.839+05:30
887784,f6d7e80b-a2d7-44d4-b9c5-4e480825bf82,1781721569955,2026-06-18T00:12:02.811+05:30
1796138,ad5d77be-ac1b-48ec-bec0-c948f8c753e3,1781722305064,2026-06-18T00:24:02.303+05:30
1955065,200fa5bc-1f68-4190-8516-aa1abd5a9b74,1781721926969,2026-06-18T00:24:01.853+05:30
1088508,40a402e4-bc68-49f4-8cc9-55549ce205f3,1781721957403,2026-06-18T00:18:16.399+05:30
1942491,6cfedbc4-3d57-4f89-b977-02f631a81f32,1781719016195,2026-06-18T00:03:08.945+05:30
1955044,e374f446-667a-49b1-a007-7e610dacb343,1781721122078,2026-06-18T00:03:02.735+05:30
1935784,5800e242-ef8b-469a-ac59-fe8fc31698c8,1781722284515,2026-06-18T00:21:40.222+05:30
368079,b33596c2-7db3-46b8-87de-22a33684e68c,1781721466691,2026-06-18T00:10:16.287+05:30
1955069,f1ca97d6-05ca-4a39-b374-932401fc8953,1781722106288,2026-06-18T00:18:27.872+05:30
,b33596c2-7db3-46b8-87de-22a33684e68c,1781721466691,2026-06-18T00:07:49.412+05:30
1955055,eb765db5-0f91-423d-b6d2-5a76bb1480e4,1781721681234,2026-06-18T00:12:21.135+05:30
81497,a067c0e8-cd8d-4765-ae7a-367181185085,1781722058245,2026-06-18T00:17:52.119+05:30
1176106,819e63b7-2b7f-45c5-b854-a95a360d05d9,1781722685020,2026-06-18T00:29:21.163+05:30
734456,88b049e5-e4e0-4ae5-8b48-7b9cea3e5eaa,1781721122828,2026-06-18T00:02:04.411+05:30
1194072,b4408e8f-cd44-4631-8046-d5359e76d05f,1781722402338,2026-06-18T00:23:24.109+05:30
1916581,a54176f9-7a6a-45d6-bee0-7d9971fa1691,1781722615290,2026-06-18T00:27:22.335+05:30
77370,f276701e-76cb-4c79-9c29-92a31ef53965,1781721822169,2026-06-18T00:16:30.034+05:30
1948967,d92d46b4-6239-4bd7-a7da-9545dc43ec88,1781722608392,2026-06-18T00:27:36.144+05:30
1163836,0381ffc3-6041-44b9-b9b0-562856ab0bb3,1781720991990,2026-06-18T00:02:40.663+05:30
1016818,58c0b372-f723-47b8-90b4-d099965f2d9a,1781721186836,2026-06-18T00:03:29.405+05:30
1844448,6be6ded4-acc7-4b80-8aab-8fe2a2a65102,1781720977589,2026-06-18T00:00:59.228+05:30
1859180,dcbb7bc0-af6c-4ba0-964b-48d37f3b4969,1781721741514,2026-06-18T00:13:27.838+05:30
1927060,b8cb6c5f-d76e-445f-a6e1-7e8dfb665382,1781719831449,2026-06-18T00:22:19.857+05:30
1955054,da67e408-717e-4160-91bb-14339dab0a7c,1781721514467,2026-06-18T00:10:37.672+05:30
1090129,fae433a5-70a2-40be-97d7-3a25844131ea,1781721826056,2026-06-18T00:14:00.356+05:30
1632282,0cbc359d-774c-40e1-bed2-7609f5fb68c8,1781722746331,2026-06-18T00:29:32.738+05:30
1955080,18adf1c2-2437-425e-a666-993729b8c324,1781722494378,2026-06-18T00:26:02.48+05:30
1120649,7466658b-85af-4455-826b-5220877420e1,1781719982623,2026-06-18T00:12:31.895+05:30
1955055,eb765db5-0f91-423d-b6d2-5a76bb1480e4,1781721681234,2026-06-18T00:17:54.653+05:30
690973,29f80870-0ef6-42ac-a2f2-a391176c8d24,1781721501167,2026-06-18T00:08:30.556+05:30
1796138,ad5d77be-ac1b-48ec-bec0-c948f8c753e3,1781722305064,2026-06-18T00:23:39.905+05:30
1955080,18adf1c2-2437-425e-a666-993729b8c324,1781722494378,2026-06-18T00:27:01.325+05:30
971664,01fab373-49d8-48d6-ae61-960d7714ec7f,1781722018341,2026-06-18T00:27:38.566+05:30
489387,00fc58c4-342b-4af5-9689-31727eca6245,1781720863923,2026-06-18T00:06:55.727+05:30
1384302,809ec3dd-8426-43b1-9a0d-7ed0f96af21d,1781722569210,2026-06-18T00:26:56.981+05:30
1796138,ad5d77be-ac1b-48ec-bec0-c948f8c753e3,1781722305064,2026-06-18T00:26:25.744+05:30
1953604,aa892031-feb6-4789-a7c4-07178c5b57e1,1781720793751,2026-06-18T00:03:21.66+05:30
1942491,6cfedbc4-3d57-4f89-b977-02f631a81f32,1781719016195,2026-06-18T00:03:08.945+05:30
1120649,7466658b-85af-4455-826b-5220877420e1,1781719982623,2026-06-18T00:11:00.93+05:30
1955051,3edcd962-23fd-4551-91ba-c42d4eed7527,1781721537532,2026-06-18T00:17:12.189+05:30
55874,d4248898-85a2-4790-9261-0f5e504fb078,1781722425117,2026-06-18T00:23:56.214+05:30
504364,e645fd4b-6cef-40ac-974a-b7407211de3e,1781721549645,2026-06-18T00:10:40.023+05:30
1953604,aa892031-feb6-4789-a7c4-07178c5b57e1,1781720793751,2026-06-18T00:04:15.957+05:30
1654763,2b3154f3-6c60-4201-9e86-cefd008391c1,1781721116958,2026-06-18T00:02:10.792+05:30
1070684,a1418f76-6fc4-406e-9397-d09bc9dff0c4,1781721737567,2026-06-18T00:13:19.718+05:30
1948967,d92d46b4-6239-4bd7-a7da-9545dc43ec88,1781722608392,2026-06-18T00:26:50.262+05:30
504364,e645fd4b-6cef-40ac-974a-b7407211de3e,1781721549645,2026-06-18T00:09:12.538+05:30
504364,e645fd4b-6cef-40ac-974a-b7407211de3e,1781721549645,2026-06-18T00:14:03.7+05:30
1947387,5710e86e-ef1f-4157-a793-cdd735543c3a,1781722193318,2026-06-18T00:22:11.094+05:30
1955051,3edcd962-23fd-4551-91ba-c42d4eed7527,1781721537532,2026-06-18T00:13:18.567+05:30
643461,503cefc0-205c-4dbb-8ed3-1beae0bfe8ea,1781721831463,2026-06-18T00:27:55.033+05:30
202132,0d7799f2-3873-4ab8-9ad2-7d4ce7849624,1781721532044,2026-06-18T00:08:53.645+05:30
1942491,6cfedbc4-3d57-4f89-b977-02f631a81f32,1781719016195,2026-06-18T00:22:41.074+05:30
1176106,819e63b7-2b7f-45c5-b854-a95a360d05d9,1781722685020,2026-06-18T00:29:06.672+05:30
1496604,5ba9564e-0f0a-49fa-8100-ae36361d9601,1781720505182,2026-06-18T00:05:57.2+05:30
769544,549c8c5a-e756-4d14-8dc7-f58902e69fa9,1781721306526,2026-06-18T00:05:08.205+05:30
1499278,383c1eb5-7266-453f-bb87-a148c5fffeee,1781721449657,2026-06-18T00:07:32.047+05:30
1830484,1e54607a-407f-426d-8326-a79e671317c4,1781721899605,2026-06-18T00:15:00.249+05:30
971664,01fab373-49d8-48d6-ae61-960d7714ec7f,1781722018341,2026-06-18T00:19:20.184+05:30
734456,88b049e5-e4e0-4ae5-8b48-7b9cea3e5eaa,1781721122828,2026-06-18T00:02:48.389+05:30
1955051,3edcd962-23fd-4551-91ba-c42d4eed7527,1781721537532,2026-06-18T00:09:29.66+05:30
1670749,77357bae-430d-473e-8c80-5059102752b7,1781721964444,2026-06-18T00:16:08.283+05:30
1955051,3edcd962-23fd-4551-91ba-c42d4eed7527,1781721537532,2026-06-18T00:25:47.036+05:30
1593473,56d88763-401b-4da3-ae1f-70119320dfba,1781721261751,2026-06-18T00:04:54.734+05:30
1626646,9594ff83-09d8-470e-bebc-0cdf64738ac0,1781722110319,2026-06-18T00:18:46.185+05:30
1955051,3edcd962-23fd-4551-91ba-c42d4eed7527,1781721537532,2026-06-18T00:19:05.418+05:30
1955046,b73b060c-7160-4be9-b412-1da05139de53,1781721261173,2026-06-18T00:04:51.679+05:30
1780480,1fbfdf45-3602-40b5-a082-f85780b7f042,1781721452209,2026-06-18T00:07:40.866+05:30
504364,e645fd4b-6cef-40ac-974a-b7407211de3e,1781721549645,2026-06-18T00:12:01.329+05:30
55874,d4248898-85a2-4790-9261-0f5e504fb078,1781722425117,2026-06-18T00:26:00.082+05:30
,200fa5bc-1f68-4190-8516-aa1abd5a9b74,1781721926969,2026-06-18T00:15:28.83+05:30
1016818,58c0b372-f723-47b8-90b4-d099965f2d9a,1781721186836,2026-06-18T00:28:09.559+05:30
1797742,7e91b0e5-fa88-4901-bd29-c93ed25f9f2b,1781721225879,2026-06-18T00:07:25.092+05:30
202132,0d7799f2-3873-4ab8-9ad2-7d4ce7849624,1781721532044,2026-06-18T00:12:45.871+05:30
1830484,1e54607a-407f-426d-8326-a79e671317c4,1781721899605,2026-06-18T00:15:53.59+05:30
1780480,1fbfdf45-3602-40b5-a082-f85780b7f042,1781721452209,2026-06-18T00:08:18.471+05:30
1955064,de9135c9-c7c5-4aa1-a875-47849391f456,,2026-06-18T00:19:15.618+05:30
1124778,942cc0d0-9bc8-45b3-acb4-5c2a2c930cb3,1781722415153,2026-06-18T00:24:17.988+05:30
1202019,cf30cb35-8da8-4d98-aa72-723a38d3ca71,1781722199881,2026-06-18T00:20:05.201+05:30
1088508,40a402e4-bc68-49f4-8cc9-55549ce205f3,1781721957403,2026-06-18T00:18:00.107+05:30
1955051,3edcd962-23fd-4551-91ba-c42d4eed7527,1781721537532,2026-06-18T00:11:00.944+05:30
1954977,424fe9ca-8611-4778-946a-445c5e0f5c67,1781718430373,2026-06-18T00:07:08.341+05:30
971664,01fab373-49d8-48d6-ae61-960d7714ec7f,1781722018341,2026-06-18T00:19:39.485+05:30
1924519,190e2959-9b93-4f74-90c4-6527922ea726,1781720651142,2026-06-18T00:01:39.099+05:30
1955044,e374f446-667a-49b1-a007-7e610dacb343,1781721122078,2026-06-18T00:03:59.93+05:30
1291833,662c842c-4ab4-4418-a8e0-9393c08a4a47,1781722328226,2026-06-18T00:22:16.372+05:30
77370,f276701e-76cb-4c79-9c29-92a31ef53965,1781721822169,2026-06-18T00:13:43.84+05:30
556524,980de8a6-0483-42be-aa87-8dd791d660bf,1781722108576,2026-06-18T00:21:53.898+05:30
1120649,7466658b-85af-4455-826b-5220877420e1,1781719982623,2026-06-18T00:13:19.071+05:30
368079,b33596c2-7db3-46b8-87de-22a33684e68c,1781721466691,2026-06-18T00:10:36.239+05:30
1636733,48343c6c-0f06-4bd8-9a8a-012a016d3275,1781721503984,2026-06-18T00:08:53.428+05:30
928170,3b492624-265d-4cec-9be8-92d19d7032f7,1781721327128,2026-06-18T00:05:40.057+05:30
878159,1047491c-e010-45c4-8290-a51380ef7b1a,1781721885042,2026-06-18T00:14:55.372+05:30
1796138,ad5d77be-ac1b-48ec-bec0-c948f8c753e3,1781722305064,2026-06-18T00:26:54.532+05:30
718921,805a42d0-13db-424a-9afc-24a5561ee8d8,1781722177397,2026-06-18T00:19:49.358+05:30
1900386,95951b4f-1d3b-4d01-bdaa-a940540a4762,1781722519239,2026-06-18T00:25:23.512+05:30
1955051,3edcd962-23fd-4551-91ba-c42d4eed7527,1781721537532,2026-06-18T00:16:17.238+05:30
,18adf1c2-2437-425e-a666-993729b8c324,1781722494378,2026-06-18T00:24:55.112+05:30
1955064,13e350be-38a4-4f85-9df4-8c79835de702,1781721894965,2026-06-18T00:16:09.495+05:30
368079,b33596c2-7db3-46b8-87de-22a33684e68c,1781721466691,2026-06-18T00:10:05.896+05:30
1859180,dcbb7bc0-af6c-4ba0-964b-48d37f3b4969,1781721741514,2026-06-18T00:13:53.05+05:30
718921,805a42d0-13db-424a-9afc-24a5561ee8d8,1781722177397,2026-06-18T00:19:39.922+05:30
1955051,3edcd962-23fd-4551-91ba-c42d4eed7527,1781721537532,2026-06-18T00:25:55.168+05:30
1088508,40a402e4-bc68-49f4-8cc9-55549ce205f3,1781721957403,2026-06-18T00:18:10.307+05:30
504364,e645fd4b-6cef-40ac-974a-b7407211de3e,1781721549645,2026-06-18T00:11:21.094+05:30
1955055,eb765db5-0f91-423d-b6d2-5a76bb1480e4,1781721681234,2026-06-18T00:11:26.885+05:30
1955057,a721ddc1-13f6-4029-85f4-88ff2d64bd8c,1781721696327,2026-06-18T00:11:40.051+05:30
1955055,eb765db5-0f91-423d-b6d2-5a76bb1480e4,1781721681234,2026-06-18T00:13:11.103+05:30
23857,5d74f09e-b2b1-477a-af03-92c46c5d51d1,1781722377138,2026-06-18T00:26:35.608+05:30
1953604,aa892031-feb6-4789-a7c4-07178c5b57e1,1781720793751,2026-06-18T00:03:52.814+05:30
1955058,1d04d36d-13aa-4985-a915-088a6924bb80,1781721612691,2026-06-18T00:20:54.397+05:30
1115485,347a4804-e5e1-4664-b8bb-fae8e13242fa,1781721711057,2026-06-18T00:12:25.753+05:30
1796138,ad5d77be-ac1b-48ec-bec0-c948f8c753e3,1781722305064,2026-06-18T00:25:18.412+05:30
77370,f276701e-76cb-4c79-9c29-92a31ef53965,1781721822169,2026-06-18T00:13:43.573+05:30
1927060,b8cb6c5f-d76e-445f-a6e1-7e8dfb665382,1781719831449,2026-06-18T00:16:33.764+05:30
1955080,18adf1c2-2437-425e-a666-993729b8c324,1781722494378,2026-06-18T00:24:55.379+05:30
1955058,1d04d36d-13aa-4985-a915-088a6924bb80,1781721612691,2026-06-18T00:17:08.775+05:30
1947387,5710e86e-ef1f-4157-a793-cdd735543c3a,1781722193318,2026-06-18T00:20:11.053+05:30
1955057,a721ddc1-13f6-4029-85f4-88ff2d64bd8c,1781721696327,2026-06-18T00:11:40.05+05:30
643461,503cefc0-205c-4dbb-8ed3-1beae0bfe8ea,1781721831463,2026-06-18T00:16:05.684+05:30
1076497,019dcb80-a84b-42d8-812c-b4c61e009173,1781722133616,2026-06-18T00:25:31.745+05:30
1955046,b73b060c-7160-4be9-b412-1da05139de53,1781721261173,2026-06-18T00:05:17.787+05:30
1897677,bd4daeca-9c81-43ce-8a29-442df9b2942e,1781721381101,2026-06-18T00:06:26.832+05:30
81497,a067c0e8-cd8d-4765-ae7a-367181185085,1781722058245,2026-06-18T00:18:02.943+05:30
734456,88b049e5-e4e0-4ae5-8b48-7b9cea3e5eaa,1781721122828,2026-06-18T00:02:04.414+05:30
1955065,200fa5bc-1f68-4190-8516-aa1abd5a9b74,1781721926969,2026-06-18T00:27:44.483+05:30
1016818,58c0b372-f723-47b8-90b4-d099965f2d9a,1781721186836,2026-06-18T00:17:47.152+05:30
1090129,fae433a5-70a2-40be-97d7-3a25844131ea,1781721826056,2026-06-18T00:14:25.059+05:30
1930258,6cffc02c-b914-4e96-aff9-9523db822fcb,1781721697526,2026-06-18T00:13:02.268+05:30
1955051,3edcd962-23fd-4551-91ba-c42d4eed7527,1781721537532,2026-06-18T00:19:36.189+05:30
1076497,019dcb80-a84b-42d8-812c-b4c61e009173,1781722133616,2026-06-18T00:19:58.07+05:30
1090129,fae433a5-70a2-40be-97d7-3a25844131ea,1781721826056,2026-06-18T00:13:47.753+05:30
1016818,58c0b372-f723-47b8-90b4-d099965f2d9a,1781721186836,2026-06-18T00:26:13.373+05:30
1955051,3edcd962-23fd-4551-91ba-c42d4eed7527,1781721537532,2026-06-18T00:18:26.615+05:30
1670749,77357bae-430d-473e-8c80-5059102752b7,1781721964444,2026-06-18T00:17:20.309+05:30
1955055,eb765db5-0f91-423d-b6d2-5a76bb1480e4,1781721681234,2026-06-18T00:13:55.428+05:30
613609,0f599697-3605-4ea5-88f0-b4886dd13d9f,1781721287427,2026-06-18T00:04:48.725+05:30
887784,f6d7e80b-a2d7-44d4-b9c5-4e480825bf82,1781721569955,2026-06-18T00:10:52.103+05:30
1076497,019dcb80-a84b-42d8-812c-b4c61e009173,1781722133616,2026-06-18T00:22:51.393+05:30
1944520,c93129d7-8510-46e1-9570-465efa039821,1781720420849,2026-06-18T00:03:05.49+05:30
1955056,1e416d6e-0e59-45d6-b3c2-111762839eab,1781721611246,2026-06-18T00:20:57.001+05:30
643461,503cefc0-205c-4dbb-8ed3-1beae0bfe8ea,1781721831463,2026-06-18T00:26:25.219+05:30
1948967,d92d46b4-6239-4bd7-a7da-9545dc43ec88,1781722608392,2026-06-18T00:26:50.255+05:30
1797742,7e91b0e5-fa88-4901-bd29-c93ed25f9f2b,1781721225879,2026-06-18T00:08:00.433+05:30
1927060,b8cb6c5f-d76e-445f-a6e1-7e8dfb665382,1781719831449,2026-06-18T00:26:50.354+05:30
1124778,942cc0d0-9bc8-45b3-acb4-5c2a2c930cb3,1781722415153,2026-06-18T00:23:55.856+05:30
1308526,a9910e48-b896-4fbf-9b4d-7c090951e209,1781722352595,2026-06-18T00:23:31.124+05:30
1900386,95951b4f-1d3b-4d01-bdaa-a940540a4762,1781722519239,2026-06-18T00:25:30.691+05:30
643461,503cefc0-205c-4dbb-8ed3-1beae0bfe8ea,1781721831463,2026-06-18T00:27:27.718+05:30
202132,0d7799f2-3873-4ab8-9ad2-7d4ce7849624,1781721532044,2026-06-18T00:12:29.404+05:30
1944520,c93129d7-8510-46e1-9570-465efa039821,1781720420849,2026-06-18T00:02:38.23+05:30
1955054,da67e408-717e-4160-91bb-14339dab0a7c,1781721514467,2026-06-18T00:13:54.165+05:30
1955065,200fa5bc-1f68-4190-8516-aa1abd5a9b74,1781721926969,2026-06-18T00:15:28.83+05:30
1118779,4e57aedc-bbe7-4c10-bbce-e6378282d426,1781721182439,2026-06-18T00:04:28.195+05:30
55874,d4248898-85a2-4790-9261-0f5e504fb078,1781722425117,2026-06-18T00:24:24.542+05:30
1062991,9ec3b26e-4956-4b94-bc34-422b3b2758fb,1781721754875,2026-06-18T00:13:41.116+05:30
971664,01fab373-49d8-48d6-ae61-960d7714ec7f,1781722018341,2026-06-18T00:20:16.733+05:30
1955054,da67e408-717e-4160-91bb-14339dab0a7c,1781721514467,2026-06-18T00:10:37.979+05:30
1593473,56d88763-401b-4da3-ae1f-70119320dfba,1781721261751,2026-06-18T00:05:21.676+05:30
489387,00fc58c4-342b-4af5-9689-31727eca6245,1781720863923,2026-06-18T00:06:55.742+05:30
55874,d4248898-85a2-4790-9261-0f5e504fb078,1781722425117,2026-06-18T00:23:56.479+05:30
1943087,4f4a0d4e-58c4-4f23-9e3d-9e9dfe4e5b0a,1781721376939,2026-06-18T00:06:26.044+05:30
1076497,019dcb80-a84b-42d8-812c-b4c61e009173,1781722133616,2026-06-18T00:21:55.421+05:30
202132,0d7799f2-3873-4ab8-9ad2-7d4ce7849624,1781721532044,2026-06-18T00:10:30.114+05:30
1955058,1d04d36d-13aa-4985-a915-088a6924bb80,1781721612691,2026-06-18T00:20:54.717+05:30
1115485,347a4804-e5e1-4664-b8bb-fae8e13242fa,1781721711057,2026-06-18T00:12:21.725+05:30
1955055,eb765db5-0f91-423d-b6d2-5a76bb1480e4,1781721681234,2026-06-18T00:24:45.392+05:30
1356788,b791abaf-8461-4197-b90b-be7126121ff4,1781721232085,2026-06-18T00:05:09.154+05:30
504364,e645fd4b-6cef-40ac-974a-b7407211de3e,1781721549645,2026-06-18T00:10:55.814+05:30
1927060,b8cb6c5f-d76e-445f-a6e1-7e8dfb665382,1781719831449,2026-06-18T00:26:32.938+05:30
643461,503cefc0-205c-4dbb-8ed3-1beae0bfe8ea,1781721831463,2026-06-18T00:14:00.84+05:30
368079,b33596c2-7db3-46b8-87de-22a33684e68c,1781721466691,2026-06-18T00:08:18.472+05:30
504364,e645fd4b-6cef-40ac-974a-b7407211de3e,1781721549645,2026-06-18T00:12:09.704+05:30
1900386,95951b4f-1d3b-4d01-bdaa-a940540a4762,1781722519239,2026-06-18T00:25:19.711+05:30
67687,963e5914-a015-48a8-bccf-f80b28e6116b,1781721896830,2026-06-18T00:15:05.724+05:30
23857,5d74f09e-b2b1-477a-af03-92c46c5d51d1,1781722377138,2026-06-18T00:26:35.844+05:30
1115485,347a4804-e5e1-4664-b8bb-fae8e13242fa,1781721711057,2026-06-18T00:11:52.74+05:30
1955055,eb765db5-0f91-423d-b6d2-5a76bb1480e4,1781721681234,2026-06-18T00:13:46.517+05:30
67687,963e5914-a015-48a8-bccf-f80b28e6116b,1781721896830,2026-06-18T00:14:56.041+05:30
1202019,cf30cb35-8da8-4d98-aa72-723a38d3ca71,1781722199881,2026-06-18T00:20:05.468+05:30
55874,d4248898-85a2-4790-9261-0f5e504fb078,1781722425117,2026-06-18T00:27:11.646+05:30
1955054,da67e408-717e-4160-91bb-14339dab0a7c,1781721514467,2026-06-18T00:11:41.62+05:30
67687,963e5914-a015-48a8-bccf-f80b28e6116b,1781721896830,2026-06-18T00:13:15.183+05:30
1120649,7466658b-85af-4455-826b-5220877420e1,1781719982623,2026-06-18T00:02:41.42+05:30
1955063,8194c971-e387-4d59-b462-f4743eafdf68,1781721921767,2026-06-18T00:16:03.805+05:30
1194072,b4408e8f-cd44-4631-8046-d5359e76d05f,1781722402338,2026-06-18T00:23:24.31+05:30
1090129,fae433a5-70a2-40be-97d7-3a25844131ea,1781721826056,2026-06-18T00:13:47.757+05:30
1078364,7ff9a4bd-b17f-417f-bb53-0f6f18796cab,1781722374066,2026-06-18T00:22:59.859+05:30
643461,503cefc0-205c-4dbb-8ed3-1beae0bfe8ea,1781721831463,2026-06-18T00:26:44.755+05:30
1654763,2b3154f3-6c60-4201-9e86-cefd008391c1,1781721116958,2026-06-18T00:03:03.18+05:30
804309,1c0a93c3-b35d-4268-b7b3-95cd1c5daf92,1781721414072,2026-06-18T00:06:57.669+05:30
1955054,da67e408-717e-4160-91bb-14339dab0a7c,1781721514467,2026-06-18T00:14:01.175+05:30
1636733,48343c6c-0f06-4bd8-9a8a-012a016d3275,1781721503984,2026-06-18T00:10:22.423+05:30
1955080,18adf1c2-2437-425e-a666-993729b8c324,1781722494378,2026-06-18T00:25:44.042+05:30
1948967,d92d46b4-6239-4bd7-a7da-9545dc43ec88,1781722608392,2026-06-18T00:29:01.606+05:30
1356788,b791abaf-8461-4197-b90b-be7126121ff4,1781721232085,2026-06-18T00:03:58.284+05:30
23857,5d74f09e-b2b1-477a-af03-92c46c5d51d1,1781722377138,2026-06-18T00:24:40.21+05:30
1955055,eb765db5-0f91-423d-b6d2-5a76bb1480e4,1781721681234,2026-06-18T00:26:40.808+05:30
1181863,0ca19cd8-db7e-4576-8ecc-47146b736f37,1781721145824,2026-06-18T00:03:56.509+05:30
1859180,dcbb7bc0-af6c-4ba0-964b-48d37f3b4969,1781721741514,2026-06-18T00:12:24.901+05:30
971664,01fab373-49d8-48d6-ae61-960d7714ec7f,1781722018341,2026-06-18T00:20:48.668+05:30
1947387,5710e86e-ef1f-4157-a793-cdd735543c3a,1781722193318,2026-06-18T00:21:03.324+05:30
1955073,30ccc1e9-1149-4443-b418-845de050c04c,1781722178980,2026-06-18T00:20:34.908+05:30
901596,07cbd603-969b-4fea-b988-e6bccca9171b,1781721258401,2026-06-18T00:09:14.06+05:30
1924519,190e2959-9b93-4f74-90c4-6527922ea726,1781720651142,2026-06-18T00:00:00.696+05:30
202132,0d7799f2-3873-4ab8-9ad2-7d4ce7849624,1781721532044,2026-06-18T00:08:53.652+05:30
1955063,8194c971-e387-4d59-b462-f4743eafdf68,1781721921767,2026-06-18T00:19:12.36+05:30
1955080,18adf1c2-2437-425e-a666-993729b8c324,1781722494378,2026-06-18T00:26:15.665+05:30
1070684,a1418f76-6fc4-406e-9397-d09bc9dff0c4,1781721737567,2026-06-18T00:13:44.886+05:30
1955051,3edcd962-23fd-4551-91ba-c42d4eed7527,1781721537532,2026-06-18T00:11:59.709+05:30
1496604,5ba9564e-0f0a-49fa-8100-ae36361d9601,1781720505182,2026-06-18T00:07:26.293+05:30
1016818,58c0b372-f723-47b8-90b4-d099965f2d9a,1781721186836,2026-06-18T00:14:13.359+05:30
1797742,7e91b0e5-fa88-4901-bd29-c93ed25f9f2b,1781721225879,2026-06-18T00:05:32.632+05:30
,f1ca97d6-05ca-4a39-b374-932401fc8953,1781722106288,2026-06-18T00:18:27.587+05:30
1900386,95951b4f-1d3b-4d01-bdaa-a940540a4762,1781722519239,2026-06-18T00:25:19.707+05:30
1796138,ad5d77be-ac1b-48ec-bec0-c948f8c753e3,1781722305064,2026-06-18T00:23:52.63+05:30
933267,7a3ce060-141b-47f2-8f94-06941bf2b0a9,1781721474862,2026-06-18T00:13:29.217+05:30
77370,f276701e-76cb-4c79-9c29-92a31ef53965,1781721822169,2026-06-18T00:16:30.038+05:30
1357957,2fb1c4b4-9a0a-4736-9f72-087f87310719,1781720289106,2026-06-18T00:06:48.767+05:30
1955051,3edcd962-23fd-4551-91ba-c42d4eed7527,1781721537532,2026-06-18T00:14:32.3+05:30
1670749,77357bae-430d-473e-8c80-5059102752b7,1781721964444,2026-06-18T00:16:40.889+05:30
1016818,58c0b372-f723-47b8-90b4-d099965f2d9a,1781721186836,2026-06-18T00:04:04.976+05:30
1626646,9594ff83-09d8-470e-bebc-0cdf64738ac0,1781722110319,2026-06-18T00:18:45.926+05:30
1090129,fae433a5-70a2-40be-97d7-3a25844131ea,1781721826056,2026-06-18T00:14:05.287+05:30
1955051,3edcd962-23fd-4551-91ba-c42d4eed7527,1781721537532,2026-06-18T00:15:48.46+05:30
1850224,c142eab0-c8cf-40e7-aeb3-3dafc9bd974e,1781722701140,2026-06-18T00:29:08.125+05:30
1163836,0381ffc3-6041-44b9-b9b0-562856ab0bb3,1781720991990,2026-06-18T00:00:01.848+05:30
1078364,7ff9a4bd-b17f-417f-bb53-0f6f18796cab,1781722374066,2026-06-18T00:22:59.665+05:30
1181863,8fcdd5a1-56fc-4d34-be08-468acd150354,1781721253355,2026-06-18T00:05:07.77+05:30
1955063,8194c971-e387-4d59-b462-f4743eafdf68,1781721921767,2026-06-18T00:16:29.148+05:30
1176106,819e63b7-2b7f-45c5-b854-a95a360d05d9,1781722685020,2026-06-18T00:28:33.743+05:30
489387,00fc58c4-342b-4af5-9689-31727eca6245,1781720863923,2026-06-18T00:06:36.174+05:30
1924519,190e2959-9b93-4f74-90c4-6527922ea726,1781720651142,2026-06-18T00:00:08.779+05:30
1947387,5710e86e-ef1f-4157-a793-cdd735543c3a,1781722193318,2026-06-18T00:20:10.783+05:30
1955051,3edcd962-23fd-4551-91ba-c42d4eed7527,1781721537532,2026-06-18T00:19:58.22+05:30
368079,b33596c2-7db3-46b8-87de-22a33684e68c,1781721466691,2026-06-18T00:07:49.437+05:30
1955054,da67e408-717e-4160-91bb-14339dab0a7c,1781721514467,2026-06-18T00:11:16.154+05:30
1953604,aa892031-feb6-4789-a7c4-07178c5b57e1,1781720793751,2026-06-18T00:02:32.406+05:30
971664,01fab373-49d8-48d6-ae61-960d7714ec7f,1781722018341,2026-06-18T00:21:39.565+05:30
1280396,cc278c9d-d37b-4293-b45b-e6f121c264ba,,2026-06-18T00:10:53.903+05:30
