user_id,timestamp,asset_id,product_category
1034142,2026-07-23T03:15:12.949+05:30,2622,Corporate Bonds
2018807,2026-07-23T17:59:04.827+05:30,1239,High Yield FDs
1023445,2026-07-23T13:16:12.401+05:30,2800,Securitized Debt Instruments
1880343,2026-07-23T07:47:28.68+05:30,2770,Corporate Bonds
1187840,2026-07-23T10:33:03.098+05:30,2773,Corporate Bonds
260615,2026-07-23T12:27:37.776+05:30,2764,Corporate Bonds
1155702,2026-07-23T18:14:29.393+05:30,2733,Corporate Bonds
2039956,2026-07-23T15:20:53.673+05:30,2268,Corporate Bonds
1926339,2026-07-23T13:32:11.768+05:30,2770,Corporate Bonds
489115,2026-07-23T12:01:47.795+05:30,2268,Corporate Bonds
2031039,2026-07-23T17:07:18.311+05:30,2771,Corporate Bonds
1279818,2026-07-23T18:05:23.344+05:30,2620,Corporate Bonds
514220,2026-07-23T18:29:51.988+05:30,2771,Corporate Bonds
2004338,2026-07-23T20:03:46.394+05:30,2268,Corporate Bonds
1158027,2026-07-23T20:13:54.041+05:30,2802,Securitized Debt Instruments
1937338,2026-07-23T12:13:07.837+05:30,2771,Corporate Bonds
2039891,2026-07-23T14:54:49.351+05:30,2771,Corporate Bonds
2011722,2026-07-23T12:26:24.762+05:30,2770,Corporate Bonds
1792413,2026-07-23T14:00:18.923+05:30,2712,Corporate Bonds
966832,2026-07-23T21:18:29.061+05:30,2767,Corporate Bonds
1578401,2026-07-23T17:16:22.79+05:30,2751,Corporate Bonds
1287328,2026-07-23T09:34:17.809+05:30,2775,Corporate Bonds
772747,2026-07-23T08:52:55.51+05:30,2805,Corporate Bonds
1884342,2026-07-23T05:50:00.512+05:30,2770,Corporate Bonds
1865389,2026-07-23T01:32:43.253+05:30,2704,Corporate Bonds
1498887,2026-07-23T08:03:47.329+05:30,2767,Corporate Bonds
114037,2026-07-23T17:25:41.603+05:30,2802,Securitized Debt Instruments
1028184,2026-07-23T11:24:28.429+05:30,2778,Corporate Bonds
1300410,2026-07-23T11:37:11.198+05:30,2574,Corporate Bonds
1973126,2026-07-23T16:48:35.756+05:30,2768,Corporate Bonds
742789,2026-07-23T06:44:55.668+05:30,2792,Corporate Bonds
1396226,2026-07-23T11:03:08.041+05:30,2770,Corporate Bonds
1833274,2026-07-23T06:50:03.851+05:30,1217,Corporate Bonds
1122149,2026-07-23T00:21:05.581+05:30,1239,High Yield FDs
147618,2026-07-23T13:51:03.563+05:30,2794,Corporate Bonds
2039844,2026-07-23T14:30:44.426+05:30,2325,Corporate Bonds
1578401,2026-07-23T17:16:34.418+05:30,2751,Corporate Bonds
2040081,2026-07-23T16:34:58.294+05:30,2703,Corporate Bonds
2040596,2026-07-23T21:19:19.516+05:30,2782,Corporate Bonds
1158027,2026-07-23T20:02:47.545+05:30,2802,Securitized Debt Instruments
10029,2026-07-23T22:58:30.379+05:30,2806,Corporate Bonds
573569,2026-07-23T11:11:05.398+05:30,2778,Corporate Bonds
1867156,2026-07-23T15:47:48.391+05:30,2644,Securitized Debt Instruments
1034142,2026-07-23T03:04:04.168+05:30,2771,Corporate Bonds
164374,2026-07-23T16:57:00.881+05:30,2745,Corporate Bonds
708369,2026-07-23T18:56:38.888+05:30,1095,High Yield FDs
244384,2026-07-23T15:11:50.418+05:30,1239,High Yield FDs
586757,2026-07-23T12:56:57.85+05:30,2802,Securitized Debt Instruments
1578401,2026-07-23T17:16:31.072+05:30,2751,Corporate Bonds
1984917,2026-07-23T22:38:25.105+05:30,2767,Corporate Bonds
2039844,2026-07-23T14:29:26.495+05:30,2325,Corporate Bonds
1539995,2026-07-23T23:38:14.976+05:30,2407,Corporate Bonds
742806,2026-07-23T17:21:41.028+05:30,2770,Corporate Bonds
1685651,2026-07-23T18:36:21.733+05:30,2771,Corporate Bonds
1347821,2026-07-23T16:03:40.435+05:30,2778,Corporate Bonds
1662572,2026-07-23T09:18:26.492+05:30,2644,Securitized Debt Instruments
1868546,2026-07-23T20:21:58.615+05:30,2751,Corporate Bonds
952329,2026-07-23T02:58:42.144+05:30,2805,Corporate Bonds
2018807,2026-07-23T18:01:33.629+05:30,1292,High Yield FDs
1662572,2026-07-23T09:20:06.251+05:30,2794,Corporate Bonds
2034208,2026-07-23T09:38:58.01+05:30,2781,Corporate Bonds
1507945,2026-07-23T08:18:25.04+05:30,2644,Securitized Debt Instruments
838824,2026-07-23T21:49:02.683+05:30,2770,Corporate Bonds
1339176,2026-07-23T13:05:40.236+05:30,2805,Corporate Bonds
1790825,2026-07-23T19:12:45.317+05:30,2778,Corporate Bonds
1155702,2026-07-23T19:18:54.554+05:30,2733,Corporate Bonds
1383957,2026-07-23T16:57:12.555+05:30,2778,Corporate Bonds
1729783,2026-07-23T18:39:25.565+05:30,2771,Corporate Bonds
1182717,2026-07-23T09:38:18.004+05:30,2805,Corporate Bonds
1802612,2026-07-23T02:12:55.823+05:30,2622,Corporate Bonds
1460059,2026-07-23T08:41:59.761+05:30,2704,Corporate Bonds
2001523,2026-07-23T14:51:35.487+05:30,2594,Corporate Bonds
2029854,2026-07-23T19:17:47.674+05:30,2762,Corporate Bonds
2033376,2026-07-23T16:32:33.079+05:30,2745,Corporate Bonds
959116,2026-07-23T16:10:35.873+05:30,2778,Corporate Bonds
1978493,2026-07-23T22:22:20.865+05:30,2407,Corporate Bonds
1978699,2026-07-23T12:41:07.688+05:30,2733,Corporate Bonds
1568383,2026-07-23T15:23:43.98+05:30,2778,Corporate Bonds
2039622,2026-07-23T12:35:32.155+05:30,2268,Corporate Bonds
834340,2026-07-23T12:27:53.347+05:30,2778,Corporate Bonds
1046089,2026-07-23T13:00:53.355+05:30,2770,Corporate Bonds
1578401,2026-07-23T17:16:32.395+05:30,2751,Corporate Bonds
2037369,2026-07-23T10:58:24.199+05:30,2733,Corporate Bonds
1388406,2026-07-23T14:43:26.162+05:30,2751,Corporate Bonds
1437192,2026-07-23T18:22:06.974+05:30,2771,Corporate Bonds
1408374,2026-07-23T11:50:41.086+05:30,2778,Corporate Bonds
289629,2026-07-23T12:28:29.961+05:30,2778,Corporate Bonds
2038391,2026-07-23T08:48:27.761+05:30,2771,Corporate Bonds
500891,2026-07-23T14:20:54.748+05:30,2778,Corporate Bonds
1719644,2026-07-23T16:33:57.374+05:30,2268,Corporate Bonds
1635162,2026-07-23T14:06:25.408+05:30,2770,Corporate Bonds
1719332,2026-07-23T14:29:58.733+05:30,2733,Corporate Bonds
733995,2026-07-23T18:33:07.432+05:30,2781,Corporate Bonds
1015344,2026-07-23T13:04:02.256+05:30,2778,Corporate Bonds
1310872,2026-07-23T17:18:03.7+05:30,2778,Corporate Bonds
1732909,2026-07-23T15:49:49.966+05:30,2799,Corporate Bonds
1354336,2026-07-23T19:59:19.289+05:30,2369,Corporate Bonds
2039971,2026-07-23T15:53:32.579+05:30,2268,Corporate Bonds
1419469,2026-07-23T10:38:58.632+05:30,2638,XCase
2033114,2026-07-23T21:53:47.307+05:30,2794,Corporate Bonds
1874293,2026-07-23T16:38:21.953+05:30,2762,Corporate Bonds
1293321,2026-07-23T17:27:57.372+05:30,2751,Corporate Bonds
1578401,2026-07-23T17:16:35.376+05:30,2751,Corporate Bonds
1288240,2026-07-23T14:04:19.961+05:30,2794,Corporate Bonds
1674159,2026-07-23T21:22:07.801+05:30,2268,Corporate Bonds
930403,2026-07-23T12:49:27.301+05:30,2781,Corporate Bonds
408636,2026-07-23T11:09:13.539+05:30,2778,Corporate Bonds
2039448,2026-07-23T11:02:57.009+05:30,1217,Corporate Bonds
1961079,2026-07-23T15:02:52.523+05:30,2770,Corporate Bonds
1732909,2026-07-23T15:50:23.567+05:30,2806,Corporate Bonds
743235,2026-07-23T17:12:26.404+05:30,2770,Corporate Bonds
2040182,2026-07-23T18:02:39.91+05:30,2805,Corporate Bonds
351771,2026-07-23T17:01:41.426+05:30,2805,Corporate Bonds
1539995,2026-07-23T23:40:27.611+05:30,2407,Corporate Bonds
934079,2026-07-23T12:41:44.965+05:30,2771,Corporate Bonds
1999815,2026-07-23T13:59:38.299+05:30,2751,Corporate Bonds
51225,2026-07-23T18:58:09.845+05:30,1640,Corporate Bonds
1787608,2026-07-23T12:14:55.866+05:30,2703,Corporate Bonds
514220,2026-07-23T18:51:27.501+05:30,2407,Corporate Bonds
2015191,2026-07-23T14:02:06.935+05:30,2794,Corporate Bonds
1373945,2026-07-23T18:53:18.382+05:30,1217,Corporate Bonds
2033114,2026-07-23T21:30:31.495+05:30,2762,Corporate Bonds
1578401,2026-07-23T17:16:36.652+05:30,2751,Corporate Bonds
2039714,2026-07-23T13:06:33.202+05:30,1217,Corporate Bonds
2039205,2026-07-23T08:43:59.469+05:30,2805,Corporate Bonds
2040607,2026-07-23T21:23:49.364+05:30,2771,Corporate Bonds
1553205,2026-07-23T15:35:35.854+05:30,2771,Corporate Bonds
772743,2026-07-23T09:13:01.103+05:30,2778,Corporate Bonds
849890,2026-07-23T23:01:56.653+05:30,2643,Securitized Debt Instruments
1561418,2026-07-23T18:46:03.651+05:30,2792,Corporate Bonds
1790825,2026-07-23T19:20:16.809+05:30,2778,Corporate Bonds
1329593,2026-07-23T17:41:05.307+05:30,2781,Corporate Bonds
867848,2026-07-23T15:41:04.761+05:30,2778,Corporate Bonds
114037,2026-07-23T16:18:34.644+05:30,2802,Securitized Debt Instruments
1493608,2026-07-23T13:45:07.841+05:30,2781,Corporate Bonds
951121,2026-07-23T00:54:50.467+05:30,2643,Securitized Debt Instruments
597316,2026-07-23T09:57:22.301+05:30,2805,Corporate Bonds
1300410,2026-07-23T18:13:16.23+05:30,2797,Corporate Bonds
980767,2026-07-23T05:19:55.801+05:30,2770,Corporate Bonds
1125537,2026-07-23T21:58:36.804+05:30,2713,Corporate Bonds
1732909,2026-07-23T15:47:40.646+05:30,2643,Securitized Debt Instruments
1667107,2026-07-23T13:19:40.651+05:30,2778,Corporate Bonds
292596,2026-07-23T11:13:55.28+05:30,2733,Corporate Bonds
2039311,2026-07-23T11:22:26.495+05:30,2764,Corporate Bonds
1868546,2026-07-23T20:15:47.792+05:30,2407,Corporate Bonds
1880343,2026-07-23T08:34:07.083+05:30,2770,Corporate Bonds
2016645,2026-07-23T16:34:01.374+05:30,2764,Corporate Bonds
1984627,2026-07-23T18:37:21.148+05:30,2388,Corporate Bonds
1084815,2026-07-23T18:02:01.555+05:30,2592,Corporate Bonds
1279482,2026-07-23T00:03:38.322+05:30,2793,Corporate Bonds
1300410,2026-07-23T18:14:05.927+05:30,2797,Corporate Bonds
867848,2026-07-23T15:11:23.36+05:30,2778,Corporate Bonds
1975195,2026-07-23T23:42:47.292+05:30,2778,Corporate Bonds
1979758,2026-07-23T18:34:03.035+05:30,2268,Corporate Bonds
1155702,2026-07-23T19:24:52.161+05:30,2733,Corporate Bonds
1796085,2026-07-23T09:11:10.646+05:30,2778,Corporate Bonds
201508,2026-07-23T09:44:18.636+05:30,2771,Corporate Bonds
621512,2026-07-23T14:05:31.374+05:30,2751,Corporate Bonds
1975195,2026-07-23T23:39:01.023+05:30,2778,Corporate Bonds
2034711,2026-07-23T20:14:55.073+05:30,2751,Corporate Bonds
1574275,2026-07-23T21:53:15.067+05:30,2325,Corporate Bonds
2010801,2026-07-23T12:19:31.448+05:30,2771,Corporate Bonds
500891,2026-07-23T14:21:38.738+05:30,2778,Corporate Bonds
1615920,2026-07-23T17:05:51.209+05:30,2499,Corporate Bonds
1290631,2026-07-23T11:23:46.268+05:30,2499,Corporate Bonds
1578401,2026-07-23T17:16:36.119+05:30,2751,Corporate Bonds
1906152,2026-07-23T01:13:20.277+05:30,2752,Corporate Bonds
1359074,2026-07-23T21:09:18.897+05:30,2747,Corporate Bonds
164374,2026-07-23T16:56:40.837+05:30,2745,Corporate Bonds
2033376,2026-07-23T16:32:30.14+05:30,2745,Corporate Bonds
1847425,2026-07-23T16:10:40.254+05:30,2786,XCase
29712,2026-07-23T14:31:24.179+05:30,2733,Corporate Bonds
1688319,2026-07-23T15:17:22.34+05:30,2781,Corporate Bonds
494222,2026-07-23T16:05:43.802+05:30,2643,Securitized Debt Instruments
2031704,2026-07-23T07:31:40.885+05:30,2774,Corporate Bonds
1144529,2026-07-23T23:44:52.437+05:30,2643,Securitized Debt Instruments
1683417,2026-07-23T14:14:15.444+05:30,2629,Corporate Bonds
1606055,2026-07-23T19:05:14.207+05:30,2407,Corporate Bonds
1995729,2026-07-23T01:49:52.117+05:30,2751,Corporate Bonds
2039702,2026-07-23T13:07:10.052+05:30,2733,Corporate Bonds
1034142,2026-07-23T03:04:14.724+05:30,2771,Corporate Bonds
883638,2026-07-23T13:29:43.878+05:30,2770,Corporate Bonds
1918584,2026-07-23T19:56:01.548+05:30,2770,Corporate Bonds
1160994,2026-07-23T15:26:31.656+05:30,2629,Corporate Bonds
351771,2026-07-23T17:01:23.666+05:30,2805,Corporate Bonds
1416197,2026-07-23T00:02:03.994+05:30,1986,Corporate Bonds
1986809,2026-07-23T21:13:37.78+05:30,2771,Corporate Bonds
2037407,2026-07-23T11:58:17.492+05:30,2771,Corporate Bonds
1574275,2026-07-23T21:44:39.234+05:30,2778,Corporate Bonds
1729783,2026-07-23T18:38:16.818+05:30,2771,Corporate Bonds
2040270,2026-07-23T18:08:57.432+05:30,2499,Corporate Bonds
2012695,2026-07-23T13:57:57.998+05:30,2704,Corporate Bonds
892508,2026-07-23T10:23:18.923+05:30,2638,XCase
1418018,2026-07-23T18:44:00.099+05:30,2768,Corporate Bonds
470051,2026-07-23T12:40:41.184+05:30,1292,High Yield FDs
930055,2026-07-23T21:57:20.308+05:30,2771,Corporate Bonds
1167645,2026-07-23T18:38:39.983+05:30,2751,Corporate Bonds
2040014,2026-07-23T15:52:55.63+05:30,1217,Corporate Bonds
930388,2026-07-23T11:46:03.688+05:30,2594,Corporate Bonds
832293,2026-07-23T23:31:17.705+05:30,2703,Corporate Bonds
1954750,2026-07-23T22:58:38.653+05:30,2770,Corporate Bonds
1785334,2026-07-23T06:10:57.385+05:30,2703,Corporate Bonds
1149774,2026-07-23T13:39:53.854+05:30,2779,Corporate Bonds
1339176,2026-07-23T13:05:21.111+05:30,2026,Corporate Bonds
514220,2026-07-23T18:39:52.805+05:30,2771,Corporate Bonds
960248,2026-07-23T14:44:36.354+05:30,2268,Corporate Bonds
586757,2026-07-23T12:49:51.516+05:30,2802,Securitized Debt Instruments
1972765,2026-07-23T23:01:05.724+05:30,2407,Corporate Bonds
1726692,2026-07-23T07:45:35.211+05:30,2779,Corporate Bonds
1889771,2026-07-23T21:31:21.84+05:30,2407,Corporate Bonds
1034142,2026-07-23T03:09:20.775+05:30,2773,Corporate Bonds
289629,2026-07-23T12:31:00.188+05:30,2644,Securitized Debt Instruments
418494,2026-07-23T12:25:23.409+05:30,2778,Corporate Bonds
1554814,2026-07-23T23:22:41.273+05:30,2407,Corporate Bonds
1620566,2026-07-23T12:14:41.116+05:30,1986,Corporate Bonds
1168073,2026-07-23T09:54:24.001+05:30,2762,Corporate Bonds
1757904,2026-07-23T11:20:38.181+05:30,2794,Corporate Bonds
2037047,2026-07-23T10:23:00.725+05:30,2751,Corporate Bonds
2039232,2026-07-23T09:08:41.762+05:30,2773,Corporate Bonds
1678658,2026-07-23T12:21:41.215+05:30,2775,Corporate Bonds
1753945,2026-07-23T12:12:22.999+05:30,2781,Corporate Bonds
792119,2026-07-23T18:36:59.798+05:30,2771,Corporate Bonds
1000315,2026-07-23T13:28:38.857+05:30,2733,Corporate Bonds
2039491,2026-07-23T13:41:20.66+05:30,2268,Corporate Bonds
2039783,2026-07-23T14:01:44.718+05:30,2644,Securitized Debt Instruments
1155702,2026-07-23T19:34:03.133+05:30,2805,Corporate Bonds
1581537,2026-07-23T10:32:27.715+05:30,2797,Corporate Bonds
1034142,2026-07-23T03:18:49.255+05:30,1239,High Yield FDs
1008932,2026-07-23T18:07:48.145+05:30,2771,Corporate Bonds
842964,2026-07-23T12:50:57.242+05:30,2687,Corporate Bonds
1578401,2026-07-23T17:16:36.475+05:30,2751,Corporate Bonds
1464965,2026-07-23T16:56:21.945+05:30,2767,Corporate Bonds
1888539,2026-07-23T21:54:14.87+05:30,1640,Corporate Bonds
1271910,2026-07-23T05:44:40.048+05:30,2751,Corporate Bonds
953925,2026-07-23T14:54:21.554+05:30,2781,Corporate Bonds
1568383,2026-07-23T15:38:20.049+05:30,2778,Corporate Bonds
2038958,2026-07-23T02:26:14.453+05:30,2771,Corporate Bonds
292596,2026-07-23T11:12:45.034+05:30,2733,Corporate Bonds
622062,2026-07-23T19:06:03.965+05:30,2762,Corporate Bonds
1041284,2026-07-23T20:39:19.199+05:30,2629,Corporate Bonds
1877869,2026-07-23T14:42:09.828+05:30,2751,Corporate Bonds
2034711,2026-07-23T20:36:20.524+05:30,2644,Securitized Debt Instruments
1726692,2026-07-23T07:47:12.602+05:30,2779,Corporate Bonds
597316,2026-07-23T09:54:28.955+05:30,2805,Corporate Bonds
2040745,2026-07-23T22:44:57.59+05:30,2644,Securitized Debt Instruments
723027,2026-07-23T18:30:12.584+05:30,2771,Corporate Bonds
2037269,2026-07-23T12:58:39.206+05:30,2764,Corporate Bonds
2033376,2026-07-23T16:33:28.135+05:30,2745,Corporate Bonds
715100,2026-07-23T17:11:02.527+05:30,2778,Corporate Bonds
1800953,2026-07-23T09:21:30.795+05:30,2769,Corporate Bonds
1128622,2026-07-23T18:04:12.15+05:30,2499,Corporate Bonds
1398272,2026-07-23T10:48:59.584+05:30,2644,Securitized Debt Instruments
423724,2026-07-23T19:13:45.439+05:30,2751,Corporate Bonds
872978,2026-07-23T13:06:48.554+05:30,2793,Corporate Bonds
1888445,2026-07-23T10:11:10.754+05:30,2629,Corporate Bonds
798204,2026-07-23T11:39:48.799+05:30,2620,Corporate Bonds
742789,2026-07-23T20:29:56.031+05:30,2407,Corporate Bonds
1581537,2026-07-23T10:22:43.654+05:30,2797,Corporate Bonds
545891,2026-07-23T12:32:27.487+05:30,2778,Corporate Bonds
2034711,2026-07-23T20:35:03.103+05:30,1640,Corporate Bonds
1547665,2026-07-23T20:12:37.406+05:30,2407,Corporate Bonds
2039448,2026-07-23T11:16:41.284+05:30,2766,Corporate Bonds
1889687,2026-07-23T20:39:08.907+05:30,2794,Corporate Bonds
2039714,2026-07-23T13:06:41.762+05:30,1217,Corporate Bonds
811114,2026-07-23T14:48:13.086+05:30,2778,Corporate Bonds
1906152,2026-07-23T01:09:05.798+05:30,2750,Corporate Bonds
1113681,2026-07-23T14:45:36.587+05:30,2499,Corporate Bonds
2034258,2026-07-23T15:24:01.314+05:30,2771,Corporate Bonds
1884342,2026-07-23T15:32:33.107+05:30,2638,XCase
178662,2026-07-23T13:11:27.936+05:30,2778,Corporate Bonds
2008255,2026-07-23T15:07:57.463+05:30,2751,Corporate Bonds
224356,2026-07-23T15:10:42.284+05:30,2770,Corporate Bonds
1578401,2026-07-23T17:16:36.125+05:30,2751,Corporate Bonds
867848,2026-07-23T15:10:48.41+05:30,2778,Corporate Bonds
1061066,2026-07-23T13:53:10.7+05:30,2797,Corporate Bonds
1279818,2026-07-23T23:38:15.863+05:30,2799,Corporate Bonds
1115790,2026-07-23T11:50:57.224+05:30,2592,Corporate Bonds
1678999,2026-07-23T20:23:45.178+05:30,2778,Corporate Bonds
1611007,2026-07-23T14:43:21.616+05:30,2643,Securitized Debt Instruments
854337,2026-07-23T17:00:41.167+05:30,2778,Corporate Bonds
2016645,2026-07-23T16:31:55.208+05:30,2771,Corporate Bonds
779636,2026-07-23T18:58:57.625+05:30,2778,Corporate Bonds
1731649,2026-07-23T00:15:43.118+05:30,2805,Corporate Bonds
1397054,2026-07-23T18:37:34.709+05:30,2751,Corporate Bonds
1997367,2026-07-23T13:08:13.47+05:30,2704,Corporate Bonds
1172574,2026-07-23T12:38:41.98+05:30,2771,Corporate Bonds
772747,2026-07-23T08:50:16.076+05:30,2794,Corporate Bonds
1964499,2026-07-23T22:02:09.675+05:30,2733,Corporate Bonds
1942594,2026-07-23T16:30:13.357+05:30,2778,Corporate Bonds
1980717,2026-07-23T17:27:04.328+05:30,2770,Corporate Bonds
2038243,2026-07-23T20:09:59.592+05:30,2771,Corporate Bonds
1736989,2026-07-23T01:55:33.175+05:30,2778,Corporate Bonds
930055,2026-07-23T21:57:17.195+05:30,2771,Corporate Bonds
920192,2026-07-23T13:54:23.611+05:30,2769,Corporate Bonds
435798,2026-07-23T16:31:21.778+05:30,2799,Corporate Bonds
1633243,2026-07-23T09:30:44.087+05:30,2770,Corporate Bonds
2040498,2026-07-23T20:20:00.408+05:30,2771,Corporate Bonds
2038927,2026-07-23T01:40:40.544+05:30,2268,Corporate Bonds
2034208,2026-07-23T09:06:56.202+05:30,2594,Corporate Bonds
1934899,2026-07-23T07:15:13.017+05:30,2778,Corporate Bonds
2040764,2026-07-23T22:43:19.568+05:30,2771,Corporate Bonds
1499833,2026-07-23T13:34:50.844+05:30,2764,Corporate Bonds
1151435,2026-07-23T16:02:42.66+05:30,2733,Corporate Bonds
423724,2026-07-23T19:14:29.228+05:30,2751,Corporate Bonds
1157138,2026-07-23T19:27:15.946+05:30,2794,Corporate Bonds
586757,2026-07-23T12:49:43.17+05:30,2802,Securitized Debt Instruments
1079789,2026-07-23T10:07:09.542+05:30,2775,Corporate Bonds
723817,2026-07-23T21:13:26.995+05:30,2407,Corporate Bonds
966739,2026-07-23T13:05:47.986+05:30,2325,Corporate Bonds
1697430,2026-07-23T19:27:13.364+05:30,1292,High Yield FDs
2032707,2026-07-23T08:31:28.843+05:30,2805,Corporate Bonds
1101120,2026-07-23T17:37:40.693+05:30,2797,Corporate Bonds
745625,2026-07-23T14:44:36.639+05:30,2643,Securitized Debt Instruments
728677,2026-07-23T17:22:27.77+05:30,2644,Securitized Debt Instruments
1539995,2026-07-23T23:39:13.354+05:30,2407,Corporate Bonds
930388,2026-07-23T11:58:57.19+05:30,2594,Corporate Bonds
1846576,2026-07-23T10:27:47.616+05:30,2771,Corporate Bonds
2033376,2026-07-23T16:32:32.903+05:30,2745,Corporate Bonds
2010801,2026-07-23T12:27:41.104+05:30,2771,Corporate Bonds
2013164,2026-07-23T10:43:29.313+05:30,2766,Corporate Bonds
1539995,2026-07-23T23:40:26.336+05:30,2407,Corporate Bonds
1057097,2026-07-23T09:10:06.159+05:30,2771,Corporate Bonds
2040268,2026-07-23T19:20:05.897+05:30,2771,Corporate Bonds
1253718,2026-07-23T20:05:37.249+05:30,2751,Corporate Bonds
638656,2026-07-23T22:46:52.077+05:30,2778,Corporate Bonds
522118,2026-07-23T12:13:27.883+05:30,2805,Corporate Bonds
1023445,2026-07-23T13:13:59.987+05:30,2800,Securitized Debt Instruments
1023700,2026-07-23T16:46:12.659+05:30,2805,Corporate Bonds
2014915,2026-07-23T16:44:59.965+05:30,2779,Corporate Bonds
1888539,2026-07-23T10:40:31.338+05:30,2793,Corporate Bonds
842739,2026-07-23T08:57:55.464+05:30,2712,Corporate Bonds
201508,2026-07-23T18:48:05.183+05:30,2751,Corporate Bonds
1152722,2026-07-23T07:55:02.886+05:30,2622,Corporate Bonds
164374,2026-07-23T16:51:21.144+05:30,2733,Corporate Bonds
2011722,2026-07-23T12:31:31.931+05:30,2770,Corporate Bonds
1430448,2026-07-23T16:55:26.585+05:30,2778,Corporate Bonds
726868,2026-07-23T08:05:54.517+05:30,2770,Corporate Bonds
1963050,2026-07-23T12:57:01.327+05:30,2778,Corporate Bonds
2040043,2026-07-23T16:22:21.717+05:30,2733,Corporate Bonds
772743,2026-07-23T16:44:41.482+05:30,2643,Securitized Debt Instruments
1811806,2026-07-23T19:11:22.476+05:30,2751,Corporate Bonds
545891,2026-07-23T12:37:26.73+05:30,2778,Corporate Bonds
1934899,2026-07-23T07:18:42.864+05:30,2778,Corporate Bonds
51225,2026-07-23T18:58:55.297+05:30,1640,Corporate Bonds
2035221,2026-07-23T09:34:51.247+05:30,2771,Corporate Bonds
1255767,2026-07-23T08:50:34.232+05:30,2770,Corporate Bonds
522658,2026-07-23T13:10:12.617+05:30,2778,Corporate Bonds
1118952,2026-07-23T03:06:38.587+05:30,2446,Corporate Bonds
1097846,2026-07-23T06:32:11.795+05:30,2704,Corporate Bonds
1576824,2026-07-23T13:00:36.595+05:30,2806,Corporate Bonds
1578401,2026-07-23T17:16:34.68+05:30,2751,Corporate Bonds
2000763,2026-07-23T08:39:04.409+05:30,2712,Corporate Bonds
811114,2026-07-23T14:46:39.44+05:30,2778,Corporate Bonds
1674159,2026-07-23T21:21:38.93+05:30,2268,Corporate Bonds
31497,2026-07-23T22:38:51.818+05:30,2733,Corporate Bonds
1607288,2026-07-23T14:31:00.181+05:30,2629,Corporate Bonds
2040043,2026-07-23T16:24:32.647+05:30,2733,Corporate Bonds
1973126,2026-07-23T16:46:38.387+05:30,2771,Corporate Bonds
1889687,2026-07-23T20:38:56.42+05:30,2794,Corporate Bonds
1874293,2026-07-23T16:33:17.157+05:30,2712,Corporate Bonds
1539995,2026-07-23T23:45:25.014+05:30,2767,Corporate Bonds
1731649,2026-07-23T00:17:50.24+05:30,2805,Corporate Bonds
514187,2026-07-23T11:47:38.795+05:30,2643,Securitized Debt Instruments
804270,2026-07-23T12:30:27.349+05:30,2704,Corporate Bonds
446442,2026-07-23T06:45:31.348+05:30,2666,Corporate Bonds
597316,2026-07-23T09:59:05.077+05:30,2805,Corporate Bonds
1846576,2026-07-23T10:15:26.472+05:30,2771,Corporate Bonds
1868546,2026-07-23T20:18:59.847+05:30,2779,Corporate Bonds
2039844,2026-07-23T14:26:46.894+05:30,2325,Corporate Bonds
2040268,2026-07-23T18:13:31.451+05:30,2771,Corporate Bonds
29712,2026-07-23T22:27:43.708+05:30,2407,Corporate Bonds
2038243,2026-07-23T20:10:02.512+05:30,2771,Corporate Bonds
191962,2026-07-23T23:18:30.446+05:30,2771,Corporate Bonds
2002379,2026-07-23T19:43:36.062+05:30,2407,Corporate Bonds
1116065,2026-07-23T17:15:52.506+05:30,2770,Corporate Bonds
1975761,2026-07-23T14:35:44.839+05:30,2770,Corporate Bonds
1125384,2026-07-23T17:56:13.656+05:30,2786,XCase
1934069,2026-07-23T16:54:11.926+05:30,2733,Corporate Bonds
1732909,2026-07-23T16:53:41.388+05:30,2644,Securitized Debt Instruments
977222,2026-07-23T12:54:34.899+05:30,2778,Corporate Bonds
1578401,2026-07-23T17:16:28.281+05:30,2751,Corporate Bonds
708369,2026-07-23T18:58:23.114+05:30,1239,High Yield FDs
501353,2026-07-23T11:50:51.627+05:30,2733,Corporate Bonds
2035398,2026-07-23T14:00:28.027+05:30,2770,Corporate Bonds
8059,2026-07-23T08:32:29.468+05:30,2778,Corporate Bonds
2011722,2026-07-23T12:21:29.268+05:30,2770,Corporate Bonds
1810274,2026-07-23T10:03:33.488+05:30,2644,Securitized Debt Instruments
1888539,2026-07-23T22:27:59.861+05:30,2594,Corporate Bonds
1378765,2026-07-23T09:55:01.845+05:30,2805,Corporate Bonds
708369,2026-07-23T19:03:08.968+05:30,1096,High Yield FDs
1039828,2026-07-23T15:35:42.116+05:30,2268,Corporate Bonds
733995,2026-07-23T18:30:52.582+05:30,2771,Corporate Bonds
1578401,2026-07-23T17:16:32.287+05:30,2751,Corporate Bonds
1496412,2026-07-23T11:12:41.359+05:30,2499,Corporate Bonds
1804481,2026-07-23T13:09:04.329+05:30,2781,Corporate Bonds
1935281,2026-07-23T19:54:40.5+05:30,2325,Corporate Bonds
1664854,2026-07-23T14:08:40.18+05:30,2717,Corporate Bonds
2040368,2026-07-23T19:10:03.23+05:30,2751,Corporate Bonds
1510290,2026-07-23T10:52:26.988+05:30,2778,Corporate Bonds
708369,2026-07-23T18:54:30.866+05:30,1239,High Yield FDs
1290369,2026-07-23T16:07:18.765+05:30,2770,Corporate Bonds
2011660,2026-07-23T11:43:38.224+05:30,2770,Corporate Bonds
1039421,2026-07-23T22:00:20.343+05:30,2805,Corporate Bonds
1514375,2026-07-23T09:02:19.426+05:30,2704,Corporate Bonds
2040193,2026-07-23T17:29:11.043+05:30,2703,Corporate Bonds
1623202,2026-07-23T18:48:50.333+05:30,2703,Corporate Bonds
2018807,2026-07-23T17:56:32.754+05:30,1239,High Yield FDs
925639,2026-07-23T18:45:57.002+05:30,2733,Corporate Bonds
1984627,2026-07-23T18:36:28.713+05:30,2388,Corporate Bonds
412177,2026-07-23T11:49:27.596+05:30,2778,Corporate Bonds
1362227,2026-07-23T15:38:08.157+05:30,2778,Corporate Bonds
925639,2026-07-23T18:51:30.56+05:30,2805,Corporate Bonds
1354336,2026-07-23T19:58:10.857+05:30,2369,Corporate Bonds
2040255,2026-07-23T18:01:50.137+05:30,2771,Corporate Bonds
1292896,2026-07-23T12:19:02.671+05:30,1239,High Yield FDs
1451725,2026-07-23T13:08:31.252+05:30,2644,Securitized Debt Instruments
2039848,2026-07-23T14:22:20.772+05:30,2751,Corporate Bonds
29181,2026-07-23T19:29:25.982+05:30,2778,Corporate Bonds
1800953,2026-07-23T00:02:56.137+05:30,2769,Corporate Bonds
975451,2026-07-23T09:35:39.053+05:30,2778,Corporate Bonds
2039862,2026-07-23T14:29:57.899+05:30,1217,Corporate Bonds
2033114,2026-07-23T22:01:39.017+05:30,2499,Corporate Bonds
1578401,2026-07-23T17:18:37.932+05:30,2751,Corporate Bonds
2038243,2026-07-23T20:09:57.869+05:30,2771,Corporate Bonds
1510290,2026-07-23T10:24:06.118+05:30,2770,Corporate Bonds
2037538,2026-07-23T09:58:58.406+05:30,2644,Securitized Debt Instruments
1842334,2026-07-23T21:50:17.638+05:30,2805,Corporate Bonds
783981,2026-07-23T23:20:57.582+05:30,2762,Corporate Bonds
2039311,2026-07-23T09:46:48.049+05:30,2764,Corporate Bonds
2034711,2026-07-23T20:21:51.137+05:30,2751,Corporate Bonds
2039057,2026-07-23T07:02:07.024+05:30,1239,High Yield FDs
860011,2026-07-23T08:04:50.89+05:30,2751,Corporate Bonds
723817,2026-07-23T12:58:01.709+05:30,2794,Corporate Bonds
1633243,2026-07-23T09:37:40.032+05:30,2712,Corporate Bonds
147618,2026-07-23T15:04:38.813+05:30,2762,Corporate Bonds
1510290,2026-07-23T10:24:03.439+05:30,2770,Corporate Bonds
2035398,2026-07-23T13:55:21.35+05:30,2778,Corporate Bonds
17235,2026-07-23T11:54:36.272+05:30,1239,High Yield FDs
224356,2026-07-23T15:21:24.014+05:30,2770,Corporate Bonds
356462,2026-07-23T19:43:14.223+05:30,2778,Corporate Bonds
446442,2026-07-23T09:50:53.818+05:30,2778,Corporate Bonds
2040175,2026-07-23T17:20:17.093+05:30,2751,Corporate Bonds
1829285,2026-07-23T22:52:54.239+05:30,2781,Corporate Bonds
2033376,2026-07-23T16:32:40.929+05:30,2745,Corporate Bonds
1884342,2026-07-23T05:57:46.806+05:30,2781,Corporate Bonds
1948145,2026-07-23T10:56:52.373+05:30,2770,Corporate Bonds
114037,2026-07-23T17:04:24.284+05:30,2802,Securitized Debt Instruments
1880343,2026-07-23T13:07:59.378+05:30,2770,Corporate Bonds
458566,2026-07-23T18:43:16.27+05:30,2792,Corporate Bonds
1590921,2026-07-23T13:22:10.57+05:30,2766,Corporate Bonds
1732909,2026-07-23T16:38:18.159+05:30,2806,Corporate Bonds
201508,2026-07-23T09:43:54.662+05:30,2771,Corporate Bonds
1190912,2026-07-23T13:32:36.072+05:30,2778,Corporate Bonds
1880343,2026-07-23T07:28:33.396+05:30,2778,Corporate Bonds
1624794,2026-07-23T22:41:33.02+05:30,2712,Corporate Bonds
920342,2026-07-23T19:37:53.739+05:30,2733,Corporate Bonds
913179,2026-07-23T21:02:34.396+05:30,2733,Corporate Bonds
2038446,2026-07-23T09:52:31.057+05:30,2268,Corporate Bonds
1193795,2026-07-23T08:31:08.315+05:30,2805,Corporate Bonds
1578401,2026-07-23T17:16:30.546+05:30,2751,Corporate Bonds
1391081,2026-07-23T12:00:19.944+05:30,1096,High Yield FDs
1790825,2026-07-23T09:41:41.025+05:30,2778,Corporate Bonds
2038830,2026-07-23T14:32:53.57+05:30,2751,Corporate Bonds
196826,2026-07-23T15:44:56.751+05:30,2776,Corporate Bonds
785393,2026-07-23T16:42:53.152+05:30,2733,Corporate Bonds
1633132,2026-07-23T14:30:27.915+05:30,2770,Corporate Bonds
1176691,2026-07-23T12:42:57.884+05:30,2769,Corporate Bonds
1634452,2026-07-23T08:39:47.103+05:30,2643,Securitized Debt Instruments
1057097,2026-07-23T22:04:16.11+05:30,2771,Corporate Bonds
1905256,2026-07-23T08:55:26.383+05:30,2762,Corporate Bonds
1539995,2026-07-23T23:40:43.027+05:30,2407,Corporate Bonds
854204,2026-07-23T17:31:45.309+05:30,2733,Corporate Bonds
854337,2026-07-23T17:02:04.083+05:30,2778,Corporate Bonds
2039886,2026-07-23T14:41:25.819+05:30,2771,Corporate Bonds
921479,2026-07-23T22:41:32.771+05:30,2752,Corporate Bonds
661819,2026-07-23T17:54:46.588+05:30,2276,Corporate Bonds
2039448,2026-07-23T11:04:40.389+05:30,2751,Corporate Bonds
1578401,2026-07-23T17:16:34.784+05:30,2751,Corporate Bonds
774108,2026-07-23T18:39:46.67+05:30,2771,Corporate Bonds
1889687,2026-07-23T20:42:22.891+05:30,2762,Corporate Bonds
878717,2026-07-23T15:15:45.509+05:30,2778,Corporate Bonds
1771573,2026-07-23T12:57:53.709+05:30,2431,Corporate Bonds
913179,2026-07-23T21:00:30.35+05:30,2733,Corporate Bonds
1982898,2026-07-23T16:30:54.34+05:30,2704,Corporate Bonds
1578401,2026-07-23T17:16:32.864+05:30,2751,Corporate Bonds
1790825,2026-07-23T20:35:06.771+05:30,2778,Corporate Bonds
2035367,2026-07-23T15:44:32.05+05:30,2733,Corporate Bonds
2026415,2026-07-23T14:16:33.433+05:30,2733,Corporate Bonds
490894,2026-07-23T00:04:59.513+05:30,2629,Corporate Bonds
2033114,2026-07-23T22:06:05.056+05:30,2793,Corporate Bonds
1191493,2026-07-23T19:58:36.545+05:30,1640,Corporate Bonds
1444658,2026-07-23T09:16:09.411+05:30,2762,Corporate Bonds
2033376,2026-07-23T16:34:12.84+05:30,2644,Securitized Debt Instruments
769503,2026-07-23T08:25:46.04+05:30,2750,Corporate Bonds
1359964,2026-07-23T18:15:09.121+05:30,2703,Corporate Bonds
2039942,2026-07-23T15:48:41.049+05:30,2751,Corporate Bonds
1868546,2026-07-23T20:08:50.036+05:30,2770,Corporate Bonds
423724,2026-07-23T19:14:46.389+05:30,2751,Corporate Bonds
1098183,2026-07-23T13:04:09.188+05:30,2781,Corporate Bonds
1627673,2026-07-23T18:42:39.689+05:30,2733,Corporate Bonds
280154,2026-07-23T08:12:03.748+05:30,2335,Corporate Bonds
2006310,2026-07-23T17:10:27.499+05:30,2771,Corporate Bonds
728177,2026-07-23T19:07:40.417+05:30,2778,Corporate Bonds
1493885,2026-07-23T12:23:19.474+05:30,2733,Corporate Bonds
514220,2026-07-23T18:38:34.877+05:30,2771,Corporate Bonds
943327,2026-07-23T16:29:44.869+05:30,2644,Securitized Debt Instruments
741378,2026-07-23T14:07:27.742+05:30,2794,Corporate Bonds
1874293,2026-07-23T16:35:06.825+05:30,2794,Corporate Bonds
1553205,2026-07-23T15:35:57.295+05:30,2771,Corporate Bonds
1185355,2026-07-23T17:01:47.725+05:30,2733,Corporate Bonds
1942238,2026-07-23T17:38:50.073+05:30,2778,Corporate Bonds
1302446,2026-07-23T14:27:33.36+05:30,2778,Corporate Bonds
2012695,2026-07-23T11:50:07.973+05:30,2794,Corporate Bonds
2004096,2026-07-23T20:05:54.537+05:30,1239,High Yield FDs
2032608,2026-07-23T17:34:35.683+05:30,2793,Corporate Bonds
1726692,2026-07-23T07:44:02.84+05:30,2644,Securitized Debt Instruments
975451,2026-07-23T14:39:59.173+05:30,2778,Corporate Bonds
45353,2026-07-23T17:54:04.292+05:30,2778,Corporate Bonds
979598,2026-07-23T20:12:03.837+05:30,2621,Corporate Bonds
2039862,2026-07-23T14:30:15.629+05:30,2268,Corporate Bonds
2023867,2026-07-23T19:20:31.271+05:30,2388,Corporate Bonds
105733,2026-07-23T21:28:07.554+05:30,2629,Corporate Bonds
1034142,2026-07-23T03:07:29.024+05:30,2799,Corporate Bonds
114037,2026-07-23T16:37:32.189+05:30,2802,Securitized Debt Instruments
1802612,2026-07-23T02:09:34.499+05:30,2715,Corporate Bonds
1656154,2026-07-23T15:46:58.121+05:30,2767,Corporate Bonds
743235,2026-07-23T18:31:12.243+05:30,2771,Corporate Bonds
1846576,2026-07-23T10:30:57.639+05:30,2771,Corporate Bonds
1072598,2026-07-23T01:39:00.03+05:30,2799,Corporate Bonds
1443953,2026-07-23T08:13:43.938+05:30,2778,Corporate Bonds
798204,2026-07-23T11:44:48.026+05:30,2805,Corporate Bonds
2012695,2026-07-23T21:37:21.916+05:30,2704,Corporate Bonds
1051283,2026-07-23T12:22:06.129+05:30,2770,Corporate Bonds
1305388,2026-07-23T14:37:22.217+05:30,2751,Corporate Bonds
1527586,2026-07-23T14:22:40.541+05:30,2644,Securitized Debt Instruments
1970901,2026-07-23T12:33:39.011+05:30,2770,Corporate Bonds
521903,2026-07-23T17:15:07.723+05:30,2779,Corporate Bonds
1168073,2026-07-23T11:24:35.095+05:30,2778,Corporate Bonds
2033376,2026-07-23T16:33:27.464+05:30,2745,Corporate Bonds
1519124,2026-07-23T11:43:10.055+05:30,2629,Corporate Bonds
1199472,2026-07-23T07:26:56.42+05:30,2268,Corporate Bonds
114037,2026-07-23T16:49:59.111+05:30,2802,Securitized Debt Instruments
533183,2026-07-23T11:12:43.198+05:30,2794,Corporate Bonds
718921,2026-07-23T18:39:06.378+05:30,2792,Corporate Bonds
930388,2026-07-23T12:00:47.995+05:30,2594,Corporate Bonds
2039818,2026-07-23T14:12:55.964+05:30,2771,Corporate Bonds
359700,2026-07-23T23:04:46.05+05:30,2762,Corporate Bonds
2039350,2026-07-23T10:09:37.293+05:30,2776,Corporate Bonds
1578401,2026-07-23T17:16:28.08+05:30,2751,Corporate Bonds
769544,2026-07-23T21:33:35.496+05:30,2407,Corporate Bonds
867848,2026-07-23T15:42:30.358+05:30,2778,Corporate Bonds
1045612,2026-07-23T18:31:43.765+05:30,2751,Corporate Bonds
878936,2026-07-23T18:36:56.412+05:30,2771,Corporate Bonds
780648,2026-07-23T20:10:56.611+05:30,2562,Corporate Bonds
913179,2026-07-23T21:00:55.774+05:30,2733,Corporate Bonds
1578401,2026-07-23T17:16:32.646+05:30,2751,Corporate Bonds
2040510,2026-07-23T20:42:01.082+05:30,2750,Corporate Bonds
872978,2026-07-23T12:24:02.165+05:30,2793,Corporate Bonds
849890,2026-07-23T22:57:59.186+05:30,2643,Securitized Debt Instruments
2019303,2026-07-23T14:28:15.996+05:30,2751,Corporate Bonds
105733,2026-07-23T21:26:13.764+05:30,2778,Corporate Bonds
769503,2026-07-23T08:45:53.052+05:30,2704,Corporate Bonds
1852877,2026-07-23T09:12:07.943+05:30,2341,Corporate Bonds
2040255,2026-07-23T18:01:17.758+05:30,2771,Corporate Bonds
2040745,2026-07-23T22:39:35.097+05:30,2771,Corporate Bonds
1363572,2026-07-23T20:39:39.947+05:30,2770,Corporate Bonds
742789,2026-07-23T19:43:58.588+05:30,2407,Corporate Bonds
878717,2026-07-23T15:15:31.876+05:30,2778,Corporate Bonds
1928298,2026-07-23T20:44:41.777+05:30,2407,Corporate Bonds
741378,2026-07-23T14:21:13.075+05:30,2643,Securitized Debt Instruments
1288240,2026-07-23T13:42:20.363+05:30,2764,Corporate Bonds
1388406,2026-07-23T14:39:17.805+05:30,2805,Corporate Bonds
1046013,2026-07-23T11:29:07.161+05:30,2779,Corporate Bonds
1023445,2026-07-23T13:16:00.919+05:30,2800,Securitized Debt Instruments
1842473,2026-07-23T14:47:53.953+05:30,2771,Corporate Bonds
1599347,2026-07-23T09:11:44.816+05:30,2704,Corporate Bonds
2034053,2026-07-23T20:16:06.642+05:30,2733,Corporate Bonds
1649352,2026-07-23T16:21:22.253+05:30,2769,Corporate Bonds
1809885,2026-07-23T20:54:08.205+05:30,2771,Corporate Bonds
2039590,2026-07-23T12:11:31.828+05:30,2771,Corporate Bonds
2021781,2026-07-23T22:56:28.623+05:30,2794,Corporate Bonds
2033376,2026-07-23T16:33:37.706+05:30,2745,Corporate Bonds
2039448,2026-07-23T11:01:10.79+05:30,2751,Corporate Bonds
2040825,2026-07-23T23:19:56.706+05:30,2268,Corporate Bonds
1496559,2026-07-23T18:27:55.633+05:30,2781,Corporate Bonds
614210,2026-07-23T08:05:00.852+05:30,2770,Corporate Bonds
1820553,2026-07-23T06:41:13.506+05:30,2643,Securitized Debt Instruments
33948,2026-07-23T12:12:35.885+05:30,2770,Corporate Bonds
1383957,2026-07-23T23:24:27.355+05:30,2778,Corporate Bonds
2018807,2026-07-23T17:45:20.577+05:30,1292,High Yield FDs
1172574,2026-07-23T12:38:03.006+05:30,2771,Corporate Bonds
1416197,2026-07-23T00:07:23.414+05:30,2446,Corporate Bonds
1959688,2026-07-23T12:41:39.115+05:30,2781,Corporate Bonds
2039452,2026-07-23T11:04:19.552+05:30,2762,Corporate Bonds
114037,2026-07-23T16:15:52.969+05:30,2802,Securitized Debt Instruments
2012695,2026-07-23T11:48:44.473+05:30,2766,Corporate Bonds
1198079,2026-07-23T20:26:02.517+05:30,2407,Corporate Bonds
718656,2026-07-23T13:02:54.804+05:30,2771,Corporate Bonds
2037319,2026-07-23T16:44:22.941+05:30,2771,Corporate Bonds
1339176,2026-07-23T13:05:31.113+05:30,2026,Corporate Bonds
1144,2026-07-23T22:49:57.866+05:30,2733,Corporate Bonds
114037,2026-07-23T13:51:12.001+05:30,2802,Securitized Debt Instruments
1999815,2026-07-23T15:04:28.339+05:30,2751,Corporate Bonds
1887949,2026-07-23T22:55:42.285+05:30,2805,Corporate Bonds
1116065,2026-07-23T17:21:44.371+05:30,2770,Corporate Bonds
878936,2026-07-23T18:36:44.197+05:30,2771,Corporate Bonds
1336372,2026-07-23T11:36:11.638+05:30,2644,Securitized Debt Instruments
1144529,2026-07-23T23:39:25.018+05:30,2643,Securitized Debt Instruments
1978699,2026-07-23T12:35:09.106+05:30,2733,Corporate Bonds
251740,2026-07-23T13:38:33.779+05:30,2778,Corporate Bonds
2039886,2026-07-23T14:46:26.422+05:30,2771,Corporate Bonds
730469,2026-07-23T14:27:38.055+05:30,2620,Corporate Bonds
1574275,2026-07-23T21:43:15.278+05:30,2805,Corporate Bonds
999171,2026-07-23T12:22:18.869+05:30,2703,Corporate Bonds
723027,2026-07-23T18:35:39.671+05:30,2771,Corporate Bonds
2039702,2026-07-23T13:06:12.75+05:30,2717,Corporate Bonds
2002379,2026-07-23T19:39:35.033+05:30,1640,Corporate Bonds
1144,2026-07-23T05:25:09.886+05:30,2805,Corporate Bonds
741378,2026-07-23T13:35:45.107+05:30,2762,Corporate Bonds
1581537,2026-07-23T10:39:15.47+05:30,2512,Corporate Bonds
1811806,2026-07-23T19:11:22.949+05:30,2751,Corporate Bonds
1359074,2026-07-23T21:09:22.284+05:30,2747,Corporate Bonds
959309,2026-07-23T13:28:48.269+05:30,2771,Corporate Bonds
2040594,2026-07-23T21:10:55.315+05:30,2771,Corporate Bonds
251740,2026-07-23T13:39:07.679+05:30,2778,Corporate Bonds
147618,2026-07-23T14:12:32.263+05:30,2794,Corporate Bonds
798413,2026-07-23T12:21:38.673+05:30,2770,Corporate Bonds
1391081,2026-07-23T10:20:21.262+05:30,1239,High Yield FDs
722759,2026-07-23T12:50:33.288+05:30,2781,Corporate Bonds
1820788,2026-07-23T14:08:01.647+05:30,2644,Securitized Debt Instruments
1804481,2026-07-23T12:12:00.604+05:30,2771,Corporate Bonds
2039739,2026-07-23T13:33:05.55+05:30,2771,Corporate Bonds
1377784,2026-07-23T22:41:37.138+05:30,2594,Corporate Bonds
2039539,2026-07-23T12:04:59.309+05:30,2771,Corporate Bonds
1001804,2026-07-23T18:55:24.175+05:30,2802,Securitized Debt Instruments
925639,2026-07-23T18:56:25.155+05:30,1640,Corporate Bonds
2029854,2026-07-23T19:17:21.983+05:30,2762,Corporate Bonds
741378,2026-07-23T14:17:18+05:30,2806,Corporate Bonds
2001508,2026-07-23T12:09:42.769+05:30,2771,Corporate Bonds
1000727,2026-07-23T21:21:58.433+05:30,2643,Securitized Debt Instruments
1651142,2026-07-23T14:53:10.544+05:30,2594,Corporate Bonds
723817,2026-07-23T21:13:31.379+05:30,2407,Corporate Bonds
412177,2026-07-23T11:44:09.616+05:30,2733,Corporate Bonds
530261,2026-07-23T19:37:46.589+05:30,2805,Corporate Bonds
1349541,2026-07-23T22:22:27.962+05:30,2778,Corporate Bonds
1847515,2026-07-23T15:55:16.656+05:30,2771,Corporate Bonds
1120774,2026-07-23T10:58:49.788+05:30,2778,Corporate Bonds
842747,2026-07-23T08:49:58.666+05:30,2712,Corporate Bonds
1362227,2026-07-23T15:39:09.313+05:30,2778,Corporate Bonds
164374,2026-07-23T16:57:47.087+05:30,2745,Corporate Bonds
2012695,2026-07-23T22:04:07.422+05:30,2704,Corporate Bonds
878717,2026-07-23T15:15:32.959+05:30,2778,Corporate Bonds
1578401,2026-07-23T17:16:30.291+05:30,2751,Corporate Bonds
2040498,2026-07-23T20:19:14.613+05:30,2771,Corporate Bonds
2034711,2026-07-23T20:42:28.117+05:30,2325,Corporate Bonds
835215,2026-07-23T13:01:31.693+05:30,2325,Corporate Bonds
646266,2026-07-23T12:43:46.556+05:30,2767,Corporate Bonds
1028764,2026-07-23T22:05:15.606+05:30,2407,Corporate Bonds
2040745,2026-07-23T22:45:39.886+05:30,2644,Securitized Debt Instruments
412177,2026-07-23T11:47:04.573+05:30,2644,Securitized Debt Instruments
1771573,2026-07-23T12:50:17.661+05:30,2750,Corporate Bonds
2038902,2026-07-23T01:05:57.173+05:30,2762,Corporate Bonds
1059240,2026-07-23T22:32:26.654+05:30,2778,Corporate Bonds
1982898,2026-07-23T16:22:43.713+05:30,2704,Corporate Bonds
1145464,2026-07-23T20:01:08.516+05:30,2407,Corporate Bonds
1028764,2026-07-23T22:04:21.834+05:30,2407,Corporate Bonds
1728775,2026-07-23T20:40:28.464+05:30,2704,Corporate Bonds
1300410,2026-07-23T18:13:14.769+05:30,2797,Corporate Bonds
412177,2026-07-23T11:41:52.722+05:30,2620,Corporate Bonds
1255767,2026-07-23T06:35:46.511+05:30,2703,Corporate Bonds
1451174,2026-07-23T19:31:52.73+05:30,2388,Corporate Bonds
1880343,2026-07-23T13:06:42.753+05:30,2770,Corporate Bonds
1084815,2026-07-23T17:19:54.718+05:30,2574,Corporate Bonds
1992602,2026-07-23T13:18:16.203+05:30,2643,Securitized Debt Instruments
1557051,2026-07-23T11:17:42.011+05:30,2805,Corporate Bonds
1975195,2026-07-23T23:53:16.25+05:30,2778,Corporate Bonds
1809885,2026-07-23T20:54:30.07+05:30,2771,Corporate Bonds
356462,2026-07-23T19:38:54.107+05:30,2778,Corporate Bonds
2001906,2026-07-23T09:44:20.768+05:30,2771,Corporate Bonds
2002379,2026-07-23T06:54:58.74+05:30,2781,Corporate Bonds
1633095,2026-07-23T09:40:28.682+05:30,2643,Securitized Debt Instruments
1956538,2026-07-23T19:27:06.242+05:30,2407,Corporate Bonds
2026415,2026-07-23T16:50:43.725+05:30,2799,Corporate Bonds
64966,2026-07-23T17:37:25.564+05:30,2643,Securitized Debt Instruments
953908,2026-07-23T05:46:45.732+05:30,2806,Corporate Bonds
33400,2026-07-23T07:47:12.461+05:30,2775,Corporate Bonds
708369,2026-07-23T19:05:25.243+05:30,1095,High Yield FDs
1265595,2026-07-23T15:57:20.895+05:30,2781,Corporate Bonds
1731649,2026-07-23T00:15:04.63+05:30,2805,Corporate Bonds
1303993,2026-07-23T11:11:41.83+05:30,2341,Corporate Bonds
1768491,2026-07-23T16:19:17.265+05:30,2644,Securitized Debt Instruments
489115,2026-07-23T12:02:37.795+05:30,2268,Corporate Bonds
1846576,2026-07-23T10:35:24.569+05:30,2771,Corporate Bonds
1293321,2026-07-23T17:28:35.81+05:30,2751,Corporate Bonds
114037,2026-07-23T04:26:11.24+05:30,2620,Corporate Bonds
2040459,2026-07-23T19:47:06.005+05:30,2751,Corporate Bonds
1699711,2026-07-23T14:19:39.231+05:30,1239,High Yield FDs
2032608,2026-07-23T17:45:10.977+05:30,2773,Corporate Bonds
1963050,2026-07-23T13:22:55.272+05:30,2778,Corporate Bonds
2039844,2026-07-23T14:27:53.055+05:30,2325,Corporate Bonds
1581537,2026-07-23T10:29:39.988+05:30,2512,Corporate Bonds
1191493,2026-07-23T19:55:58.994+05:30,1640,Corporate Bonds
2037851,2026-07-23T15:21:10.762+05:30,2592,Corporate Bonds
2013287,2026-07-23T10:58:09.655+05:30,2778,Corporate Bonds
1101120,2026-07-23T17:25:18.293+05:30,2797,Corporate Bonds
1044291,2026-07-23T14:09:17.533+05:30,2762,Corporate Bonds
1477765,2026-07-23T17:48:02.041+05:30,2806,Corporate Bonds
453680,2026-07-23T09:48:53.528+05:30,2712,Corporate Bonds
1710501,2026-07-23T01:43:44.827+05:30,2771,Corporate Bonds
655558,2026-07-23T10:01:04.438+05:30,2703,Corporate Bonds
1438885,2026-07-23T14:56:48.634+05:30,2712,Corporate Bonds
1474843,2026-07-23T15:29:27.234+05:30,2771,Corporate Bonds
2040270,2026-07-23T18:22:29.524+05:30,2369,Corporate Bonds
1034142,2026-07-23T03:13:27.82+05:30,1217,Corporate Bonds
2035367,2026-07-23T17:08:29.741+05:30,2794,Corporate Bonds
1477765,2026-07-23T09:49:19.958+05:30,2806,Corporate Bonds
2034711,2026-07-23T20:32:09.577+05:30,2644,Securitized Debt Instruments
1988764,2026-07-23T14:33:17.218+05:30,2733,Corporate Bonds
2033114,2026-07-23T22:20:26.173+05:30,2779,Corporate Bonds
179786,2026-07-23T17:11:19.594+05:30,2778,Corporate Bonds
1003130,2026-07-23T08:33:30.294+05:30,2643,Securitized Debt Instruments
2033376,2026-07-23T20:27:10.571+05:30,2407,Corporate Bonds
1959688,2026-07-23T12:41:35.574+05:30,2781,Corporate Bonds
2028480,2026-07-23T19:55:37.023+05:30,2733,Corporate Bonds
696005,2026-07-23T18:28:36.206+05:30,2781,Corporate Bonds
798413,2026-07-23T12:23:18.756+05:30,2712,Corporate Bonds
545891,2026-07-23T13:29:25.02+05:30,2778,Corporate Bonds
841170,2026-07-23T01:02:09.227+05:30,2770,Corporate Bonds
893835,2026-07-23T22:39:49.885+05:30,2703,Corporate Bonds
137512,2026-07-23T11:33:40.419+05:30,2638,XCase
1464657,2026-07-23T16:04:16.812+05:30,2778,Corporate Bonds
144459,2026-07-23T08:33:19.342+05:30,1239,High Yield FDs
1869047,2026-07-23T11:36:05.259+05:30,2751,Corporate Bonds
1994534,2026-07-23T19:49:52.274+05:30,2704,Corporate Bonds
109898,2026-07-23T09:53:13.601+05:30,2643,Securitized Debt Instruments
1732909,2026-07-23T20:36:29.54+05:30,2805,Corporate Bonds
1194195,2026-07-23T10:59:20.373+05:30,2762,Corporate Bonds
489115,2026-07-23T12:00:28.117+05:30,2781,Corporate Bonds
1620566,2026-07-23T12:07:29.96+05:30,1986,Corporate Bonds
1920927,2026-07-23T17:50:59.969+05:30,2733,Corporate Bonds
1992176,2026-07-23T15:56:45.916+05:30,2805,Corporate Bonds
2040270,2026-07-23T18:23:22.739+05:30,2026,Corporate Bonds
1929429,2026-07-23T08:31:06.528+05:30,2781,Corporate Bonds
1988330,2026-07-23T15:00:27.991+05:30,2268,Corporate Bonds
1961867,2026-07-23T23:36:32.434+05:30,2407,Corporate Bonds
1363572,2026-07-23T20:18:20.679+05:30,2770,Corporate Bonds
854204,2026-07-23T18:01:47.075+05:30,2733,Corporate Bonds
1419469,2026-07-23T10:40:20.919+05:30,1217,Corporate Bonds
1987378,2026-07-23T14:55:16.228+05:30,2805,Corporate Bonds
1667107,2026-07-23T13:19:31.084+05:30,2778,Corporate Bonds
1578401,2026-07-23T17:16:32.572+05:30,2751,Corporate Bonds
719064,2026-07-23T18:40:47.381+05:30,2792,Corporate Bonds
1685651,2026-07-23T18:35:36.851+05:30,2771,Corporate Bonds
1377784,2026-07-23T22:39:05.626+05:30,2407,Corporate Bonds
878936,2026-07-23T18:36:55.63+05:30,2771,Corporate Bonds
769544,2026-07-23T21:34:41.753+05:30,2407,Corporate Bonds
2040182,2026-07-23T18:02:19.592+05:30,2805,Corporate Bonds
1835775,2026-07-23T11:02:44.111+05:30,2794,Corporate Bonds
2001476,2026-07-23T22:32:35.398+05:30,2325,Corporate Bonds
1352976,2026-07-23T11:43:15.823+05:30,2733,Corporate Bonds
2039726,2026-07-23T13:20:41.529+05:30,2644,Securitized Debt Instruments
1601590,2026-07-23T09:05:24.736+05:30,2794,Corporate Bonds
572671,2026-07-23T00:38:05.719+05:30,2499,Corporate Bonds
2035367,2026-07-23T16:08:06.725+05:30,2805,Corporate Bonds
1516978,2026-07-23T13:21:11.697+05:30,2751,Corporate Bonds
1602710,2026-07-23T13:08:31.332+05:30,1217,Corporate Bonds
1376285,2026-07-23T13:35:24.422+05:30,2643,Securitized Debt Instruments
1501015,2026-07-23T15:36:09.853+05:30,2794,Corporate Bonds
878936,2026-07-23T18:37:11.647+05:30,2781,Corporate Bonds
1065334,2026-07-23T11:26:17.741+05:30,2713,Corporate Bonds
2039057,2026-07-23T10:34:29.429+05:30,1239,High Yield FDs
25057,2026-07-23T09:36:16.661+05:30,2778,Corporate Bonds
1473570,2026-07-23T23:14:56.791+05:30,2781,Corporate Bonds
2040594,2026-07-23T21:10:47.42+05:30,2771,Corporate Bonds
2035367,2026-07-23T17:09:08.356+05:30,2794,Corporate Bonds
521903,2026-07-23T06:54:28.425+05:30,2268,Corporate Bonds
1394551,2026-07-23T06:56:20.301+05:30,2647,XCase
1879762,2026-07-23T18:31:16.759+05:30,2771,Corporate Bonds
878717,2026-07-23T15:15:26.822+05:30,2778,Corporate Bonds
2033376,2026-07-23T16:33:26.937+05:30,2745,Corporate Bonds
945,2026-07-23T20:17:58.072+05:30,2762,Corporate Bonds
1137737,2026-07-23T22:00:22.454+05:30,2770,Corporate Bonds
1744548,2026-07-23T12:31:37.741+05:30,2778,Corporate Bonds
1322766,2026-07-23T12:07:39.3+05:30,2770,Corporate Bonds
1574275,2026-07-23T21:48:56.965+05:30,2644,Securitized Debt Instruments
774108,2026-07-23T18:37:13.27+05:30,2771,Corporate Bonds
1646578,2026-07-23T14:45:00.841+05:30,2733,Corporate Bonds
1971351,2026-07-23T09:46:18.695+05:30,2805,Corporate Bonds
2039755,2026-07-23T13:50:57.087+05:30,2771,Corporate Bonds
1523407,2026-07-23T20:55:56.942+05:30,1640,Corporate Bonds
618662,2026-07-23T06:46:16.571+05:30,2771,Corporate Bonds
889450,2026-07-23T19:16:48.568+05:30,2712,Corporate Bonds
244384,2026-07-23T15:29:53.761+05:30,1239,High Yield FDs
366994,2026-07-23T14:46:01.234+05:30,2778,Corporate Bonds
943327,2026-07-23T16:35:38.284+05:30,2733,Corporate Bonds
1034142,2026-07-23T03:13:10.733+05:30,1217,Corporate Bonds
2040594,2026-07-23T21:11:04.491+05:30,2771,Corporate Bonds
2039855,2026-07-23T14:33:40.405+05:30,2792,Corporate Bonds
2011722,2026-07-23T12:23:35.536+05:30,2770,Corporate Bonds
2016645,2026-07-23T16:39:16.943+05:30,2805,Corporate Bonds
1994283,2026-07-23T09:04:29.668+05:30,2778,Corporate Bonds
2039491,2026-07-23T13:13:24.65+05:30,1217,Corporate Bonds
2033376,2026-07-23T16:32:24.527+05:30,2745,Corporate Bonds
1798686,2026-07-23T14:49:10.871+05:30,2767,Corporate Bonds
2029854,2026-07-23T19:17:36.911+05:30,2762,Corporate Bonds
758972,2026-07-23T20:59:22.669+05:30,1640,Corporate Bonds
1978265,2026-07-23T10:08:55.265+05:30,2778,Corporate Bonds
12615,2026-07-23T14:43:53.244+05:30,2778,Corporate Bonds
1578401,2026-07-23T17:16:32.651+05:30,2751,Corporate Bonds
1541521,2026-07-23T19:44:55.941+05:30,1239,High Yield FDs
1404191,2026-07-23T12:33:24.959+05:30,2781,Corporate Bonds
2039631,2026-07-23T12:24:04.041+05:30,2594,Corporate Bonds
2034674,2026-07-23T09:53:38.391+05:30,2751,Corporate Bonds
1023700,2026-07-23T15:55:53.478+05:30,2778,Corporate Bonds
1865389,2026-07-23T01:37:41.699+05:30,2793,Corporate Bonds
2036032,2026-07-23T00:56:01.83+05:30,2799,Corporate Bonds
1493007,2026-07-23T14:40:28.701+05:30,2778,Corporate Bonds
1692419,2026-07-23T07:36:03.127+05:30,2751,Corporate Bonds
2039209,2026-07-23T08:42:42.619+05:30,2771,Corporate Bonds
2011177,2026-07-23T10:37:50.638+05:30,2512,Corporate Bonds
2026415,2026-07-23T14:17:32.893+05:30,2733,Corporate Bonds
2008323,2026-07-23T14:29:46.25+05:30,2704,Corporate Bonds
690973,2026-07-23T18:31:50.006+05:30,1217,Corporate Bonds
2040801,2026-07-23T23:18:30.832+05:30,2407,Corporate Bonds
1289037,2026-07-23T22:49:12.991+05:30,2499,Corporate Bonds
2012695,2026-07-23T21:37:10.449+05:30,2704,Corporate Bonds
1499262,2026-07-23T18:21:21.908+05:30,2771,Corporate Bonds
2033114,2026-07-23T21:43:46.791+05:30,2704,Corporate Bonds
925639,2026-07-23T18:32:00.464+05:30,2733,Corporate Bonds
1185355,2026-07-23T16:59:11.535+05:30,2733,Corporate Bonds
772747,2026-07-23T08:55:42.455+05:30,2805,Corporate Bonds
1651559,2026-07-23T14:50:35.634+05:30,2751,Corporate Bonds
1252467,2026-07-23T09:56:34.971+05:30,2775,Corporate Bonds
1388406,2026-07-23T14:11:46.573+05:30,2805,Corporate Bonds
1110021,2026-07-23T17:16:33.206+05:30,2770,Corporate Bonds
1574275,2026-07-23T21:09:41.431+05:30,2778,Corporate Bonds
2010801,2026-07-23T12:33:28.731+05:30,2771,Corporate Bonds
1057097,2026-07-23T22:04:46.624+05:30,2771,Corporate Bonds
774108,2026-07-23T18:36:55.535+05:30,2771,Corporate Bonds
4602,2026-07-23T10:19:35.836+05:30,2802,Securitized Debt Instruments
2040594,2026-07-23T21:10:55.868+05:30,2771,Corporate Bonds
966739,2026-07-23T14:04:13.753+05:30,2325,Corporate Bonds
69451,2026-07-23T11:09:17.392+05:30,2770,Corporate Bonds
1798686,2026-07-23T13:49:33.963+05:30,2778,Corporate Bonds
2040268,2026-07-23T18:42:16.026+05:30,2771,Corporate Bonds
968183,2026-07-23T18:07:01.142+05:30,2388,Corporate Bonds
572671,2026-07-23T00:37:50.153+05:30,2499,Corporate Bonds
114037,2026-07-23T16:34:03.773+05:30,2802,Securitized Debt Instruments
870513,2026-07-23T17:12:59.673+05:30,2770,Corporate Bonds
989852,2026-07-23T15:35:17.575+05:30,2786,XCase
1075972,2026-07-23T18:40:32.852+05:30,2771,Corporate Bonds
1907841,2026-07-23T21:30:37.046+05:30,1239,High Yield FDs
798204,2026-07-23T11:32:42.204+05:30,2733,Corporate Bonds
1967425,2026-07-23T10:28:17.972+05:30,2268,Corporate Bonds
1101120,2026-07-23T17:22:00.533+05:30,2797,Corporate Bonds
949208,2026-07-23T00:20:11.446+05:30,2622,Corporate Bonds
1091020,2026-07-23T14:02:44.688+05:30,2715,Corporate Bonds
1978493,2026-07-23T22:16:53.935+05:30,2781,Corporate Bonds
2005644,2026-07-23T09:03:00.855+05:30,1239,High Yield FDs
1627673,2026-07-23T18:48:39.281+05:30,2733,Corporate Bonds
1936428,2026-07-23T16:34:17.911+05:30,2805,Corporate Bonds
1578401,2026-07-23T17:16:33.751+05:30,2751,Corporate Bonds
48746,2026-07-23T06:22:08.239+05:30,2268,Corporate Bonds
2039491,2026-07-23T14:20:37.597+05:30,1217,Corporate Bonds
1606055,2026-07-23T19:09:47.023+05:30,2407,Corporate Bonds
2039522,2026-07-23T11:42:49.779+05:30,1217,Corporate Bonds
1889687,2026-07-23T20:39:02.053+05:30,2794,Corporate Bonds
945,2026-07-23T17:21:32.857+05:30,2806,Corporate Bonds
934926,2026-07-23T18:39:26.181+05:30,2268,Corporate Bonds
1516978,2026-07-23T13:13:20.999+05:30,2751,Corporate Bonds
1623202,2026-07-23T18:58:58.586+05:30,2764,Corporate Bonds
1529087,2026-07-23T12:05:36.701+05:30,2794,Corporate Bonds
720268,2026-07-23T17:54:46.643+05:30,2643,Securitized Debt Instruments
878717,2026-07-23T15:15:30.901+05:30,2778,Corporate Bonds
1798686,2026-07-23T14:37:02.938+05:30,2767,Corporate Bonds
2032707,2026-07-23T08:32:16.991+05:30,2805,Corporate Bonds
1510777,2026-07-23T09:10:36.544+05:30,2643,Securitized Debt Instruments
1581537,2026-07-23T10:39:30.604+05:30,2592,Corporate Bonds
1966419,2026-07-23T17:48:40.128+05:30,2771,Corporate Bonds
2013571,2026-07-23T22:00:04.62+05:30,2771,Corporate Bonds
2033376,2026-07-23T16:32:21.658+05:30,2745,Corporate Bonds
1727343,2026-07-23T07:48:02.016+05:30,2805,Corporate Bonds
1279482,2026-07-23T00:02:03.596+05:30,2793,Corporate Bonds
1611873,2026-07-23T17:40:25.947+05:30,2771,Corporate Bonds
832302,2026-07-23T10:57:02.473+05:30,2733,Corporate Bonds
1034142,2026-07-23T03:16:51.557+05:30,2268,Corporate Bonds
696005,2026-07-23T18:20:20.993+05:30,2771,Corporate Bonds
1023445,2026-07-23T15:24:28.327+05:30,2800,Securitized Debt Instruments
1279818,2026-07-23T09:38:10.937+05:30,2799,Corporate Bonds
1782550,2026-07-23T20:04:01.486+05:30,2407,Corporate Bonds
1028764,2026-07-23T22:06:45.137+05:30,2407,Corporate Bonds
1678373,2026-07-23T17:20:59.338+05:30,2778,Corporate Bonds
882052,2026-07-23T22:37:47.951+05:30,2407,Corporate Bonds
2040270,2026-07-23T18:21:58.074+05:30,2751,Corporate Bonds
1427408,2026-07-23T14:24:29.225+05:30,2629,Corporate Bonds
949208,2026-07-23T00:16:10.171+05:30,2622,Corporate Bonds
2039491,2026-07-23T13:16:20.492+05:30,1217,Corporate Bonds
1819845,2026-07-23T10:53:13.536+05:30,1292,High Yield FDs
1514346,2026-07-23T18:31:27.062+05:30,2771,Corporate Bonds
1887677,2026-07-23T15:08:09.265+05:30,2771,Corporate Bonds
408636,2026-07-23T11:23:00.446+05:30,2782,Corporate Bonds
1185355,2026-07-23T16:59:43.847+05:30,2733,Corporate Bonds
1185355,2026-07-23T16:59:29.351+05:30,2733,Corporate Bonds
1578401,2026-07-23T17:16:31.681+05:30,2751,Corporate Bonds
2029435,2026-07-23T21:52:45.257+05:30,2647,XCase
2014529,2026-07-23T19:10:08.387+05:30,2771,Corporate Bonds
834340,2026-07-23T11:38:13.226+05:30,2778,Corporate Bonds
878717,2026-07-23T15:17:00.662+05:30,2778,Corporate Bonds
473420,2026-07-23T22:49:40.054+05:30,2805,Corporate Bonds
2039491,2026-07-23T13:44:19.564+05:30,2268,Corporate Bonds
964251,2026-07-23T23:11:29.217+05:30,2778,Corporate Bonds
918575,2026-07-23T11:50:11.12+05:30,2778,Corporate Bonds
2038243,2026-07-23T20:10:06.826+05:30,2771,Corporate Bonds
2019308,2026-07-23T21:03:17.991+05:30,2733,Corporate Bonds
2020821,2026-07-23T09:47:42.431+05:30,2644,Securitized Debt Instruments
1554814,2026-07-23T23:24:07.088+05:30,2407,Corporate Bonds
1970123,2026-07-23T08:33:11.861+05:30,2268,Corporate Bonds
1581537,2026-07-23T10:39:08.89+05:30,2512,Corporate Bonds
337286,2026-07-23T00:06:50.592+05:30,2594,Corporate Bonds
2037384,2026-07-23T14:17:34.161+05:30,1239,High Yield FDs
1023700,2026-07-23T15:49:32.566+05:30,2629,Corporate Bonds
2040014,2026-07-23T15:53:00.271+05:30,1217,Corporate Bonds
840671,2026-07-23T21:29:27.681+05:30,2644,Securitized Debt Instruments
804309,2026-07-23T09:03:14.792+05:30,2643,Securitized Debt Instruments
1948986,2026-07-23T14:26:10.426+05:30,2770,Corporate Bonds
2039491,2026-07-23T14:20:35.677+05:30,1217,Corporate Bonds
854337,2026-07-23T17:00:24.78+05:30,2778,Corporate Bonds
241828,2026-07-23T09:28:22.441+05:30,2762,Corporate Bonds
1526963,2026-07-23T23:01:55.686+05:30,2778,Corporate Bonds
1047041,2026-07-23T17:35:51.223+05:30,2704,Corporate Bonds
870513,2026-07-23T21:50:03.844+05:30,2751,Corporate Bonds
834340,2026-07-23T12:27:44.586+05:30,2778,Corporate Bonds
1726692,2026-07-23T07:43:41.616+05:30,2644,Securitized Debt Instruments
244384,2026-07-23T15:30:56.481+05:30,1239,High Yield FDs
2035398,2026-07-23T11:38:58.764+05:30,2778,Corporate Bonds
887025,2026-07-23T15:14:05.339+05:30,2643,Securitized Debt Instruments
2040529,2026-07-23T20:32:45.618+05:30,2751,Corporate Bonds
952329,2026-07-23T03:01:05.139+05:30,2794,Corporate Bonds
1297533,2026-07-23T10:21:05.931+05:30,2797,Corporate Bonds
1699791,2026-07-23T05:57:49.311+05:30,2781,Corporate Bonds
829639,2026-07-23T18:23:24.181+05:30,2703,Corporate Bonds
1674159,2026-07-23T14:42:57.2+05:30,2778,Corporate Bonds
2034664,2026-07-23T12:45:36.873+05:30,2703,Corporate Bonds
2012695,2026-07-23T10:22:12.441+05:30,2766,Corporate Bonds
990911,2026-07-23T07:49:11.89+05:30,2805,Corporate Bonds
2028151,2026-07-23T00:48:28.574+05:30,2771,Corporate Bonds
2033376,2026-07-23T16:33:27.916+05:30,2745,Corporate Bonds
691035,2026-07-23T10:26:37.067+05:30,2805,Corporate Bonds
1101120,2026-07-23T17:35:46.191+05:30,2797,Corporate Bonds
2040268,2026-07-23T19:20:31.931+05:30,2771,Corporate Bonds
1151420,2026-07-23T12:07:05.447+05:30,2644,Securitized Debt Instruments
2039126,2026-07-23T08:04:32.384+05:30,1239,High Yield FDs
859820,2026-07-23T23:21:51.35+05:30,2781,Corporate Bonds
164374,2026-07-23T16:51:37.864+05:30,2733,Corporate Bonds
2001177,2026-07-23T08:47:12.784+05:30,2621,Corporate Bonds
1110021,2026-07-23T17:16:58.815+05:30,2770,Corporate Bonds
1678999,2026-07-23T20:44:37.742+05:30,2778,Corporate Bonds
164374,2026-07-23T16:57:24.937+05:30,2712,Corporate Bonds
741378,2026-07-23T14:25:24.436+05:30,2806,Corporate Bonds
867848,2026-07-23T15:11:06.559+05:30,2778,Corporate Bonds
502687,2026-07-23T13:25:11.31+05:30,2779,Corporate Bonds
1802612,2026-07-23T00:42:58.956+05:30,2325,Corporate Bonds
2000708,2026-07-23T19:30:36.543+05:30,2268,Corporate Bonds
1971351,2026-07-23T09:49:24.363+05:30,2805,Corporate Bonds
1092183,2026-07-23T10:29:40.341+05:30,2574,Corporate Bonds
1003130,2026-07-23T08:32:23.156+05:30,2643,Securitized Debt Instruments
1732909,2026-07-23T13:28:15.136+05:30,2643,Securitized Debt Instruments
1397054,2026-07-23T18:37:03.497+05:30,2751,Corporate Bonds
840671,2026-07-23T21:51:51.067+05:30,2643,Securitized Debt Instruments
2033376,2026-07-23T00:23:45.322+05:30,2770,Corporate Bonds
1726062,2026-07-23T19:38:16.56+05:30,2762,Corporate Bonds
622062,2026-07-23T19:05:47.648+05:30,2762,Corporate Bonds
1574275,2026-07-23T21:09:43.361+05:30,2778,Corporate Bonds
2037047,2026-07-23T10:23:22.303+05:30,2751,Corporate Bonds
1094751,2026-07-23T17:12:10.616+05:30,2733,Corporate Bonds
1933992,2026-07-23T19:25:56.176+05:30,2762,Corporate Bonds
1652540,2026-07-23T09:42:50.463+05:30,2805,Corporate Bonds
940175,2026-07-23T20:58:35.642+05:30,2778,Corporate Bonds
898315,2026-07-23T21:49:19.597+05:30,2762,Corporate Bonds
954233,2026-07-23T11:26:19.355+05:30,2794,Corporate Bonds
2038982,2026-07-23T03:08:45.155+05:30,2771,Corporate Bonds
1430448,2026-07-23T16:51:42.493+05:30,2778,Corporate Bonds
1809885,2026-07-23T20:54:05.641+05:30,2771,Corporate Bonds
2038830,2026-07-23T14:24:55.851+05:30,2268,Corporate Bonds
1290458,2026-07-23T15:35:19.602+05:30,2771,Corporate Bonds
742806,2026-07-23T17:06:37.076+05:30,2770,Corporate Bonds
710239,2026-07-23T15:16:02.994+05:30,2733,Corporate Bonds
1574275,2026-07-23T21:41:52.465+05:30,2805,Corporate Bonds
1934899,2026-07-23T07:15:08.569+05:30,2778,Corporate Bonds
857807,2026-07-23T12:18:27.502+05:30,2802,Securitized Debt Instruments
1879762,2026-07-23T18:53:18.03+05:30,2407,Corporate Bonds
2039769,2026-07-23T13:35:41.923+05:30,2751,Corporate Bonds
1732909,2026-07-23T15:47:24.631+05:30,2771,Corporate Bonds
1819845,2026-07-23T10:51:40.341+05:30,1239,High Yield FDs
2033376,2026-07-23T16:27:57.806+05:30,2794,Corporate Bonds
1651142,2026-07-23T14:53:10.92+05:30,2594,Corporate Bonds
841000,2026-07-23T09:51:00.587+05:30,2778,Corporate Bonds
2037369,2026-07-23T10:38:10.867+05:30,2733,Corporate Bonds
114037,2026-07-23T17:23:55.65+05:30,2620,Corporate Bonds
958349,2026-07-23T12:22:14.906+05:30,2770,Corporate Bonds
2039057,2026-07-23T07:02:57.896+05:30,1239,High Yield FDs
972133,2026-07-23T21:26:27.219+05:30,2778,Corporate Bonds
1570933,2026-07-23T14:46:06.157+05:30,2778,Corporate Bonds
878717,2026-07-23T15:16:54.988+05:30,2778,Corporate Bonds
1786776,2026-07-23T22:24:22.601+05:30,2805,Corporate Bonds
,2026-07-23T13:21:39.5+05:30,2268,Corporate Bonds
2039848,2026-07-23T14:23:21.432+05:30,2751,Corporate Bonds
2039631,2026-07-23T12:27:06.617+05:30,2594,Corporate Bonds
1975195,2026-07-23T23:44:57.841+05:30,2778,Corporate Bonds
1451174,2026-07-23T20:03:00.588+05:30,2388,Corporate Bonds
1529010,2026-07-23T23:41:24.185+05:30,2712,Corporate Bonds
728677,2026-07-23T13:32:04.011+05:30,2770,Corporate Bonds
840671,2026-07-23T21:51:06.886+05:30,2643,Securitized Debt Instruments
1377784,2026-07-23T22:41:37.751+05:30,2594,Corporate Bonds
2033376,2026-07-23T20:20:35.797+05:30,1640,Corporate Bonds
1747719,2026-07-23T17:52:14.987+05:30,2771,Corporate Bonds
1400458,2026-07-23T06:20:58.536+05:30,2771,Corporate Bonds
878717,2026-07-23T15:15:34.041+05:30,2778,Corporate Bonds
2039539,2026-07-23T11:45:21.09+05:30,2771,Corporate Bonds
1300410,2026-07-23T11:40:18.078+05:30,2786,XCase
1301341,2026-07-23T10:50:12.664+05:30,2643,Securitized Debt Instruments
1058340,2026-07-23T01:13:48.136+05:30,2644,Securitized Debt Instruments
941335,2026-07-23T11:37:08.687+05:30,2770,Corporate Bonds
418494,2026-07-23T12:29:33.706+05:30,2778,Corporate Bonds
2021908,2026-07-23T22:12:20.598+05:30,2778,Corporate Bonds
1779861,2026-07-23T19:20:36.685+05:30,2751,Corporate Bonds
1116065,2026-07-23T17:10:56.185+05:30,2770,Corporate Bonds
650465,2026-07-23T14:05:38.788+05:30,2778,Corporate Bonds
1973956,2026-07-23T13:51:47.927+05:30,2712,Corporate Bonds
1645795,2026-07-23T15:56:48.748+05:30,2778,Corporate Bonds
690973,2026-07-23T18:33:44.083+05:30,2621,Corporate Bonds
1581537,2026-07-23T10:25:14.971+05:30,2797,Corporate Bonds
1964499,2026-07-23T22:07:06.245+05:30,2805,Corporate Bonds
860735,2026-07-23T10:59:10.55+05:30,2499,Corporate Bonds
2033114,2026-07-23T21:49:34.378+05:30,2751,Corporate Bonds
1185355,2026-07-23T17:00:35.758+05:30,2733,Corporate Bonds
743235,2026-07-23T17:14:57.113+05:30,2770,Corporate Bonds
2036347,2026-07-23T00:32:52.65+05:30,2562,Corporate Bonds
878717,2026-07-23T15:15:22.637+05:30,2778,Corporate Bonds
925639,2026-07-23T18:34:27.592+05:30,2733,Corporate Bonds
1554814,2026-07-23T23:23:45.896+05:30,2407,Corporate Bonds
446442,2026-07-23T12:03:52.517+05:30,1217,Corporate Bonds
1512567,2026-07-23T20:27:04.874+05:30,1640,Corporate Bonds
785393,2026-07-23T16:40:20.807+05:30,2733,Corporate Bonds
1820553,2026-07-23T07:25:00.797+05:30,2643,Securitized Debt Instruments
1833274,2026-07-23T06:51:22.601+05:30,2773,Corporate Bonds
1438885,2026-07-23T14:52:50.983+05:30,2778,Corporate Bonds
728677,2026-07-23T13:41:50.087+05:30,2786,XCase
1079949,2026-07-23T05:45:05.116+05:30,2638,XCase
1963050,2026-07-23T12:57:01.78+05:30,2778,Corporate Bonds
117391,2026-07-23T15:15:38.742+05:30,2638,XCase
33948,2026-07-23T12:14:56.207+05:30,2778,Corporate Bonds
1581537,2026-07-23T10:49:03.24+05:30,2797,Corporate Bonds
1628923,2026-07-23T16:21:34.124+05:30,2644,Securitized Debt Instruments
1290458,2026-07-23T15:36:18.345+05:30,2771,Corporate Bonds
1188907,2026-07-23T06:30:03.423+05:30,2751,Corporate Bonds
2033376,2026-07-23T16:33:27.676+05:30,2745,Corporate Bonds
147618,2026-07-23T14:11:10.033+05:30,2794,Corporate Bonds
1606055,2026-07-23T19:07:56.417+05:30,2407,Corporate Bonds
592229,2026-07-23T04:54:58.568+05:30,2770,Corporate Bonds
2033376,2026-07-23T16:33:27.198+05:30,2745,Corporate Bonds
607506,2026-07-23T20:05:39.109+05:30,1640,Corporate Bonds
1811806,2026-07-23T19:39:51.307+05:30,2751,Corporate Bonds
2040043,2026-07-23T16:25:08.113+05:30,2733,Corporate Bonds
1430450,2026-07-23T18:47:29.89+05:30,2771,Corporate Bonds
1578401,2026-07-23T17:16:32.95+05:30,2751,Corporate Bonds
2011177,2026-07-23T10:38:18.92+05:30,2512,Corporate Bonds
1615920,2026-07-23T09:46:15.157+05:30,2499,Corporate Bonds
1497355,2026-07-23T09:44:17.081+05:30,2762,Corporate Bonds
521581,2026-07-23T10:45:42.958+05:30,1239,High Yield FDs
1732909,2026-07-23T20:13:00.852+05:30,2733,Corporate Bonds
774108,2026-07-23T14:08:14.625+05:30,2643,Securitized Debt Instruments
1510278,2026-07-23T17:26:27.947+05:30,2778,Corporate Bonds
1347269,2026-07-23T16:59:16.859+05:30,2778,Corporate Bonds
2036891,2026-07-23T15:24:32.032+05:30,2268,Corporate Bonds
736448,2026-07-23T20:26:20.609+05:30,1640,Corporate Bonds
1110021,2026-07-23T11:31:35.742+05:30,2770,Corporate Bonds
2018807,2026-07-23T17:57:45.076+05:30,1239,High Yield FDs
840671,2026-07-23T21:43:23.452+05:30,2762,Corporate Bonds
2032608,2026-07-23T17:44:08.738+05:30,2766,Corporate Bonds
2033554,2026-07-23T15:31:04.603+05:30,2770,Corporate Bonds
2012695,2026-07-23T15:26:39.099+05:30,2704,Corporate Bonds
809614,2026-07-23T20:13:50.649+05:30,2770,Corporate Bonds
2039862,2026-07-23T14:29:10.701+05:30,1217,Corporate Bonds
1978699,2026-07-23T12:35:10.86+05:30,2733,Corporate Bonds
840671,2026-07-23T21:29:27.192+05:30,2644,Securitized Debt Instruments
2033376,2026-07-23T18:58:27.302+05:30,2407,Corporate Bonds
586757,2026-07-23T12:53:24.497+05:30,2802,Securitized Debt Instruments
1565714,2026-07-23T17:54:51.719+05:30,2712,Corporate Bonds
424679,2026-07-23T17:37:59.118+05:30,2733,Corporate Bonds
1147698,2026-07-23T16:29:46.484+05:30,2778,Corporate Bonds
1577721,2026-07-23T23:58:28.59+05:30,2805,Corporate Bonds
1678999,2026-07-23T20:40:05.398+05:30,2778,Corporate Bonds
2039491,2026-07-23T13:16:38.593+05:30,1217,Corporate Bonds
2037369,2026-07-23T10:59:20.163+05:30,2733,Corporate Bonds
774108,2026-07-23T18:36:48.02+05:30,2771,Corporate Bonds
586757,2026-07-23T12:55:59.727+05:30,2802,Securitized Debt Instruments
1635774,2026-07-23T22:01:06.715+05:30,2770,Corporate Bonds
1903436,2026-07-23T08:19:54.807+05:30,2620,Corporate Bonds
2018807,2026-07-23T17:50:01.018+05:30,1239,High Yield FDs
1889687,2026-07-23T20:39:06.95+05:30,2794,Corporate Bonds
2033376,2026-07-23T16:33:26.689+05:30,2745,Corporate Bonds
1101120,2026-07-23T17:22:02.385+05:30,2797,Corporate Bonds
1649352,2026-07-23T13:06:00.358+05:30,2769,Corporate Bonds
1144,2026-07-23T02:31:48.703+05:30,2805,Corporate Bonds
1798686,2026-07-23T14:46:47.629+05:30,2767,Corporate Bonds
1362227,2026-07-23T15:36:01.058+05:30,2778,Corporate Bonds
726511,2026-07-23T20:44:39.23+05:30,2407,Corporate Bonds
1416197,2026-07-23T00:07:56.609+05:30,2446,Corporate Bonds
1984627,2026-07-23T19:26:44.814+05:30,2388,Corporate Bonds
196993,2026-07-23T13:29:08.277+05:30,2733,Corporate Bonds
1351117,2026-07-23T08:14:28.876+05:30,2770,Corporate Bonds
2037269,2026-07-23T12:58:38.461+05:30,2764,Corporate Bonds
1449684,2026-07-23T15:02:21.337+05:30,2778,Corporate Bonds
180675,2026-07-23T19:14:43.771+05:30,2778,Corporate Bonds
1539995,2026-07-23T23:54:43.399+05:30,2767,Corporate Bonds
1792413,2026-07-23T13:59:30.868+05:30,2712,Corporate Bonds
1628923,2026-07-23T16:23:31.094+05:30,2644,Securitized Debt Instruments
878717,2026-07-23T15:17:00.957+05:30,2778,Corporate Bonds
1933992,2026-07-23T19:27:22.525+05:30,2770,Corporate Bonds
1757904,2026-07-23T11:19:17.214+05:30,2794,Corporate Bonds
1800953,2026-07-23T13:04:13.908+05:30,2769,Corporate Bonds
1437192,2026-07-23T16:23:27.419+05:30,2770,Corporate Bonds
1290631,2026-07-23T11:20:25.621+05:30,2751,Corporate Bonds
878717,2026-07-23T15:15:32.726+05:30,2778,Corporate Bonds
708369,2026-07-23T18:54:11.407+05:30,1239,High Yield FDs
637684,2026-07-23T08:38:39.076+05:30,2268,Corporate Bonds
1868546,2026-07-23T20:24:22.688+05:30,2773,Corporate Bonds
2039862,2026-07-23T14:29:50.128+05:30,1217,Corporate Bonds
2038909,2026-07-23T01:17:46.965+05:30,2771,Corporate Bonds
1510290,2026-07-23T10:25:28.224+05:30,2770,Corporate Bonds
783981,2026-07-23T23:19:14.105+05:30,2762,Corporate Bonds
1198079,2026-07-23T20:25:33.61+05:30,2407,Corporate Bonds
1622609,2026-07-23T20:04:55.747+05:30,2771,Corporate Bonds
1732909,2026-07-23T16:55:05.737+05:30,2594,Corporate Bonds
114037,2026-07-23T04:32:24.741+05:30,2620,Corporate Bonds
2026415,2026-07-23T16:52:48.27+05:30,2733,Corporate Bonds
1391081,2026-07-23T12:03:20.041+05:30,1096,High Yield FDs
1391081,2026-07-23T10:25:00.733+05:30,1096,High Yield FDs
2040268,2026-07-23T18:33:24.898+05:30,2771,Corporate Bonds
968183,2026-07-23T10:36:50.605+05:30,2762,Corporate Bonds
1554814,2026-07-23T23:22:18.685+05:30,2407,Corporate Bonds
2031039,2026-07-23T17:07:45.619+05:30,2771,Corporate Bonds
1578401,2026-07-23T17:16:20.452+05:30,2751,Corporate Bonds
1106056,2026-07-23T12:29:47.062+05:30,2712,Corporate Bonds
824540,2026-07-23T19:19:34.517+05:30,2388,Corporate Bonds
722759,2026-07-23T17:21:29.625+05:30,2752,Corporate Bonds
1303993,2026-07-23T11:47:07.396+05:30,2341,Corporate Bonds
529990,2026-07-23T12:53:32.553+05:30,2644,Securitized Debt Instruments
2026415,2026-07-23T16:52:07.153+05:30,2799,Corporate Bonds
1034142,2026-07-23T03:23:38.978+05:30,1096,High Yield FDs
2039862,2026-07-23T14:29:01.339+05:30,1217,Corporate Bonds
708369,2026-07-23T19:07:37.094+05:30,1239,High Yield FDs
734770,2026-07-23T22:06:02.89+05:30,2703,Corporate Bonds
2031324,2026-07-23T19:41:56.946+05:30,2751,Corporate Bonds
1889687,2026-07-23T20:38:58.574+05:30,2794,Corporate Bonds
1675953,2026-07-23T23:31:36.546+05:30,2643,Securitized Debt Instruments
1332987,2026-07-23T13:19:54.428+05:30,2805,Corporate Bonds
1965346,2026-07-23T12:36:48.861+05:30,2778,Corporate Bonds
1289037,2026-07-23T22:55:48.035+05:30,2499,Corporate Bonds
1039020,2026-07-23T07:28:50.174+05:30,2770,Corporate Bonds
857346,2026-07-23T18:45:50.079+05:30,2388,Corporate Bonds
2040242,2026-07-23T17:58:35.285+05:30,2751,Corporate Bonds
962528,2026-07-23T13:58:29.332+05:30,2766,Corporate Bonds
2033376,2026-07-23T16:32:32.902+05:30,2745,Corporate Bonds
870864,2026-07-23T08:12:15.791+05:30,2643,Securitized Debt Instruments
1512567,2026-07-23T20:28:07.457+05:30,1640,Corporate Bonds
972133,2026-07-23T21:22:33.158+05:30,2778,Corporate Bonds
649334,2026-07-23T17:50:30.206+05:30,2806,Corporate Bonds
370546,2026-07-23T21:29:28.739+05:30,2644,Securitized Debt Instruments
1574275,2026-07-23T21:46:36.005+05:30,2794,Corporate Bonds
1383957,2026-07-23T23:26:37.672+05:30,2778,Corporate Bonds
2013955,2026-07-23T11:58:48.704+05:30,2771,Corporate Bonds
121838,2026-07-23T18:50:41.075+05:30,2781,Corporate Bonds
2023867,2026-07-23T19:17:36.575+05:30,1640,Corporate Bonds
537888,2026-07-23T18:17:21.057+05:30,2771,Corporate Bonds
925639,2026-07-23T18:15:14.01+05:30,2407,Corporate Bonds
2040801,2026-07-23T23:17:22.615+05:30,2751,Corporate Bonds
979598,2026-07-23T20:12:22.204+05:30,2621,Corporate Bonds
1354013,2026-07-23T17:31:27.174+05:30,2762,Corporate Bonds
1874293,2026-07-23T14:34:16.711+05:30,2629,Corporate Bonds
2038446,2026-07-23T09:56:16.833+05:30,2268,Corporate Bonds
1400879,2026-07-23T23:14:35.855+05:30,2594,Corporate Bonds
2040607,2026-07-23T21:21:50.588+05:30,2771,Corporate Bonds
1956538,2026-07-23T19:26:07.307+05:30,2407,Corporate Bonds
1970901,2026-07-23T12:34:33.67+05:30,2770,Corporate Bonds
1359074,2026-07-23T21:09:17.169+05:30,2747,Corporate Bonds
1110021,2026-07-23T17:24:53.133+05:30,2770,Corporate Bonds
2033376,2026-07-23T14:54:00.555+05:30,2664,XCase
2037047,2026-07-23T10:20:09.054+05:30,2268,Corporate Bonds
2039461,2026-07-23T11:32:48.526+05:30,2769,Corporate Bonds
878717,2026-07-23T15:15:41.092+05:30,2778,Corporate Bonds
1732909,2026-07-23T16:49:44.374+05:30,2620,Corporate Bonds
1928298,2026-07-23T20:34:51.232+05:30,2407,Corporate Bonds
930388,2026-07-23T11:59:18.087+05:30,2594,Corporate Bonds
1265595,2026-07-23T16:02:42.018+05:30,2781,Corporate Bonds
1202656,2026-07-23T16:12:33.48+05:30,2770,Corporate Bonds
2033376,2026-07-23T16:32:32.336+05:30,2745,Corporate Bonds
1615920,2026-07-23T09:46:18.813+05:30,2499,Corporate Bonds
872978,2026-07-23T13:06:20.359+05:30,2793,Corporate Bonds
2020257,2026-07-23T15:28:57.267+05:30,2778,Corporate Bonds
716785,2026-07-23T14:35:21.211+05:30,2704,Corporate Bonds
1973524,2026-07-23T23:22:52.334+05:30,2771,Corporate Bonds
352365,2026-07-23T09:33:14.859+05:30,2704,Corporate Bonds
948818,2026-07-23T23:12:07.481+05:30,2644,Securitized Debt Instruments
944534,2026-07-23T13:42:02.381+05:30,2704,Corporate Bonds
977222,2026-07-23T12:53:45.042+05:30,2778,Corporate Bonds
1889687,2026-07-23T20:39:05.031+05:30,2794,Corporate Bonds
959116,2026-07-23T16:10:18.67+05:30,2778,Corporate Bonds
446442,2026-07-23T09:35:25.461+05:30,2770,Corporate Bonds
114037,2026-07-23T17:32:00.086+05:30,2802,Securitized Debt Instruments
1811806,2026-07-23T18:15:32.478+05:30,2751,Corporate Bonds
2039844,2026-07-23T14:37:49.577+05:30,2325,Corporate Bonds
798204,2026-07-23T11:44:24.995+05:30,2805,Corporate Bonds
878936,2026-07-23T18:36:51.673+05:30,2771,Corporate Bonds
661819,2026-07-23T17:56:07.142+05:30,2388,Corporate Bonds
2022769,2026-07-23T11:49:17.876+05:30,2771,Corporate Bonds
918575,2026-07-23T11:22:23.219+05:30,2767,Corporate Bonds
1300504,2026-07-23T10:35:37.262+05:30,2512,Corporate Bonds
500891,2026-07-23T18:25:10.089+05:30,2771,Corporate Bonds
2027516,2026-07-23T14:10:42.636+05:30,2781,Corporate Bonds
2027516,2026-07-23T13:11:39.785+05:30,2781,Corporate Bonds
2037658,2026-07-23T14:37:50.902+05:30,2771,Corporate Bonds
1578401,2026-07-23T17:16:33.005+05:30,2751,Corporate Bonds
975451,2026-07-23T14:40:32.857+05:30,2778,Corporate Bonds
780648,2026-07-23T20:15:37.686+05:30,2562,Corporate Bonds
661819,2026-07-23T18:03:19.842+05:30,1640,Corporate Bonds
1979955,2026-07-23T10:55:56.318+05:30,2733,Corporate Bonds
2031704,2026-07-23T07:30:55.167+05:30,2774,Corporate Bonds
1929429,2026-07-23T08:31:19.311+05:30,2781,Corporate Bonds
1633243,2026-07-23T19:19:18.949+05:30,2688,Securitized Debt Instruments
2009285,2026-07-23T12:17:56.718+05:30,2770,Corporate Bonds
2015191,2026-07-23T12:01:05.33+05:30,2794,Corporate Bonds
1329498,2026-07-23T00:00:26.964+05:30,2268,Corporate Bonds
1578401,2026-07-23T17:16:32.285+05:30,2751,Corporate Bonds
1874293,2026-07-23T16:30:11.349+05:30,2778,Corporate Bonds
1581537,2026-07-23T10:23:49.927+05:30,2797,Corporate Bonds
556531,2026-07-23T21:52:34.807+05:30,2794,Corporate Bonds
1554814,2026-07-23T23:38:14.775+05:30,2407,Corporate Bonds
1279818,2026-07-23T09:39:52.3+05:30,2805,Corporate Bonds
743235,2026-07-23T17:12:33.879+05:30,2770,Corporate Bonds
2039280,2026-07-23T09:35:08.813+05:30,2771,Corporate Bonds
1514346,2026-07-23T18:34:59.41+05:30,2771,Corporate Bonds
1730164,2026-07-23T23:25:30.378+05:30,2733,Corporate Bonds
1400879,2026-07-23T23:16:26.865+05:30,2644,Securitized Debt Instruments
2040119,2026-07-23T16:55:04.031+05:30,2499,Corporate Bonds
1943913,2026-07-23T14:50:13.381+05:30,2643,Securitized Debt Instruments
1869047,2026-07-23T11:34:01.102+05:30,2751,Corporate Bonds
1138428,2026-07-23T17:57:46.409+05:30,2644,Securitized Debt Instruments
898315,2026-07-23T21:48:46.511+05:30,2762,Corporate Bonds
1255767,2026-07-23T08:51:06.063+05:30,2770,Corporate Bonds
1552516,2026-07-23T00:13:28.675+05:30,2770,Corporate Bonds
576524,2026-07-23T17:19:12.501+05:30,2703,Corporate Bonds
2023867,2026-07-23T19:16:36.001+05:30,1640,Corporate Bonds
1865215,2026-07-23T18:26:29.994+05:30,2621,Corporate Bonds
878717,2026-07-23T15:15:33.476+05:30,2778,Corporate Bonds
860011,2026-07-23T00:14:15.193+05:30,2770,Corporate Bonds
1430450,2026-07-23T18:48:32.655+05:30,2771,Corporate Bonds
1400458,2026-07-23T06:21:02.518+05:30,2771,Corporate Bonds
1205107,2026-07-23T22:20:42.19+05:30,2770,Corporate Bonds
821274,2026-07-23T18:29:52.944+05:30,2781,Corporate Bonds
2029705,2026-07-23T08:58:25.545+05:30,2499,Corporate Bonds
2021908,2026-07-23T21:46:15.304+05:30,2778,Corporate Bonds
1293321,2026-07-23T17:27:47.421+05:30,2751,Corporate Bonds
1819845,2026-07-23T10:27:30.537+05:30,1095,High Yield FDs
1578401,2026-07-23T17:16:24.389+05:30,2751,Corporate Bonds
2038391,2026-07-23T08:51:50.908+05:30,2771,Corporate Bonds
1846576,2026-07-23T10:33:19.203+05:30,2771,Corporate Bonds
1187905,2026-07-23T00:30:55.429+05:30,2771,Corporate Bonds
1512567,2026-07-23T21:34:42.721+05:30,2733,Corporate Bonds
424679,2026-07-23T17:47:13.049+05:30,2733,Corporate Bonds
2039057,2026-07-23T10:28:58.968+05:30,1239,High Yield FDs
1034142,2026-07-23T03:15:00.118+05:30,2622,Corporate Bonds
457092,2026-07-23T10:06:40.414+05:30,2750,Corporate Bonds
1970901,2026-07-23T12:34:11.442+05:30,2770,Corporate Bonds
1516978,2026-07-23T13:25:53.94+05:30,2751,Corporate Bonds
1623022,2026-07-23T12:57:30.708+05:30,2751,Corporate Bonds
1347821,2026-07-23T16:03:40.694+05:30,2778,Corporate Bonds
1606277,2026-07-23T22:17:02.333+05:30,2733,Corporate Bonds
1383957,2026-07-23T23:28:12.148+05:30,2778,Corporate Bonds
1791047,2026-07-23T10:46:26.333+05:30,2733,Corporate Bonds
1510949,2026-07-23T16:15:13.207+05:30,2770,Corporate Bonds
944534,2026-07-23T15:04:24.215+05:30,2594,Corporate Bonds
1014774,2026-07-23T18:29:54.133+05:30,2643,Securitized Debt Instruments
972133,2026-07-23T21:20:32.602+05:30,2767,Corporate Bonds
1337722,2026-07-23T12:16:09.189+05:30,2778,Corporate Bonds
1734225,2026-07-23T01:42:38.322+05:30,2762,Corporate Bonds
2038830,2026-07-23T14:29:18.427+05:30,2771,Corporate Bonds
1846576,2026-07-23T10:21:17.485+05:30,2771,Corporate Bonds
2039311,2026-07-23T11:23:01.76+05:30,2764,Corporate Bonds
2034208,2026-07-23T10:59:19.325+05:30,2781,Corporate Bonds
1578401,2026-07-23T17:16:36.499+05:30,2751,Corporate Bonds
1679040,2026-07-23T15:43:29.331+05:30,2797,Corporate Bonds
2039971,2026-07-23T15:52:54.195+05:30,2268,Corporate Bonds
887435,2026-07-23T10:19:54.109+05:30,2769,Corporate Bonds
813669,2026-07-23T20:01:26.055+05:30,2802,Securitized Debt Instruments
1961241,2026-07-23T13:51:53.294+05:30,2770,Corporate Bonds
1022276,2026-07-23T09:22:37.105+05:30,2770,Corporate Bonds
1466970,2026-07-23T12:09:13.228+05:30,2805,Corporate Bonds
1363572,2026-07-23T20:09:39.242+05:30,2770,Corporate Bonds
351771,2026-07-23T17:27:09.122+05:30,2643,Securitized Debt Instruments
1095430,2026-07-23T18:32:12.107+05:30,2388,Corporate Bonds
844321,2026-07-23T09:28:15.909+05:30,2781,Corporate Bonds
780284,2026-07-23T20:45:19.549+05:30,2499,Corporate Bonds
1034142,2026-07-23T03:16:25.691+05:30,2268,Corporate Bonds
2014529,2026-07-23T22:40:05.88+05:30,2407,Corporate Bonds
2040594,2026-07-23T21:10:53.555+05:30,2771,Corporate Bonds
2039714,2026-07-23T13:06:28.104+05:30,1217,Corporate Bonds
1578401,2026-07-23T17:16:32.762+05:30,2751,Corporate Bonds
1388406,2026-07-23T14:15:46.186+05:30,2751,Corporate Bonds
1396803,2026-07-23T23:32:08.722+05:30,2805,Corporate Bonds
1578401,2026-07-23T17:16:36.224+05:30,2751,Corporate Bonds
1134268,2026-07-23T16:21:24.305+05:30,2733,Corporate Bonds
2040510,2026-07-23T21:46:48.988+05:30,1217,Corporate Bonds
1732909,2026-07-23T20:34:21.552+05:30,2407,Corporate Bonds
1942594,2026-07-23T16:31:56.681+05:30,2778,Corporate Bonds
2034674,2026-07-23T09:55:47.811+05:30,2751,Corporate Bonds
723817,2026-07-23T13:03:36.073+05:30,2704,Corporate Bonds
2033376,2026-07-23T16:33:35.724+05:30,2745,Corporate Bonds
1855335,2026-07-23T02:13:11.638+05:30,2751,Corporate Bonds
2039858,2026-07-23T14:29:24.549+05:30,2751,Corporate Bonds
1474843,2026-07-23T15:43:49.009+05:30,2770,Corporate Bonds
927923,2026-07-23T05:23:16.66+05:30,2643,Securitized Debt Instruments
1322637,2026-07-23T17:31:21.025+05:30,2770,Corporate Bonds
1578401,2026-07-23T17:16:09.407+05:30,2751,Corporate Bonds
1489679,2026-07-23T20:23:54.695+05:30,1292,High Yield FDs
690973,2026-07-23T18:37:10.791+05:30,2388,Corporate Bonds
189907,2026-07-23T17:17:49.835+05:30,2778,Corporate Bonds
1382707,2026-07-23T23:09:51.847+05:30,2771,Corporate Bonds
840671,2026-07-23T21:34:34.053+05:30,2341,Corporate Bonds
2033376,2026-07-23T16:32:26.391+05:30,2745,Corporate Bonds
1732909,2026-07-23T16:41:20.731+05:30,2643,Securitized Debt Instruments
1438885,2026-07-23T14:55:39.471+05:30,2770,Corporate Bonds
1149774,2026-07-23T14:22:38.447+05:30,2704,Corporate Bonds
1397054,2026-07-23T18:36:14.708+05:30,2751,Corporate Bonds
2039491,2026-07-23T13:44:15.878+05:30,2268,Corporate Bonds
2011177,2026-07-23T10:38:33.149+05:30,2512,Corporate Bonds
2039755,2026-07-23T13:54:45.13+05:30,2771,Corporate Bonds
213363,2026-07-23T13:27:00.123+05:30,2643,Securitized Debt Instruments
2037410,2026-07-23T09:00:30.406+05:30,2762,Corporate Bonds
117391,2026-07-23T15:15:03.34+05:30,2638,XCase
446442,2026-07-23T11:28:30.742+05:30,2643,Securitized Debt Instruments
1016174,2026-07-23T07:20:44.612+05:30,2767,Corporate Bonds
2035367,2026-07-23T15:41:53.988+05:30,2733,Corporate Bonds
730530,2026-07-23T13:38:53.345+05:30,2778,Corporate Bonds
738406,2026-07-23T19:07:56.67+05:30,2778,Corporate Bonds
1138428,2026-07-23T17:57:45.728+05:30,2644,Securitized Debt Instruments
1729783,2026-07-23T18:38:06.326+05:30,2771,Corporate Bonds
533183,2026-07-23T12:40:45.66+05:30,2805,Corporate Bonds
1578401,2026-07-23T17:16:35.142+05:30,2751,Corporate Bonds
1732909,2026-07-23T16:57:58.769+05:30,2733,Corporate Bonds
1281698,2026-07-23T15:00:10.384+05:30,2751,Corporate Bonds
1802612,2026-07-23T02:07:04.331+05:30,2325,Corporate Bonds
1288156,2026-07-23T08:59:02.533+05:30,2592,Corporate Bonds
1438885,2026-07-23T14:55:31.678+05:30,2770,Corporate Bonds
1888539,2026-07-23T19:45:43.297+05:30,2793,Corporate Bonds
533183,2026-07-23T12:35:47.759+05:30,2644,Securitized Debt Instruments
1975195,2026-07-23T23:56:15.935+05:30,2778,Corporate Bonds
1578401,2026-07-23T17:16:23.317+05:30,2751,Corporate Bonds
934079,2026-07-23T12:49:42.676+05:30,2771,Corporate Bonds
1846576,2026-07-23T10:28:17.293+05:30,2771,Corporate Bonds
1245755,2026-07-23T19:22:34.861+05:30,2647,XCase
1869047,2026-07-23T11:37:18.391+05:30,2751,Corporate Bonds
69451,2026-07-23T11:07:48.42+05:30,2778,Corporate Bonds
189907,2026-07-23T17:23:04.959+05:30,2767,Corporate Bonds
1279818,2026-07-23T17:40:09.378+05:30,2799,Corporate Bonds
2039702,2026-07-23T12:53:15.409+05:30,2771,Corporate Bonds
224356,2026-07-23T15:21:21.397+05:30,2770,Corporate Bonds
1145464,2026-07-23T19:49:49.234+05:30,2407,Corporate Bonds
854337,2026-07-23T17:03:55.428+05:30,2778,Corporate Bonds
1155702,2026-07-23T17:35:34.322+05:30,2733,Corporate Bonds
2036476,2026-07-23T22:41:14.237+05:30,2638,XCase
474184,2026-07-23T11:32:53.665+05:30,2767,Corporate Bonds
1727343,2026-07-23T20:15:25.345+05:30,2733,Corporate Bonds
834340,2026-07-23T12:05:34.533+05:30,2778,Corporate Bonds
1000315,2026-07-23T13:28:38.856+05:30,2733,Corporate Bonds
2040043,2026-07-23T16:28:55.168+05:30,2770,Corporate Bonds
1265595,2026-07-23T15:55:23.039+05:30,2781,Corporate Bonds
1844649,2026-07-23T16:03:01.603+05:30,2770,Corporate Bonds
1430450,2026-07-23T18:43:54.583+05:30,2771,Corporate Bonds
785393,2026-07-23T16:55:35.836+05:30,2794,Corporate Bonds
315936,2026-07-23T21:05:06.281+05:30,2805,Corporate Bonds
1730164,2026-07-23T23:31:05.643+05:30,2704,Corporate Bonds
2037269,2026-07-23T12:58:28.107+05:30,2764,Corporate Bonds
1710501,2026-07-23T01:46:58.586+05:30,2771,Corporate Bonds
878717,2026-07-23T15:15:37.248+05:30,2778,Corporate Bonds
2033376,2026-07-23T16:32:31.751+05:30,2745,Corporate Bonds
1914807,2026-07-23T09:44:09.601+05:30,2704,Corporate Bonds
514220,2026-07-23T18:51:27.69+05:30,2407,Corporate Bonds
1790825,2026-07-23T20:40:52.59+05:30,2778,Corporate Bonds
2040193,2026-07-23T17:31:08.947+05:30,2771,Corporate Bonds
1044382,2026-07-23T18:28:18.957+05:30,2268,Corporate Bonds
952329,2026-07-23T02:59:35.199+05:30,2805,Corporate Bonds
260615,2026-07-23T12:28:28.501+05:30,2766,Corporate Bonds
1332888,2026-07-23T13:22:25.59+05:30,2771,Corporate Bonds
972133,2026-07-23T21:22:44.318+05:30,2778,Corporate Bonds
446442,2026-07-23T10:01:42.612+05:30,2778,Corporate Bonds
892508,2026-07-23T10:20:52.852+05:30,2778,Corporate Bonds
2033376,2026-07-23T16:32:33.261+05:30,2745,Corporate Bonds
1751411,2026-07-23T17:55:29.413+05:30,2704,Corporate Bonds
839540,2026-07-23T20:03:46.315+05:30,2794,Corporate Bonds
1998616,2026-07-23T12:45:36.409+05:30,2594,Corporate Bonds
114037,2026-07-23T13:50:17.86+05:30,2802,Securitized Debt Instruments
1674159,2026-07-23T14:42:55.485+05:30,2778,Corporate Bonds
1889771,2026-07-23T21:31:20.52+05:30,2407,Corporate Bonds
738779,2026-07-23T09:14:56.839+05:30,2704,Corporate Bonds
976496,2026-07-23T07:25:15.932+05:30,2644,Securitized Debt Instruments
1128622,2026-07-23T18:02:56.521+05:30,2499,Corporate Bonds
1847425,2026-07-23T16:10:39.547+05:30,2786,XCase
,2026-07-23T09:31:32.19+05:30,2805,Corporate Bonds
2035367,2026-07-23T17:23:00.05+05:30,2762,Corporate Bonds
1732909,2026-07-23T13:28:00.766+05:30,2643,Securitized Debt Instruments
838661,2026-07-23T18:02:21.113+05:30,2771,Corporate Bonds
1751411,2026-07-23T17:57:43.177+05:30,2703,Corporate Bonds
2035367,2026-07-23T17:12:23.518+05:30,2762,Corporate Bonds
2039491,2026-07-23T13:16:50.271+05:30,1217,Corporate Bonds
779636,2026-07-23T18:58:32.573+05:30,2778,Corporate Bonds
2033114,2026-07-23T22:09:20.16+05:30,2779,Corporate Bonds
824533,2026-07-23T18:20:11.61+05:30,2703,Corporate Bonds
1998616,2026-07-23T08:05:09.574+05:30,2778,Corporate Bonds
1034142,2026-07-23T03:14:29.198+05:30,1217,Corporate Bonds
959309,2026-07-23T13:20:40.746+05:30,2771,Corporate Bonds
1865215,2026-07-23T17:01:56.916+05:30,2622,Corporate Bonds
1578401,2026-07-23T17:16:32.621+05:30,2751,Corporate Bonds
2038969,2026-07-23T02:37:17.812+05:30,1095,High Yield FDs
1046013,2026-07-23T11:23:31.027+05:30,2806,Corporate Bonds
2026686,2026-07-23T15:54:11.892+05:30,2268,Corporate Bonds
1199472,2026-07-23T07:39:40.136+05:30,2750,Corporate Bonds
1116805,2026-07-23T15:10:49.028+05:30,2733,Corporate Bonds
2038830,2026-07-23T14:24:58.9+05:30,2268,Corporate Bonds
1034142,2026-07-23T03:07:45.362+05:30,2799,Corporate Bonds
828286,2026-07-23T17:22:17.748+05:30,2762,Corporate Bonds
2038853,2026-07-23T00:28:04.448+05:30,2771,Corporate Bonds
739708,2026-07-23T09:31:31.778+05:30,2778,Corporate Bonds
1846576,2026-07-23T10:28:59.873+05:30,2771,Corporate Bonds
2033376,2026-07-23T16:33:24.721+05:30,2745,Corporate Bonds
29181,2026-07-23T19:33:49.135+05:30,2644,Securitized Debt Instruments
1578401,2026-07-23T17:16:33.962+05:30,2751,Corporate Bonds
1797344,2026-07-23T08:03:33.081+05:30,2770,Corporate Bonds
1282136,2026-07-23T19:07:50.861+05:30,2797,Corporate Bonds
1731965,2026-07-23T19:29:10.179+05:30,2407,Corporate Bonds
2040314,2026-07-23T18:43:41.62+05:30,2268,Corporate Bonds
1624794,2026-07-23T22:43:07.229+05:30,2276,Corporate Bonds
1151435,2026-07-23T16:51:16.736+05:30,2794,Corporate Bonds
1620566,2026-07-23T11:53:14.928+05:30,1986,Corporate Bonds
