timestamp,context_session_id,user_id,active_tab,assets_visible_count
2026-04-02T19:14:47.13+05:30,1775137472603.0,622564.0,bonds,33
2026-04-02T19:15:46.619+05:30,1775137472603.0,622564.0,sdi,33
2026-04-02T19:15:48.918+05:30,1775137108831.0,1755796.0,bonds,33
2026-04-02T19:15:50.189+05:30,1775137472603.0,622564.0,sdi,33
2026-04-02T19:15:54.27+05:30,1775137472603.0,622564.0,sdi,33
2026-04-02T19:16:21.8+05:30,1775137356737.0,1189978.0,bonds,5
2026-04-02T19:17:19.816+05:30,1775136271084.0,715615.0,bonds,32
2026-04-02T19:17:29.209+05:30,1775136271084.0,715615.0,bonds,32
2026-04-02T19:18:01.402+05:30,1775137672721.0,1612337.0,bonds,32
2026-04-02T19:18:32.562+05:30,1775136271084.0,715615.0,bonds,32
2026-04-02T19:18:42.064+05:30,1775137718231.0,20110.0,bonds,32
2026-04-02T19:18:56.597+05:30,1775136271084.0,715615.0,bonds,32
2026-04-02T19:19:02.259+05:30,1775137672721.0,1612337.0,bonds,32
2026-04-02T19:19:46.325+05:30,1775137672721.0,1612337.0,bonds,32
2026-04-02T19:19:58.168+05:30,1775137795982.0,1232728.0,bonds,33
2026-04-02T19:20:03.161+05:30,1775137672721.0,1612337.0,bonds,32
2026-04-02T19:20:21.423+05:30,1775136271084.0,715615.0,bonds,32
2026-04-02T19:20:26.541+05:30,1775137672721.0,1612337.0,bonds,32
2026-04-02T19:20:46.749+05:30,1775137821346.0,20110.0,bonds,32
2026-04-02T19:21:12.92+05:30,1775137821346.0,20110.0,sdi,32
2026-04-02T19:22:24.283+05:30,1775136271084.0,715615.0,bonds,32
2026-04-02T19:22:27.572+05:30,1775136271084.0,715615.0,bonds,32
2026-04-02T19:22:32.702+05:30,1775136271084.0,715615.0,bonds,32
2026-04-02T19:23:13.077+05:30,1775137831533.0,1725198.0,bonds,32
2026-04-02T19:25:33.004+05:30,1775136271084.0,715615.0,bonds,32
2026-04-02T19:29:45.235+05:30,1775136271084.0,715615.0,highyieldfd,32
2026-04-02T19:30:24.236+05:30,1775137472603.0,622564.0,sdi,33
2026-04-02T19:30:53.951+05:30,1775136271084.0,715615.0,bonds,32
2026-04-02T19:32:27.819+05:30,1775136271084.0,715615.0,bonds,32
2026-04-02T19:32:40.605+05:30,1775136271084.0,715615.0,bonds,32
2026-04-02T19:32:54.241+05:30,1775136271084.0,715615.0,bonds,32
2026-04-02T19:33:06.523+05:30,1775136271084.0,715615.0,bonds,32
2026-04-02T19:33:47.894+05:30,1775136271084.0,715615.0,bonds,32
2026-04-02T19:34:31.321+05:30,1775137821346.0,20110.0,sdi,32
2026-04-02T19:34:41.215+05:30,1775137821346.0,20110.0,sdi,32
2026-04-02T19:34:55.969+05:30,1775136271084.0,715615.0,bonds,32
2026-04-02T19:36:50.48+05:30,1775137821346.0,20110.0,bonds,32
2026-04-02T19:37:09.098+05:30,1775137821346.0,20110.0,bonds,32
2026-04-02T19:37:15.797+05:30,1775138830880.0,715615.0,bonds,32
2026-04-02T19:37:16.944+05:30,1775137821346.0,20110.0,bonds,32
2026-04-02T19:38:12.75+05:30,1775137795982.0,1232728.0,bonds,33
2026-04-02T19:38:24.659+05:30,1775137795982.0,1232728.0,bonds,33
2026-04-02T19:38:28.609+05:30,1775137795982.0,1232728.0,bonds,33
2026-04-02T19:38:45.351+05:30,1775138499176.0,514187.0,bonds,32
2026-04-02T19:39:10.81+05:30,1775138499176.0,514187.0,bonds,32
2026-04-02T19:47:23.739+05:30,1775138830880.0,715615.0,sdi,32
2026-04-02T19:48:20.701+05:30,1775139367930.0,941335.0,bonds,32
2026-04-02T19:48:50.311+05:30,1775139510163.0,715615.0,bonds,33
2026-04-02T19:49:06.637+05:30,1775139510163.0,715615.0,bonds,33
2026-04-02T19:49:52.266+05:30,1775139510163.0,715615.0,bonds,33
2026-04-02T19:55:28.071+05:30,1775139834411.0,1127103.0,bonds,33
2026-04-02T20:04:23.839+05:30,1775140456366.0,2.0,bonds,35
2026-04-02T20:04:44.169+05:30,1775140456366.0,2.0,bonds,35
2026-04-02T20:05:15.041+05:30,1775140456366.0,2.0,highyieldfd,35
2026-04-02T20:05:22.963+05:30,1775140456366.0,2.0,highyieldfd,35
2026-04-02T20:05:48.603+05:30,1775140546362.0,2.0,bonds,35
2026-04-02T20:05:56.671+05:30,1775140546362.0,2.0,bonds,35
2026-04-02T20:06:00.104+05:30,1775140546362.0,2.0,sdi,35
2026-04-02T20:06:16.314+05:30,1775140546362.0,2.0,bonds,35
2026-04-02T20:09:07.396+05:30,1775140727551.0,1513938.0,bonds,35
2026-04-02T20:09:10.857+05:30,1775140565910.0,1665726.0,bonds,33
2026-04-02T20:12:23.137+05:30,1775140486157.0,317619.0,bonds,33
2026-04-02T20:15:51.426+05:30,1775140565910.0,1665726.0,bonds,33
2026-04-02T20:24:18.533+05:30,1775136709938.0,1735954.0,bonds,28
2026-04-02T20:26:06.249+05:30,1775141468181.0,1698706.0,bonds,28
2026-04-02T20:34:52.325+05:30,1775141050501.0,1333747.0,bonds,28
2026-04-02T20:35:33.746+05:30,1775142266406.0,1750864.0,highyieldfd,35
2026-04-02T20:37:37.265+05:30,1775142455277.0,20110.0,bonds,32
2026-04-02T20:37:46.091+05:30,1775142455277.0,20110.0,bonds,33
2026-04-02T20:37:51.022+05:30,1775142455277.0,20110.0,highyieldfd,33
2026-04-02T20:38:08.336+05:30,1775142455277.0,20110.0,highyieldfd,33
2026-04-02T20:46:22.158+05:30,1775142792826.0,1756561.0,bonds,35
2026-04-02T20:46:41.703+05:30,1775142997766.0,458292.0,bonds,34
2026-04-02T20:52:03.102+05:30,1775142792826.0,1756561.0,bonds,34
2026-04-02T20:55:43.996+05:30,1775143316157.0,1131882.0,bonds,31
2026-04-02T21:14:01.686+05:30,1775144516411.0,858404.0,bonds,5
2026-04-02T21:36:03.176+05:30,1775145504289.0,1563844.0,bonds,31
2026-04-02T21:55:03.65+05:30,1775146920181.0,1545454.0,highyieldfd,31
2026-04-02T21:58:15.237+05:30,1775146678054.0,1737810.0,bonds,34
2026-04-02T22:07:31.656+05:30,1775147815266.0,2.0,bonds,34
2026-04-02T22:07:44.204+05:30,1775147815266.0,2.0,bonds,34
2026-04-02T22:23:28.89+05:30,1775148675183.0,1756726.0,bonds,34
2026-04-02T23:00:08.132+05:30,1775150949312.0,1391534.0,bonds,34
2026-04-02T23:05:21.634+05:30,1775151292280.0,861717.0,bonds,31
2026-04-02T23:08:19.266+05:30,1775151114263.0,1756812.0,bonds,34
2026-04-02T23:17:02.18+05:30,1775151921409.0,1724448.0,bonds,34
2026-04-02T23:18:10.785+05:30,1775151921409.0,1724448.0,bonds,34
2026-04-02T23:21:00.108+05:30,1775152053451.0,1109927.0,bonds,5
2026-04-02T23:23:02.439+05:30,1775152343796.0,1346557.0,bonds,26
2026-04-02T23:23:53.817+05:30,1775152428907.0,798814.0,bonds,31
2026-04-02T23:24:39.004+05:30,1775152281716.0,736448.0,bonds,31
2026-04-02T23:26:28.753+05:30,1775152513900.0,754336.0,bonds,31
2026-04-02T23:51:58.97+05:30,1775154076643.0,315936.0,bonds,30
2026-04-03T00:03:31.725+05:30,1775154211372.0,34176.0,bonds,34
2026-04-03T00:11:33.665+05:30,1775155193053.0,1756927.0,bonds,34
2026-04-03T00:14:37.179+05:30,1775155381558.0,1756936.0,bonds,34
2026-04-03T00:28:24.548+05:30,1775156257071.0,1721684.0,bonds,5
2026-04-03T00:33:21.768+05:30,1775156573328.0,47039.0,bonds,31
2026-04-03T00:46:50.872+05:30,1775157339173.0,1358102.0,bonds,31
2026-04-03T00:47:44.291+05:30,1775157284141.0,1501222.0,bonds,34
2026-04-03T00:50:20.915+05:30,1775157566096.0,1484813.0,bonds,31
2026-04-03T00:55:41.769+05:30,1775157732078.0,978859.0,bonds,31
2026-04-03T00:58:40.771+05:30,1775158074683.0,662977.0,bonds,31
2026-04-03T01:01:03.904+05:30,1775158144180.0,1757029.0,bonds,34
2026-04-03T01:10:17.409+05:30,1775158768700.0,1757042.0,bonds,33
2026-04-03T01:32:11.536+05:30,1775160115155.0,1528238.0,bonds,33
2026-04-03T02:01:27.123+05:30,1775161123067.0,1757094.0,bonds,33
2026-04-03T02:29:49.232+05:30,1775163568047.0,1216470.0,bonds,5
2026-04-03T03:21:30.284+05:30,1775165845744.0,1640017.0,bonds,33
2026-04-03T06:03:46.165+05:30,1775175289216.0,1757202.0,bonds,33
2026-04-03T06:07:33.613+05:30,1775175289216.0,1757202.0,bonds,33
2026-04-03T06:20:15.739+05:30,1775177355041.0,1671568.0,bonds,33
2026-04-03T06:47:24.803+05:30,1775179039515.0,2.0,bonds,33
2026-04-03T06:48:17.632+05:30,1775179083153.0,2.0,bonds,33
2026-04-03T07:09:05.731+05:30,1775179833606.0,1757261.0,bonds,33
2026-04-03T07:09:38.825+05:30,1775180068334.0,45810.0,bonds,5
2026-04-03T07:09:44.974+05:30,1775179410643.0,963106.0,bonds,30
2026-04-03T07:26:31.219+05:30,1775181216474.0,1757294.0,bonds,33
2026-04-03T07:27:05.755+05:30,1775180763567.0,1757277.0,bonds,33
2026-04-03T07:40:44.089+05:30,1775182045494.0,520710.0,bonds,30
2026-04-03T07:52:02.639+05:30,1775182670227.0,1677329.0,bonds,30
2026-04-03T07:52:31.513+05:30,1775182670227.0,1677329.0,bonds,30
2026-04-03T08:07:46.87+05:30,1775183760551.0,1735954.0,bonds,25
2026-04-03T08:35:07.902+05:30,1775184304488.0,1697693.0,bonds,27
2026-04-03T08:36:34.397+05:30,1775185038256.0,1757401.0,bonds,33
2026-04-03T08:40:50.965+05:30,1775185819253.0,1757428.0,bonds,33
2026-04-03T08:41:38.835+05:30,1775185889493.0,1757432.0,baskets,5
2026-04-03T08:52:57.131+05:30,1775186563012.0,715377.0,bonds,33
2026-04-03T09:37:00.91+05:30,1775188761847.0,1435355.0,bonds,30
2026-04-03T09:45:14.631+05:30,1775189285115.0,195188.0,bonds,30
2026-04-03T09:48:09.072+05:30,1775188900017.0,1263671.0,bonds,33
2026-04-03T09:48:35.569+05:30,1775189895590.0,136786.0,bonds,30
2026-04-03T09:49:15.61+05:30,1775189274834.0,1754595.0,bonds,33
2026-04-03T09:53:56.378+05:30,1775190087685.0,1757633.0,bonds,33
2026-04-03T09:56:28.141+05:30,1775189155455.0,1665130.0,bonds,27
2026-04-03T09:59:13.203+05:30,1775190551075.0,1757655.0,bonds,25
2026-04-03T10:01:18.902+05:30,1775190515394.0,638562.0,bonds,33
2026-04-03T10:04:27.958+05:30,1775190779146.0,1745569.0,bonds,33
2026-04-03T10:11:44.74+05:30,1775191298950.0,1003130.0,bonds,30
2026-04-03T10:16:05.14+05:30,1775190579884.0,62834.0,bonds,30
2026-04-03T10:16:19.696+05:30,1775191546463.0,30570.0,bonds,30
2026-04-03T10:20:42.626+05:30,1775191750383.0,1725198.0,bonds,30
2026-04-03T10:22:34.192+05:30,1775191943006.0,1612337.0,bonds,30
2026-04-03T10:22:58.473+05:30,1775191943006.0,1612337.0,bonds,30
2026-04-03T10:32:35.049+05:30,1775192330450.0,1757740.0,bonds,33
2026-04-03T10:33:11.137+05:30,1775192330450.0,1757740.0,bonds,33
2026-04-03T10:33:56.094+05:30,1775192330450.0,1757740.0,highyieldfd,33
2026-04-03T10:35:01.707+05:30,1775192371636.0,185720.0,sdi,29
2026-04-03T10:38:33.26+05:30,1775192692664.0,1607110.0,bonds,29
2026-04-03T10:43:21.767+05:30,1775193157490.0,1743394.0,baskets,5
2026-04-03T10:48:05.817+05:30,1775193144931.0,1757773.0,bonds,32
2026-04-03T10:57:19.491+05:30,1775193648815.0,735914.0,bonds,32
2026-04-03T11:00:48.149+05:30,1775193550571.0,1702121.0,bonds,5
2026-04-03T11:00:54.956+05:30,1775193381332.0,1197644.0,bonds,29
2026-04-03T11:02:04.356+05:30,1775193371061.0,1757802.0,bonds,26
2026-04-03T11:04:42.206+05:30,1775192330450.0,1757740.0,bonds,32
2026-04-03T11:10:18.177+05:30,1775194796122.0,872978.0,bonds,30
2026-04-03T11:11:55.271+05:30,1775194685063.0,1757861.0,bonds,25
2026-04-03T11:14:25.077+05:30,1775194796122.0,872978.0,bonds,30
2026-04-03T11:50:38.45+05:30,1775197005258.0,1594730.0,bonds,33
2026-04-03T11:51:16.339+05:30,1775197269739.0,1308665.0,bonds,33
2026-04-03T11:55:48.346+05:30,1775196299785.0,1675516.0,bonds,30
2026-04-03T11:56:06.084+05:30,1775197499520.0,1688260.0,baskets,5
2026-04-03T11:56:57.167+05:30,1775197422754.0,1678765.0,bonds,30
2026-04-03T11:57:14.841+05:30,1775196006351.0,1364848.0,bonds,30
2026-04-03T12:04:56.31+05:30,1775197347401.0,1757991.0,bonds,33
2026-04-03T12:05:00.56+05:30,1775197967116.0,712917.0,bonds,30
2026-04-03T12:05:50.948+05:30,1775197967116.0,712917.0,bonds,30
2026-04-03T12:07:06.721+05:30,1775197269739.0,1308665.0,bonds,33
2026-04-03T12:20:27.222+05:30,1775198923128.0,959688.0,bonds,32
2026-04-03T12:26:32.719+05:30,1775199255535.0,856792.0,bonds,32
2026-04-03T12:38:48.701+05:30,1775199867685.0,1758171.0,highyieldfd,33
2026-04-03T12:39:51.795+05:30,1775199867685.0,1758171.0,sdi,33
2026-04-03T12:45:38.315+05:30,1775200375761.0,1758200.0,bonds,33
2026-04-03T12:45:45.647+05:30,1775200375761.0,1758200.0,bonds,33
2026-04-03T12:46:40.483+05:30,1775200530981.0,1755687.0,bonds,33
2026-04-03T12:52:14.286+05:30,1775200900183.0,700427.0,bonds,30
2026-04-03T12:52:58.458+05:30,1775200900183.0,700427.0,bonds,30
2026-04-03T13:10:39.256+05:30,1775201748692.0,995212.0,bonds,28
2026-04-03T13:12:28.25+05:30,1775202089027.0,1055102.0,bonds,28
2026-04-03T13:12:58.696+05:30,1775202089027.0,1055102.0,bonds,28
2026-04-03T13:14:42.345+05:30,1775202218931.0,1758287.0,bonds,31
2026-04-03T13:14:48.227+05:30,1775202211471.0,1758285.0,highyieldfd,31
2026-04-03T13:18:56.325+05:30,1775202216541.0,1596331.0,bonds,26
2026-04-03T13:22:25.323+05:30,1775202645476.0,1721753.0,bonds,30
2026-04-03T13:41:50.205+05:30,1775203202929.0,1552602.0,bonds,29
2026-04-03T13:43:19.766+05:30,1775202940230.0,1595085.0,sdi,26
2026-04-03T13:43:40.009+05:30,1775202940230.0,1595085.0,sdi,26
2026-04-03T13:43:48.02+05:30,1775202940230.0,1595085.0,sdi,26
2026-04-03T14:07:04.491+05:30,1775205334658.0,1709809.0,bonds,29
2026-04-03T14:07:34.663+05:30,1775205254114.0,592912.0,bonds,29
2026-04-03T14:08:42.875+05:30,1775205269598.0,487171.0,bonds,26
2026-04-03T14:18:03.736+05:30,1775206054225.0,1758460.0,bonds,29
2026-04-03T14:22:42.988+05:30,1775206054225.0,1758460.0,highyieldfd,29
2026-04-03T14:22:52.444+05:30,1775206295251.0,1717119.0,bonds,26
2026-04-03T14:23:09.037+05:30,1775205904576.0,1758454.0,bonds,24
2026-04-03T14:25:56.18+05:30,1775206295251.0,1717119.0,bonds,26
2026-04-03T14:39:13.085+05:30,1775207230262.0,1758512.0,bonds,29
2026-04-03T14:39:36.786+05:30,1775207135031.0,29712.0,bonds,26
2026-04-03T14:45:54.126+05:30,1775207667288.0,1758525.0,bonds,29
2026-04-03T14:46:50.487+05:30,1775207717129.0,941335.0,bonds,26
2026-04-03T15:00:39.448+05:30,1775208429101.0,1316171.0,bonds,5
2026-04-03T15:30:50.957+05:30,1775209529128.0,1249801.0,bonds,5
2026-04-03T15:35:57.192+05:30,1775209786161.0,1510768.0,bonds,26
2026-04-03T15:39:26.007+05:30,1775209786161.0,1510768.0,bonds,26
2026-04-03T15:42:46.859+05:30,1775210642157.0,1747040.0,bonds,24
2026-04-03T15:56:44.825+05:30,1775211693181.0,1758673.0,highyieldfd,29
2026-04-03T16:05:59.86+05:30,1775212448636.0,1758495.0,bonds,29
2026-04-03T16:08:11.663+05:30,1775212319833.0,1660811.0,bonds,24
2026-04-03T16:27:28.696+05:30,1775213799534.0,823995.0,bonds,29
2026-04-03T16:31:20.562+05:30,1775214075934.0,1308665.0,bonds,29
2026-04-03T16:31:36.873+05:30,1775214075934.0,1308665.0,bonds,29
2026-04-03T16:32:39.396+05:30,1775214075934.0,1308665.0,bonds,29
2026-04-03T16:38:04.87+05:30,1775214370897.0,1758821.0,bonds,29
2026-04-03T16:47:14.984+05:30,1775214949888.0,1758856.0,bonds,21
2026-04-03T16:47:52.468+05:30,1775214977938.0,1677511.0,highyieldfd,25
2026-04-03T16:50:04.022+05:30,1775215178202.0,521639.0,bonds,25
2026-04-03T16:54:35.633+05:30,1775215434045.0,1485577.0,bonds,28
2026-04-03T16:56:47.673+05:30,1775215425312.0,1747294.0,bonds,21
2026-04-03T16:59:01.363+05:30,1775214937939.0,1757960.0,bonds,28
2026-04-03T17:09:46.574+05:30,1775216356333.0,707772.0,bonds,25
2026-04-03T17:22:11.158+05:30,1775216214012.0,1163649.0,sdi,25
2026-04-03T17:23:26.763+05:30,1775216214012.0,1163649.0,sdi,25
2026-04-03T17:25:34.812+05:30,1775216658327.0,1318915.0,bonds,25
2026-04-03T17:30:45.683+05:30,1775217602760.0,1758957.0,bonds,28
2026-04-03T17:31:13.794+05:30,1775217602760.0,1758957.0,bonds,28
2026-04-03T17:52:38.053+05:30,1775218822261.0,1527382.0,bonds,25
2026-04-03T17:57:51.003+05:30,1775218432930.0,1756821.0,highyieldfd,28
2026-04-03T17:58:45.531+05:30,1775218432930.0,1756821.0,highyieldfd,28
2026-04-03T18:01:04.301+05:30,1775218432930.0,1756821.0,bonds,28
2026-04-03T18:05:35.91+05:30,1775219725946.0,1252320.0,bonds,28
2026-04-03T18:06:26.465+05:30,1775219725946.0,1252320.0,bonds,28
2026-04-03T18:15:53.26+05:30,1775220073551.0,746331.0,bonds,25
2026-04-03T18:29:50.837+05:30,1775220797767.0,1758523.0,bonds,23
2026-04-03T18:35:36.867+05:30,1775221520326.0,1758523.0,bonds,23
2026-04-03T18:54:49.584+05:30,1775222620681.0,896219.0,bonds,25
2026-04-03T18:58:49.81+05:30,1775222750498.0,1628041.0,bonds,25
2026-04-03T19:06:41.086+05:30,1775223145226.0,1704832.0,sdi,25
2026-04-03T19:20:24.162+05:30,1775223748595.0,1758625.0,bonds,28
2026-04-03T19:46:14.881+05:30,1775225426468.0,1759190.0,bonds,28
2026-04-03T20:38:04.654+05:30,1775228613792.0,1579346.0,bonds,28
2026-04-03T20:38:28.957+05:30,1775228798657.0,1709070.0,bonds,28
2026-04-03T20:41:10.121+05:30,1775228992460.0,122617.0,bonds,25
2026-04-03T20:43:21.495+05:30,1775229174502.0,1064325.0,bonds,4
2026-04-03T20:50:01.611+05:30,1775229582447.0,487171.0,bonds,25
2026-04-03T21:12:19.355+05:30,1775230923951.0,493303.0,bonds,25
2026-04-03T21:26:37.575+05:30,1775230982795.0,317544.0,bonds,28
2026-04-03T21:32:41.465+05:30,1775231954381.0,1287234.0,bonds,25
2026-04-03T21:32:46.233+05:30,1775232139527.0,1569915.0,bonds,25
2026-04-03T21:33:13.881+05:30,1775232139527.0,1569915.0,bonds,25
2026-04-03T21:41:01.366+05:30,1775232357614.0,1063391.0,baskets,4
2026-04-03T21:41:52.901+05:30,1775232616351.0,769030.0,bonds,25
2026-04-03T21:48:31.039+05:30,1775233106073.0,1309704.0,bonds,25
2026-04-03T21:51:24.853+05:30,1775232187047.0,1140791.0,sdi,25
2026-04-03T21:55:09.921+05:30,1775233480221.0,1759427.0,bonds,28
2026-04-03T21:58:52.669+05:30,1775233645910.0,974051.0,highyieldfd,28
2026-04-03T22:13:27.374+05:30,1775234477077.0,1759464.0,highyieldfd,28
2026-04-03T22:14:49.908+05:30,1775233117710.0,891738.0,bonds,25
2026-04-03T22:19:07.094+05:30,1775233117710.0,891738.0,bonds,25
2026-04-03T22:22:04.473+05:30,1775235118575.0,1707536.0,bonds,28
2026-04-03T22:24:12.297+05:30,1775235118575.0,1707536.0,bonds,28
2026-04-03T22:24:45.732+05:30,1775234486251.0,1759325.0,bonds,28
2026-04-03T22:40:50.211+05:30,1775236148470.0,708925.0,bonds,28
2026-04-03T22:44:35.14+05:30,1775235997712.0,1102973.0,bonds,28
2026-04-03T22:45:09.384+05:30,1775235963371.0,495493.0,bonds,25
2026-04-03T22:47:32.697+05:30,1775236353682.0,1759529.0,bonds,28
2026-04-03T22:51:12.849+05:30,1775236787629.0,847131.0,bonds,25
2026-04-03T23:09:02.376+05:30,1775237921842.0,1735588.0,baskets,4
2026-04-03T23:15:44.11+05:30,1775237459135.0,1310872.0,bonds,25
2026-04-03T23:22:27.544+05:30,1775238618482.0,1688595.0,baskets,4
2026-04-03T23:26:28.066+05:30,1775238926203.0,1583114.0,bonds,25
2026-04-03T23:26:37.988+05:30,1775238969211.0,1759605.0,bonds,28
2026-04-03T23:32:22.234+05:30,1775238969211.0,1759605.0,bonds,28
2026-04-03T23:35:28.476+05:30,1775239457988.0,745664.0,bonds,28
2026-04-03T23:37:18.56+05:30,1775239573126.0,634129.0,bonds,28
2026-04-03T23:37:42.846+05:30,1775239461914.0,1759625.0,bonds,28
2026-04-04T00:01:36.541+05:30,1775241084318.0,1759652.0,bonds,4
2026-04-04T00:08:37.626+05:30,1775241248468.0,1249801.0,bonds,4
2026-04-04T00:09:14.676+05:30,1775241248468.0,1249801.0,bonds,4
2026-04-04T00:31:18.018+05:30,1775242802252.0,1759740.0,highyieldfd,28
2026-04-04T00:38:56.96+05:30,1775243276362.0,1759758.0,highyieldfd,28
2026-04-04T01:09:21.033+05:30,1775245129356.0,1759807.0,bonds,4
2026-04-04T01:25:48.103+05:30,1775242996207.0,1585086.0,bonds,25
2026-04-04T01:28:55.485+05:30,1775245691299.0,1759815.0,bonds,23
2026-04-04T01:33:22.204+05:30,1775246385427.0,1746278.0,bonds,28
2026-04-04T01:44:15.325+05:30,1775246739093.0,764477.0,bonds,28
2026-04-04T01:47:09.857+05:30,1775247111547.0,737345.0,bonds,25
2026-04-04T01:54:32.538+05:30,1775247713933.0,1759875.0,bonds,28
2026-04-04T02:33:20.968+05:30,1775250127101.0,1759900.0,bonds,28
2026-04-04T02:44:54.572+05:30,1775250844270.0,883772.0,bonds,28
2026-04-04T03:13:44.588+05:30,1775251092006.0,1219510.0,bonds,25
2026-04-04T03:14:20.009+05:30,1775251092006.0,1219510.0,bonds,25
2026-04-04T03:24:37.768+05:30,1775252927562.0,28803.0,bonds,28
2026-04-04T05:08:38.7+05:30,1775259456640.0,1759966.0,bonds,28
2026-04-04T05:09:51.302+05:30,1775259230210.0,1759964.0,bonds,28
2026-04-04T05:10:38.602+05:30,1775259280577.0,772713.0,sdi,25
2026-04-04T05:10:59.563+05:30,1775259280577.0,772713.0,sdi,25
2026-04-04T05:34:58.899+05:30,1775260977055.0,953908.0,bonds,25
2026-04-04T06:28:16.065+05:30,1775262897166.0,1378825.0,sdi,28
2026-04-04T07:04:41.931+05:30,1775266432201.0,1729259.0,bonds,27
2026-04-04T07:14:34.622+05:30,1775266673821.0,989289.0,bonds,28
2026-04-04T07:15:42.632+05:30,1775267057906.0,1747973.0,bonds,28
2026-04-04T07:16:16.14+05:30,1775267057906.0,1747973.0,bonds,28
2026-04-04T07:19:53.68+05:30,1775266673821.0,989289.0,sdi,28
2026-04-04T07:27:31.662+05:30,1775267051563.0,1760058.0,bonds,28
2026-04-04T07:32:24.03+05:30,1775267051563.0,1760058.0,highyieldfd,28
2026-04-04T07:32:51.018+05:30,1775268099030.0,1622664.0,highyieldfd,28
2026-04-04T07:35:01.508+05:30,1775268282726.0,1483822.0,bonds,28
2026-04-04T07:35:41.15+05:30,1775268282726.0,1483822.0,bonds,28
2026-04-04T07:36:12.284+05:30,1775268282726.0,1483822.0,bonds,28
2026-04-04T07:45:03.463+05:30,1775268898671.0,723005.0,bonds,25
2026-04-04T07:47:36.18+05:30,1775268362013.0,1760033.0,bonds,21
2026-04-04T07:53:18.703+05:30,1775269287647.0,715162.0,bonds,25
2026-04-04T08:06:43.633+05:30,1775267495608.0,1754518.0,bonds,25
2026-04-04T08:15:28.776+05:30,1775270672581.0,1746352.0,bonds,25
2026-04-04T08:26:16.863+05:30,1775271364700.0,1750964.0,bonds,21
2026-04-04T08:26:51.402+05:30,1775271299272.0,887155.0,bonds,25
2026-04-04T08:27:10.097+05:30,1775271203366.0,1013852.0,sdi,25
2026-04-04T08:36:16.671+05:30,1775271931625.0,1092242.0,bonds,4
2026-04-04T08:38:57.752+05:30,1775271931625.0,1092242.0,bonds,4
2026-04-04T08:41:36.398+05:30,1775272110109.0,1235214.0,bonds,28
2026-04-04T08:56:12.38+05:30,1775272962146.0,1757352.0,bonds,28
2026-04-04T08:57:08.471+05:30,1775273122981.0,1654678.0,bonds,4
2026-04-04T09:31:52.231+05:30,1775274866658.0,1692419.0,bonds,28
2026-04-04T09:35:01.291+05:30,1775273964922.0,1249801.0,baskets,4
2026-04-04T09:43:09.775+05:30,1775275958442.0,1606188.0,bonds,28
2026-04-04T09:43:30.379+05:30,1775275630460.0,921125.0,bonds,25
2026-04-04T09:43:37.998+05:30,1775274913474.0,1706626.0,sdi,28
2026-04-04T09:44:51.778+05:30,1775276031776.0,738430.0,bonds,28
2026-04-04T09:45:06.197+05:30,1775275958442.0,1606188.0,bonds,28
2026-04-04T09:45:48.429+05:30,1775275958442.0,1606188.0,bonds,28
2026-04-04T09:46:55.738+05:30,1775275630460.0,921125.0,bonds,25
2026-04-04T09:49:08.064+05:30,1775276094486.0,1496277.0,bonds,25
2026-04-04T09:50:19.9+05:30,1775276317145.0,1003770.0,bonds,24
2026-04-04T09:51:11.738+05:30,1775276353115.0,1735954.0,bonds,24
2026-04-04T09:52:07.603+05:30,1775276353115.0,1735954.0,bonds,24
2026-04-04T09:52:34.712+05:30,1775276228283.0,488360.0,bonds,24
2026-04-04T10:13:18.72+05:30,1775277582559.0,922645.0,bonds,23
2026-04-04T10:18:26.227+05:30,1775277465759.0,250055.0,bonds,28
2026-04-04T10:31:41.982+05:30,1775276353115.0,1735954.0,bonds,25
2026-04-04T10:50:15.979+05:30,1775279506975.0,1451310.0,bonds,25
2026-04-04T10:54:07.096+05:30,1775280190037.0,1738684.0,bonds,28
2026-04-04T10:56:17.585+05:30,1775279088005.0,1311773.0,bonds,25
2026-04-04T10:59:40.665+05:30,1775279088005.0,1311773.0,bonds,25
2026-04-04T11:01:02.511+05:30,1775280049787.0,1400542.0,bonds,25
2026-04-04T11:22:17.164+05:30,,1760532.0,bonds,3
2026-04-04T11:22:31.632+05:30,,1760532.0,bonds,3
2026-04-04T11:23:19.984+05:30,1775281967739.0,1760536.0,bonds,21
2026-04-04T11:24:11.629+05:30,1775281936262.0,1194322.0,bonds,25
2026-04-04T11:26:28.38+05:30,1775282020090.0,1705767.0,bonds,25
2026-04-04T11:28:56.328+05:30,1775282020090.0,1705767.0,bonds,25
2026-04-04T11:29:22.248+05:30,1775282020090.0,1705767.0,bonds,25
2026-04-04T11:29:24.934+05:30,1775282179561.0,1172758.0,bonds,28
2026-04-04T11:29:52.92+05:30,1775282221041.0,1708589.0,bonds,25
2026-04-04T11:31:30.746+05:30,1775282472934.0,1725198.0,bonds,25
2026-04-04T11:40:45.901+05:30,1775282898940.0,1484813.0,bonds,25
2026-04-04T11:44:46.584+05:30,1775283115230.0,1686563.0,bonds,28
2026-04-04T11:48:02.434+05:30,1775283476203.0,460624.0,bonds,28
2026-04-04T12:02:33.88+05:30,1775283529640.0,1671506.0,bonds,28
2026-04-04T12:07:22.057+05:30,1775284579479.0,1760631.0,bonds,21
2026-04-04T12:20:57.513+05:30,1775285325372.0,1760742.0,bonds,28
2026-04-04T12:26:24.583+05:30,1775285303994.0,770435.0,bonds,25
2026-04-04T12:32:24.43+05:30,1775285303994.0,770435.0,bonds,25
2026-04-04T12:34:25.306+05:30,1775284799728.0,1708589.0,bonds,25
2026-04-04T12:44:59.95+05:30,1775286887756.0,873595.0,bonds,25
2026-04-04T12:45:09.119+05:30,1775286887756.0,873595.0,bonds,25
2026-04-04T12:45:48.396+05:30,1775286787183.0,910553.0,bonds,25
2026-04-04T12:53:45.098+05:30,1775287306135.0,1760870.0,bonds,4
2026-04-04T12:54:40.599+05:30,1775287306135.0,1760870.0,bonds,4
2026-04-04T12:57:26.63+05:30,1775287622182.0,1573186.0,bonds,21
2026-04-04T12:57:52.842+05:30,1775287610537.0,797473.0,bonds,25
2026-04-04T13:20:02.019+05:30,1775288971434.0,1760947.0,bonds,27
2026-04-04T13:22:34.793+05:30,1775289125303.0,1760955.0,bonds,27
2026-04-04T13:26:29.096+05:30,1775289328326.0,1597270.0,bonds,24
2026-04-04T13:27:56.329+05:30,1775288981777.0,1760840.0,bonds,22
2026-04-04T13:35:10.249+05:30,1775289251247.0,1750794.0,bonds,22
2026-04-04T13:36:17.856+05:30,1775289860863.0,1092762.0,bonds,4
2026-04-04T13:43:21.803+05:30,1775289715834.0,941335.0,bonds,24
2026-04-04T13:49:33.649+05:30,1775290474384.0,1070189.0,baskets,4
2026-04-04T13:55:42.853+05:30,1775291140112.0,1587640.0,bonds,27
2026-04-04T14:00:28.713+05:30,1775291204094.0,1761052.0,bonds,27
2026-04-04T14:01:26.329+05:30,1775290426501.0,1201148.0,bonds,27
2026-04-04T14:06:06.144+05:30,1775291128991.0,1761049.0,highyieldfd,27
2026-04-04T14:09:12.692+05:30,1775289672125.0,1760976.0,bonds,27
2026-04-04T14:12:50.69+05:30,1775289672125.0,1760976.0,bonds,27
2026-04-04T14:13:09.127+05:30,1775292303499.0,1739180.0,bonds,27
2026-04-04T14:18:08.151+05:30,1775292469501.0,1761095.0,bonds,20
2026-04-04T14:23:37.151+05:30,1775292524411.0,1760607.0,sdi,27
2026-04-04T14:35:02.251+05:30,1775293501082.0,1641535.0,sdi,24
2026-04-04T14:40:21.474+05:30,1775293760310.0,1567208.0,bonds,27
2026-04-04T14:43:05.272+05:30,1775293961861.0,1724448.0,bonds,27
2026-04-04T14:58:25.125+05:30,1775294831889.0,1655850.0,highyieldfd,27
2026-04-04T14:59:18.459+05:30,1775293286371.0,910201.0,bonds,24
2026-04-04T15:01:33.807+05:30,1775295041135.0,1761178.0,bonds,27
2026-04-04T15:13:54.391+05:30,1775295393943.0,1761189.0,bonds,21
2026-04-04T15:17:06.427+05:30,1775295913787.0,1249801.0,bonds,4
2026-04-04T15:17:27.868+05:30,1775295913787.0,1249801.0,baskets,4
2026-04-04T15:19:23.486+05:30,1775295393943.0,1761189.0,bonds,21
2026-04-04T15:29:34.285+05:30,1775296757716.0,1761240.0,baskets,4
2026-04-04T15:49:34.634+05:30,1775297524699.0,1267602.0,bonds,27
2026-04-04T16:00:42.122+05:30,1775298448231.0,1428956.0,bonds,24
2026-04-04T16:06:18.164+05:30,1775298920053.0,598976.0,bonds,24
2026-04-04T16:07:59.579+05:30,1775299043052.0,797837.0,bonds,27
2026-04-04T16:09:00.843+05:30,1775299124418.0,1751786.0,bonds,27
2026-04-04T16:26:41.352+05:30,1775300135603.0,768319.0,bonds,24
2026-04-04T16:32:51.057+05:30,1775300268629.0,1607612.0,bonds,27
2026-04-04T16:36:31.645+05:30,1775300783714.0,652474.0,bonds,24
2026-04-04T16:37:10.879+05:30,1775300783714.0,652474.0,bonds,24
2026-04-04T16:37:53.371+05:30,1775299630131.0,870513.0,highyieldfd,24
2026-04-04T16:39:55.611+05:30,1775300705077.0,856844.0,bonds,24
2026-04-04T16:41:15.953+05:30,1775301035971.0,1761354.0,bonds,4
2026-04-04T16:44:03.407+05:30,1775301027054.0,1665361.0,bonds,20
2026-04-04T16:44:56.396+05:30,1775299456340.0,1559822.0,bonds,24
2026-04-04T16:46:39.882+05:30,1775301356371.0,1699261.0,bonds,27
2026-04-04T16:48:33.021+05:30,1775301356371.0,1699261.0,bonds,27
2026-04-04T16:51:50.795+05:30,1775300314585.0,1710480.0,bonds,24
2026-04-04T16:56:22.418+05:30,1775301478271.0,855073.0,bonds,20
2026-04-04T17:06:27.257+05:30,1775302209636.0,321872.0,bonds,24
2026-04-04T17:18:13.276+05:30,1775303118748.0,1634413.0,bonds,27
2026-04-04T17:18:49.611+05:30,1775301461696.0,917544.0,bonds,24
2026-04-04T17:34:00.347+05:30,1775304207151.0,1582686.0,bonds,4
2026-04-04T17:34:51.635+05:30,1775304207151.0,1582686.0,bonds,4
2026-04-04T17:44:57.737+05:30,1775304802599.0,1761478.0,baskets,4
2026-04-04T17:45:57.571+05:30,1775304713385.0,1680340.0,bonds,24
2026-04-04T17:46:38.911+05:30,1775304343030.0,1761463.0,bonds,22
2026-04-04T17:49:06.243+05:30,1775302894003.0,622790.0,bonds,24
2026-04-04T17:49:27.087+05:30,1775305142574.0,1523893.0,bonds,27
2026-04-04T17:49:53.013+05:30,1775305158987.0,715615.0,bonds,24
2026-04-04T18:02:01.342+05:30,1775305915362.0,1177735.0,bonds,24
2026-04-04T18:02:04.432+05:30,1775305907868.0,1081629.0,bonds,4
2026-04-04T18:03:02.937+05:30,1775305907868.0,1081629.0,bonds,4
2026-04-04T18:04:37.622+05:30,1775306018383.0,1075612.0,bonds,24
2026-04-04T18:11:22.156+05:30,1775305399518.0,1432044.0,highyieldfd,27
2026-04-04T18:11:28.837+05:30,1775306481388.0,846910.0,bonds,27
2026-04-04T18:11:42.211+05:30,1775306231591.0,1761517.0,bonds,27
2026-04-04T18:11:51.117+05:30,1775306455365.0,1761296.0,highyieldfd,27
2026-04-04T18:14:21.726+05:30,1775306455365.0,1761296.0,bonds,27
2026-04-04T18:15:27.682+05:30,1775306550695.0,1264014.0,bonds,24
2026-04-04T18:17:32.117+05:30,1775306630929.0,1755687.0,bonds,27
2026-04-04T18:27:06.847+05:30,1775307338691.0,1264174.0,bonds,24
2026-04-04T18:40:27.006+05:30,1775308222340.0,64209.0,bonds,27
2026-04-04T18:42:39.691+05:30,1775308298513.0,1691312.0,bonds,24
2026-04-04T18:54:22.577+05:30,1775309038204.0,1745968.0,bonds,27
2026-04-04T18:57:27.41+05:30,1775309123098.0,1199059.0,bonds,27
2026-04-04T18:58:23.391+05:30,1775309123098.0,1199059.0,bonds,27
2026-04-04T19:05:44.675+05:30,1775309674680.0,1475701.0,bonds,24
2026-04-04T19:06:35.049+05:30,1775309497830.0,1665943.0,bonds,24
2026-04-04T19:09:40.242+05:30,1775309086845.0,1249801.0,baskets,4
2026-04-04T19:24:17.27+05:30,1775310853932.0,1761023.0,bonds,27
2026-04-04T19:27:13.456+05:30,1775310043190.0,1318333.0,bonds,24
2026-04-04T19:28:01.677+05:30,1775310891209.0,1761677.0,baskets,4
2026-04-04T19:35:55.902+05:30,1775311548576.0,944307.0,bonds,24
2026-04-04T19:55:20.055+05:30,1775312625492.0,1328363.0,bonds,24
2026-04-04T20:12:28.668+05:30,1775310464460.0,1761644.0,bonds,27
2026-04-04T20:13:25.468+05:30,1775310464460.0,1761644.0,bonds,27
2026-04-04T20:16:53.277+05:30,1775311288782.0,1458112.0,bonds,27
2026-04-04T20:17:42.514+05:30,1775313244958.0,1759443.0,bonds,20
2026-04-04T20:18:22.422+05:30,1775310464460.0,1761644.0,bonds,27
2026-04-04T20:19:11.525+05:30,1775313403137.0,1761756.0,bonds,27
2026-04-04T20:27:42.04+05:30,1775314446802.0,1737309.0,bonds,27
2026-04-04T20:31:00.966+05:30,1775314851920.0,1761807.0,bonds,27
2026-04-04T20:31:22.335+05:30,1775314851920.0,1761807.0,bonds,27
2026-04-04T20:33:17.88+05:30,1775314991832.0,1175237.0,bonds,27
2026-04-04T20:43:56.539+05:30,1775314622604.0,1496277.0,bonds,24
2026-04-04T20:47:54.116+05:30,1775315457086.0,1761622.0,bonds,27
2026-04-04T20:54:26.923+05:30,1775314868351.0,1383960.0,bonds,27
2026-04-04T20:55:55.424+05:30,1775314923670.0,1761697.0,bonds,27
2026-04-04T20:58:58.508+05:30,1775314868351.0,1383960.0,bonds,27
2026-04-04T21:17:48.348+05:30,1775317662506.0,1060794.0,bonds,27
2026-04-04T21:19:31.176+05:30,1775317956762.0,1739180.0,bonds,24
2026-04-04T21:34:37.424+05:30,1775314923670.0,1761697.0,bonds,27
2026-04-04T21:37:10.157+05:30,1775317371551.0,1761875.0,bonds,27
2026-04-04T21:38:07.099+05:30,1775318795063.0,1688260.0,bonds,4
2026-04-04T21:43:21.247+05:30,1775319020067.0,1761934.0,bonds,21
2026-04-04T21:50:17.669+05:30,1775317940836.0,271331.0,bonds,23
2026-04-04T21:56:08.337+05:30,1775318792042.0,1761925.0,bonds,26
2026-04-04T22:07:07.738+05:30,1775320601798.0,1311773.0,bonds,24
2026-04-04T22:09:37.646+05:30,1775320712489.0,1019681.0,bonds,27
2026-04-04T22:09:53.567+05:30,1775320712489.0,1019681.0,sdi,27
2026-04-04T22:20:25.496+05:30,1775321282501.0,1762016.0,bonds,27
2026-04-04T22:21:37.416+05:30,1775321238386.0,1561033.0,bonds,27
2026-04-04T22:52:25.734+05:30,1775322826855.0,1318486.0,bonds,24
2026-04-04T23:09:46.19+05:30,1775324291820.0,1117268.0,bonds,4
2026-04-04T23:09:53.69+05:30,1775324179687.0,1762118.0,bonds,22
2026-04-04T23:13:56.002+05:30,1775324141107.0,1762131.0,bonds,27
2026-04-04T23:20:19.67+05:30,1775324457221.0,1762127.0,bonds,27
2026-04-04T23:20:40.439+05:30,1775324457221.0,1762127.0,bonds,27
2026-04-04T23:24:02.767+05:30,1775325136986.0,1699994.0,baskets,4
2026-04-04T23:33:12.41+05:30,1775322404685.0,1708505.0,bonds,23
2026-04-04T23:39:45.595+05:30,1775326110389.0,1748474.0,bonds,23
2026-04-04T23:43:34.07+05:30,1775324776401.0,1761796.0,baskets,4
2026-04-04T23:44:07.074+05:30,1775324776401.0,1761796.0,bonds,4
2026-04-04T23:47:00.131+05:30,1775325183545.0,1762159.0,bonds,26
2026-04-05T00:00:30.452+05:30,1775327389038.0,1164584.0,bonds,4
2026-04-05T00:31:39.364+05:30,1775327437397.0,321872.0,bonds,23
2026-04-05T00:32:48.726+05:30,1775327437397.0,321872.0,bonds,23
2026-04-05T00:34:20.327+05:30,1775329391808.0,1762275.0,bonds,26
2026-04-05T00:34:20.559+05:30,1775329245961.0,1330065.0,bonds,23
2026-04-05T01:03:15.318+05:30,1775331054065.0,1199145.0,bonds,11
2026-04-05T01:41:01.452+05:30,1775330966037.0,1480000.0,bonds,23
2026-04-05T01:43:57.05+05:30,1775333271436.0,1762371.0,bonds,26
2026-04-05T01:47:59.051+05:30,1775333510056.0,1312276.0,bonds,26
2026-04-05T01:51:36.976+05:30,1775333510056.0,1312276.0,bonds,26
2026-04-05T01:51:54.941+05:30,1775333510056.0,1312276.0,bonds,26
2026-04-05T01:55:29.275+05:30,1775334284760.0,1300009.0,bonds,23
2026-04-05T01:58:46.976+05:30,1775334474601.0,1757029.0,bonds,26
2026-04-05T05:53:05.249+05:30,1775348518858.0,1035393.0,bonds,23
2026-04-05T06:55:29.533+05:30,1775352310987.0,1301169.0,bonds,4
2026-04-05T07:15:22.318+05:30,1775351381875.0,1762551.0,bonds,26
2026-04-05T07:26:59.862+05:30,1775351381875.0,1762551.0,bonds,26
2026-04-05T07:30:43.382+05:30,1775351381875.0,1762551.0,bonds,26
2026-04-05T07:31:16.477+05:30,1775351381875.0,1762551.0,bonds,26
2026-04-05T07:35:27.913+05:30,1775351381875.0,1762551.0,bonds,23
2026-04-05T07:36:00.603+05:30,1775351381875.0,1762551.0,bonds,23
2026-04-05T07:38:19.297+05:30,1775351381875.0,1762551.0,bonds,23
2026-04-05T07:39:00.264+05:30,1775354886169.0,1762605.0,highyieldfd,26
2026-04-05T07:45:29.533+05:30,1775354294675.0,607076.0,bonds,23
2026-04-05T07:57:29.22+05:30,1775356012920.0,681055.0,bonds,23
2026-04-05T08:34:34.712+05:30,1775358267776.0,1688260.0,baskets,4
2026-04-05T08:36:43.03+05:30,1775358172451.0,1749607.0,bonds,26
2026-04-05T08:37:08.801+05:30,1775358256096.0,860458.0,bonds,26
2026-04-05T08:37:09.291+05:30,1775358172451.0,1749607.0,sdi,26
2026-04-05T08:37:21.671+05:30,1775358172451.0,1749607.0,highyieldfd,26
2026-04-05T08:38:56.356+05:30,1775358506096.0,1280873.0,bonds,4
2026-04-05T08:56:32.053+05:30,1775359576139.0,1496255.0,bonds,26
2026-04-05T08:58:18.308+05:30,1775359002878.0,1004091.0,bonds,23
2026-04-05T09:20:45.043+05:30,1775360965096.0,1704939.0,bonds,23
2026-04-05T09:21:08.988+05:30,1775360965096.0,1704939.0,bonds,23
2026-04-05T09:30:24.602+05:30,1775361588689.0,56762.0,baskets,4
2026-04-05T09:39:28.312+05:30,1775361930883.0,1706626.0,bonds,26
2026-04-05T09:39:28.328+05:30,1775362167895.0,1252187.0,bonds,23
2026-04-05T09:39:37.154+05:30,1775361930883.0,1706626.0,sdi,26
2026-04-05T09:55:20.013+05:30,1775363082717.0,488360.0,bonds,22
2026-04-05T09:57:34.223+05:30,1775362891277.0,1695867.0,bonds,22
2026-04-05T10:13:48.741+05:30,1775364017363.0,1095964.0,bonds,22
2026-04-05T10:22:24.391+05:30,1775364688509.0,1751636.0,bonds,25
2026-04-05T10:24:18.654+05:30,1775364813542.0,716549.0,bonds,25
2026-04-05T10:28:18.993+05:30,1775364982629.0,1620949.0,bonds,25
2026-04-05T10:31:14.26+05:30,1775364813542.0,716549.0,bonds,25
2026-04-05T10:32:16.149+05:30,1775365032798.0,1484886.0,baskets,4
2026-04-05T10:37:41.453+05:30,1775365635534.0,419709.0,bonds,25
2026-04-05T10:41:57.75+05:30,1775364813542.0,716549.0,bonds,25
2026-04-05T10:45:23.776+05:30,1775366057277.0,942983.0,bonds,27
2026-04-05T10:49:49.794+05:30,1775364818739.0,1698747.0,bonds,25
2026-04-05T10:52:06.372+05:30,1775366413449.0,1684571.0,bonds,25
2026-04-05T10:57:53.369+05:30,1775366848131.0,1756793.0,bonds,25
2026-04-05T11:05:42.359+05:30,1775366171009.0,1762981.0,bonds,25
2026-04-05T11:13:29.567+05:30,1775367760311.0,119293.0,bonds,25
2026-04-05T11:16:02.452+05:30,1775367802046.0,1198569.0,bonds,22
2026-04-05T11:16:07.893+05:30,1775366171009.0,1762981.0,bonds,25
2026-04-05T11:21:10.99+05:30,1775368164627.0,1352049.0,bonds,22
2026-04-05T11:21:43.908+05:30,1775368164627.0,1352049.0,bonds,22
2026-04-05T11:24:40.349+05:30,1775368452768.0,557066.0,bonds,22
2026-04-05T11:30:10.959+05:30,1775368247447.0,31086.0,bonds,22
2026-04-05T11:38:55.638+05:30,1775367394584.0,1763019.0,bonds,20
2026-04-05T11:38:57.936+05:30,1775369234918.0,879668.0,bonds,25
2026-04-05T11:42:14.391+05:30,1775366333435.0,1589780.0,bonds,22
2026-04-05T11:46:56.177+05:30,1775367551626.0,1756179.0,bonds,25
2026-04-05T11:49:43.931+05:30,1775369970731.0,745908.0,bonds,22
2026-04-05T11:51:17.572+05:30,1775370069311.0,1200177.0,bonds,22
2026-04-05T11:57:07.755+05:30,1775370413843.0,1249801.0,baskets,4
2026-04-05T11:59:10.44+05:30,1775370487359.0,1763186.0,bonds,25
2026-04-05T11:59:31.669+05:30,1775370535125.0,1763179.0,bonds,25
2026-04-05T12:01:18.417+05:30,1775370489894.0,797473.0,bonds,22
2026-04-05T12:04:46.941+05:30,1775370863184.0,1105087.0,baskets,4
2026-04-05T12:06:22.878+05:30,1775370979445.0,487313.0,bonds,22
2026-04-05T12:07:56.774+05:30,1775370469213.0,1649408.0,bonds,20
2026-04-05T12:11:53.463+05:30,1775370856009.0,1763207.0,bonds,25
2026-04-05T12:16:09.927+05:30,1775371425006.0,1763244.0,highyieldfd,25
2026-04-05T12:18:31.5+05:30,1775371453166.0,1511864.0,bonds,22
2026-04-05T12:23:43.58+05:30,1775371372396.0,1763236.0,bonds,25
2026-04-05T12:25:28.799+05:30,1775371958129.0,1763272.0,highyieldfd,25
2026-04-05T12:33:19.207+05:30,1775372544801.0,1763290.0,bonds,25
2026-04-05T12:39:30.036+05:30,1775372597843.0,1530323.0,bonds,25
2026-04-05T12:53:08.238+05:30,1775373198915.0,1727921.0,bonds,20
2026-04-05T13:10:28.06+05:30,1775374753352.0,1763380.0,bonds,25
2026-04-05T13:15:41.467+05:30,1775375101738.0,1763400.0,bonds,4
2026-04-05T13:22:31.769+05:30,1775375527474.0,1758150.0,bonds,10
2026-04-05T13:24:53.094+05:30,1775375527474.0,1758150.0,bonds,10
2026-04-05T13:54:32.814+05:30,1775376040367.0,1763445.0,bonds,25
2026-04-05T14:14:13.747+05:30,1775378458208.0,1761296.0,bonds,22
2026-04-05T14:16:45.89+05:30,1775378795153.0,1763565.0,bonds,25
2026-04-05T14:21:06.681+05:30,1775379024104.0,1763575.0,bonds,25
2026-04-05T14:24:43.14+05:30,1775379225056.0,1763585.0,bonds,25
2026-04-05T14:28:45.569+05:30,1775379342549.0,926556.0,bonds,25
2026-04-05T14:33:46.424+05:30,1775378689610.0,1475701.0,bonds,22
2026-04-05T14:34:31.242+05:30,1775379763236.0,1505520.0,bonds,4
2026-04-05T14:38:45.503+05:30,1775378810702.0,1273697.0,bonds,22
2026-04-05T14:41:57.291+05:30,1775380198103.0,1763603.0,bonds,24
2026-04-05T14:42:59.853+05:30,1775380198103.0,1763603.0,bonds,24
2026-04-05T14:52:00.909+05:30,1775380912240.0,1329524.0,bonds,25
2026-04-05T14:53:26.459+05:30,1775380198103.0,1763603.0,sdi,22
2026-04-05T14:55:01.641+05:30,1775381058949.0,1165075.0,bonds,25
2026-04-05T14:55:11.23+05:30,1775380198103.0,1763603.0,bonds,22
2026-04-05T14:55:14.602+05:30,1775381060830.0,1231636.0,bonds,22
2026-04-05T14:55:43.782+05:30,1775380198103.0,1763603.0,bonds,22
2026-04-05T14:55:52.392+05:30,1775381082234.0,1763664.0,bonds,25
2026-04-05T14:56:33.744+05:30,1775380198103.0,1763603.0,bonds,22
2026-04-05T14:59:57.372+05:30,1775381328809.0,1761296.0,bonds,22
2026-04-05T15:02:37.214+05:30,1775381328809.0,1761296.0,bonds,22
2026-04-05T15:03:00.943+05:30,1775381205439.0,1763670.0,highyieldfd,25
2026-04-05T15:03:11.249+05:30,1775381328809.0,1761296.0,bonds,22
2026-04-05T15:07:09.805+05:30,1775380906425.0,1750123.0,bonds,25
2026-04-05T15:11:54.164+05:30,1775380060982.0,1763622.0,bonds,25
2026-04-05T15:20:27.192+05:30,1775382153853.0,1718857.0,bonds,21
2026-04-05T15:21:24.571+05:30,1775382153853.0,1718857.0,bonds,21
2026-04-05T15:23:14.9+05:30,1775382497142.0,1763731.0,bonds,25
2026-04-05T15:25:54.07+05:30,1775382497142.0,1763731.0,sdi,25
2026-04-05T15:30:06.567+05:30,1775382616071.0,1520199.0,bonds,21
2026-04-05T15:34:08.724+05:30,1775383369029.0,1763774.0,bonds,25
2026-04-05T15:34:30.93+05:30,1775382153853.0,1718857.0,bonds,21
2026-04-05T15:36:05.946+05:30,1775382153853.0,1718857.0,bonds,21
2026-04-05T15:39:20.326+05:30,1775382153853.0,1718857.0,bonds,21
2026-04-05T15:55:41.36+05:30,1775381793454.0,1712268.0,bonds,21
2026-04-05T15:57:29.04+05:30,1775384669164.0,1711127.0,bonds,25
2026-04-05T15:58:32.592+05:30,1775384841691.0,1712268.0,bonds,10
2026-04-05T16:07:14.584+05:30,1775381793454.0,1712268.0,bonds,21
2026-04-05T16:08:33.793+05:30,1775384832186.0,1393192.0,bonds,19
2026-04-05T16:12:09.071+05:30,1775385564122.0,1656928.0,bonds,21
2026-04-05T16:16:40.793+05:30,1775384170209.0,1651402.0,bonds,20
2026-04-05T16:22:47.906+05:30,1775386160414.0,1763389.0,bonds,24
2026-04-05T16:26:07.649+05:30,1775386420399.0,1763935.0,bonds,24
2026-04-05T16:29:17.023+05:30,1775385018289.0,963811.0,bonds,25
2026-04-05T16:30:11.227+05:30,1775385018289.0,963811.0,bonds,25
2026-04-05T16:31:40.632+05:30,1775386624331.0,1048120.0,bonds,25
2026-04-05T16:33:09.71+05:30,1775384170209.0,1651402.0,bonds,20
2026-04-05T16:40:43.392+05:30,1775387231164.0,1280025.0,bonds,20
2026-04-05T16:41:32.347+05:30,1775387117936.0,1763994.0,sdi,24
2026-04-05T16:42:37.682+05:30,1775387117936.0,1763994.0,sdi,24
2026-04-05T16:51:46.029+05:30,1775386407166.0,1366487.0,bonds,21
2026-04-05T16:52:16.206+05:30,1775386407166.0,1366487.0,bonds,21
2026-04-05T16:52:31.067+05:30,1775388114909.0,1764043.0,bonds,24
2026-04-05T16:53:11.025+05:30,1775386407166.0,1366487.0,bonds,21
2026-04-05T16:53:56.87+05:30,1775387117936.0,1763994.0,sdi,24
2026-04-05T16:54:09.999+05:30,1775386407166.0,1366487.0,bonds,21
2026-04-05T16:55:30.345+05:30,1775386407166.0,1366487.0,bonds,21
2026-04-05T17:01:06.08+05:30,1775388630680.0,1743868.0,bonds,20
2026-04-05T17:05:03.545+05:30,1775388375732.0,263188.0,bonds,20
2026-04-05T17:06:48.716+05:30,1775388830776.0,1764075.0,highyieldfd,24
2026-04-05T17:12:41.802+05:30,1775389117099.0,1319754.0,bonds,21
2026-04-05T17:17:52.786+05:30,1775389579615.0,1098525.0,bonds,4
2026-04-05T17:24:03.617+05:30,1775389886226.0,963811.0,bonds,21
2026-04-05T17:28:43.033+05:30,1775390090387.0,1535244.0,bonds,25
2026-04-05T17:29:39.474+05:30,1775390364210.0,164454.0,bonds,4
2026-04-05T17:35:29.408+05:30,1775388438375.0,1641571.0,bonds,21
2026-04-05T17:36:19.771+05:30,1775390385922.0,804113.0,highyieldfd,25
2026-04-05T17:37:04.909+05:30,1775390745061.0,1764165.0,bonds,25
2026-04-05T17:38:19.483+05:30,1775390758801.0,652474.0,bonds,21
2026-04-05T17:39:26.725+05:30,1775387608560.0,1764025.0,highyieldfd,25
2026-04-05T17:46:42.766+05:30,1775389792321.0,1208907.0,bonds,25
2026-04-05T17:46:52.434+05:30,1775391134522.0,1742067.0,bonds,17
2026-04-05T17:48:10.203+05:30,1775389792321.0,1208907.0,bonds,25
2026-04-05T17:55:56.379+05:30,1775391915782.0,1761022.0,bonds,25
2026-04-05T18:22:19.036+05:30,1775393060470.0,1742020.0,bonds,21
2026-04-05T18:23:13.026+05:30,1775393500529.0,40298.0,bonds,24
2026-04-05T18:23:15.495+05:30,1775392122395.0,1377163.0,bonds,24
2026-04-05T18:41:13.024+05:30,1775394201899.0,1374047.0,bonds,21
2026-04-05T18:46:56.264+05:30,1775395007401.0,1330820.0,bonds,20
2026-04-05T18:47:12.125+05:30,1775395007401.0,1330820.0,bonds,20
2026-04-05T18:47:45.195+05:30,1775395007401.0,1330820.0,bonds,20
2026-04-05T18:49:53.255+05:30,1775395007401.0,1330820.0,bonds,20
2026-04-05T18:51:56.907+05:30,1775395259305.0,970532.0,bonds,20
2026-04-05T18:58:33.907+05:30,1775395039108.0,1748474.0,bonds,20
2026-04-05T18:59:13.351+05:30,1775395094822.0,1728187.0,bonds,24
2026-04-05T19:03:37.64+05:30,1775395290073.0,1322118.0,bonds,24
2026-04-05T19:14:09.619+05:30,1775396340713.0,1764380.0,bonds,23
2026-04-05T19:14:29.649+05:30,1775396340713.0,1764380.0,bonds,23
2026-04-05T19:18:43.03+05:30,1775396895520.0,1725198.0,bonds,20
2026-04-05T19:27:35.169+05:30,1775397369687.0,1095943.0,bonds,20
2026-04-05T19:38:30.22+05:30,1775398086590.0,1661578.0,bonds,16
2026-04-05T19:44:21.729+05:30,1775398335722.0,1465500.0,bonds,16
2026-04-05T20:08:39.693+05:30,1775399900042.0,1419432.0,bonds,4
2026-04-05T20:11:15.768+05:30,1775400056618.0,1718857.0,bonds,19
2026-04-05T20:14:47.03+05:30,1775399900042.0,1419432.0,bonds,4
2026-04-05T20:22:37.695+05:30,1775398889930.0,1515411.0,bonds,19
2026-04-05T20:28:35.749+05:30,1775400956815.0,1473471.0,bonds,15
2026-04-05T20:29:31.453+05:30,1775400232399.0,1764486.0,highyieldfd,22
2026-04-05T20:42:52.885+05:30,1775401896215.0,1764541.0,bonds,22
2026-04-05T20:44:29.252+05:30,1775401975267.0,1685394.0,bonds,22
2026-04-05T20:46:45.105+05:30,1775401277225.0,1361542.0,baskets,4
2026-04-05T20:51:25.299+05:30,1775401968772.0,1511864.0,bonds,19
2026-04-05T20:51:37.405+05:30,1775401396509.0,1717417.0,bonds,19
2026-04-05T20:55:35.156+05:30,1775402690110.0,1735956.0,bonds,22
2026-04-05T20:55:57.249+05:30,1775402602355.0,671094.0,bonds,22
2026-04-05T21:01:17.354+05:30,1775402677330.0,367245.0,bonds,22
2026-04-05T21:03:39.7+05:30,1775402677330.0,367245.0,bonds,22
2026-04-05T21:05:38.534+05:30,1775403318590.0,86839.0,bonds,22
2026-04-05T21:16:21.29+05:30,1775403893306.0,1531531.0,bonds,19
2026-04-05T21:18:22.468+05:30,1775403893306.0,1531531.0,bonds,19
2026-04-05T21:19:15.067+05:30,1775404016909.0,985537.0,bonds,19
2026-04-05T21:25:08.19+05:30,1775404287028.0,27797.0,bonds,22
2026-04-05T21:47:43.496+05:30,1775404857661.0,1764641.0,bonds,16
2026-04-05T21:53:02.545+05:30,1775405708345.0,1709717.0,bonds,19
2026-04-05T22:07:47.127+05:30,1775405710706.0,90746.0,bonds,19
2026-04-05T22:14:51.106+05:30,1775407354183.0,1764749.0,bonds,4
2026-04-05T22:17:57.275+05:30,1775407504959.0,1718857.0,bonds,17
2026-04-05T22:28:38.709+05:30,1775408170825.0,505382.0,bonds,17
2026-04-05T22:34:17.57+05:30,1775408636604.0,1107981.0,bonds,17
2026-04-05T22:53:31.83+05:30,,1764852.0,bonds,3
2026-04-05T22:57:53.363+05:30,1775409744044.0,1671325.0,bonds,17
2026-04-05T23:01:52.722+05:30,1775410198934.0,1524832.0,highyieldfd,19
2026-04-05T23:14:49.078+05:30,1775410994084.0,1315442.0,baskets,4
2026-04-05T23:18:32.186+05:30,1775410442911.0,601679.0,highyieldfd,19
2026-04-05T23:20:04.965+05:30,1775410442911.0,601679.0,bonds,19
2026-04-05T23:20:54.451+05:30,1775410376292.0,1128882.0,bonds,17
2026-04-05T23:22:39.539+05:30,1775411515412.0,1504814.0,bonds,4
2026-04-05T23:25:03.183+05:30,1775410442911.0,601679.0,bonds,19
2026-04-05T23:26:28.926+05:30,1775411757109.0,1713873.0,bonds,17
2026-04-05T23:26:59.066+05:30,1775410376292.0,1128882.0,bonds,18
2026-04-05T23:32:30.077+05:30,1775410994084.0,1315442.0,bonds,4
2026-04-05T23:34:22.779+05:30,1775412068712.0,1764948.0,bonds,20
2026-04-05T23:34:40.765+05:30,1775412068712.0,1764948.0,bonds,20
2026-04-05T23:37:11.709+05:30,1775412414420.0,1704191.0,bonds,18
2026-04-05T23:38:31.849+05:30,1775412414420.0,1704191.0,bonds,18
2026-04-05T23:48:18.349+05:30,1775412765189.0,1501091.0,bonds,18
2026-04-05T23:50:30.304+05:30,1775413117216.0,1640956.0,bonds,4
2026-04-05T23:54:33.904+05:30,1775413148472.0,1711605.0,bonds,20
2026-04-06T00:00:54.417+05:30,1775413721274.0,1636238.0,bonds,18
2026-04-06T00:06:03.832+05:30,1775413993437.0,1692419.0,bonds,20
2026-04-06T00:06:08.043+05:30,1775413993437.0,1692419.0,bonds,20
2026-04-06T00:07:26.498+05:30,1775414168429.0,1356539.0,bonds,18
2026-04-06T00:19:49.108+05:30,1775414946329.0,1765041.0,bonds,15
2026-04-06T00:21:11.14+05:30,1775414991226.0,1765042.0,bonds,20
2026-04-06T00:21:40.99+05:30,1775414841712.0,17564.0,bonds,20
2026-04-06T00:24:26.552+05:30,1775414841712.0,17564.0,bonds,20
2026-04-06T00:24:38.538+05:30,1775414841712.0,17564.0,bonds,20
2026-04-06T00:44:19.194+05:30,1775416135989.0,1765067.0,bonds,20
2026-04-06T01:01:05.299+05:30,1775417089178.0,740952.0,bonds,18
2026-04-06T01:07:13.13+05:30,1775417817714.0,1765108.0,bonds,15
2026-04-06T01:20:28.817+05:30,1775418434330.0,1764521.0,bonds,20
2026-04-06T01:56:57.793+05:30,1775419311628.0,1765136.0,bonds,20
2026-04-06T02:31:20.244+05:30,1775422854956.0,1765189.0,bonds,20
2026-04-06T04:06:39.401+05:30,1775428495665.0,1750089.0,bonds,20
2026-04-06T05:25:07.05+05:30,1775433280733.0,1744658.0,bonds,20
2026-04-06T05:27:00.449+05:30,1775433221777.0,1739742.0,bonds,20
2026-04-06T06:37:45.222+05:30,1775437490415.0,1554555.0,bonds,18
2026-04-06T06:57:06.25+05:30,1775437374604.0,1620414.0,bonds,15
2026-04-06T07:01:31.631+05:30,1775438710183.0,1623022.0,sdi,18
2026-04-06T07:05:31.849+05:30,1775439310067.0,939825.0,bonds,18
2026-04-06T07:11:04.184+05:30,1775439532771.0,1719028.0,bonds,18
2026-04-06T07:29:48.909+05:30,1775440375659.0,921415.0,bonds,20
2026-04-06T07:40:10.331+05:30,1775439843444.0,648515.0,bonds,18
2026-04-06T07:40:24.823+05:30,1775440525172.0,1764077.0,bonds,20
2026-04-06T07:44:52.046+05:30,1775441666208.0,1254528.0,bonds,4
2026-04-06T07:45:06.974+05:30,1775441666208.0,1254528.0,bonds,4
2026-04-06T07:46:06.637+05:30,1775441666208.0,1254528.0,baskets,4
2026-04-06T07:46:37.925+05:30,1775441793264.0,1755009.0,bonds,20
2026-04-06T07:47:08.881+05:30,1775440268242.0,797858.0,bonds,18
2026-04-06T07:49:24.131+05:30,1775440268242.0,797858.0,bonds,18
2026-04-06T08:05:13.549+05:30,1775442908866.0,987224.0,bonds,18
2026-04-06T08:05:16.619+05:30,1775442910459.0,1278841.0,bonds,18
2026-04-06T08:08:10.629+05:30,1775443068553.0,141059.0,bonds,4
2026-04-06T08:12:35.617+05:30,1775443100057.0,1736527.0,bonds,18
2026-04-06T08:12:57.221+05:30,1775443100057.0,1736527.0,bonds,18
2026-04-06T08:21:10.1+05:30,1775443693876.0,836985.0,bonds,18
2026-04-06T08:24:40.669+05:30,1775443834066.0,1765422.0,highyieldfd,20
2026-04-06T08:25:17.338+05:30,1775443693876.0,836985.0,bonds,18
2026-04-06T08:38:03.956+05:30,1775444766216.0,1765304.0,bonds,20
2026-04-06T08:46:51.634+05:30,1775445401916.0,510502.0,bonds,18
2026-04-06T09:16:54.758+05:30,1775447192775.0,20110.0,bonds,18
2026-04-06T09:25:17.527+05:30,1775447714362.0,670742.0,bonds,20
2026-04-06T09:25:30.982+05:30,1775447714362.0,670742.0,bonds,20
2026-04-06T09:29:05.044+05:30,1775447841295.0,1273809.0,highyieldfd,18
2026-04-06T09:30:28.634+05:30,1775448007734.0,1750089.0,bonds,15
2026-04-06T09:34:36.46+05:30,1775448189585.0,1754398.0,bonds,20
2026-04-06T09:35:05.665+05:30,1775448304514.0,,baskets,4
2026-04-06T09:37:41.01+05:30,1775448189585.0,1754398.0,bonds,20
2026-04-06T09:37:55.562+05:30,1775448142179.0,1765550.0,bonds,20
2026-04-06T09:38:18.275+05:30,1775448189585.0,1754398.0,bonds,20
2026-04-06T09:48:30.214+05:30,1775449073850.0,1692413.0,bonds,18
2026-04-06T09:52:10.69+05:30,1775449284054.0,1765591.0,bonds,20
2026-04-06T09:53:30.854+05:30,1775449284054.0,1765591.0,highyieldfd,20
2026-04-06T09:54:35.225+05:30,1775449011733.0,1765583.0,bonds,15
2026-04-06T09:55:34.15+05:30,1775449487074.0,1765597.0,bonds,20
2026-04-06T10:00:14.443+05:30,1775448848775.0,784179.0,bonds,18
2026-04-06T10:01:56.334+05:30,1775449793268.0,1751779.0,bonds,20
2026-04-06T10:02:17.952+05:30,1775448848775.0,784179.0,bonds,18
2026-04-06T10:03:55.616+05:30,1775449979109.0,836985.0,bonds,18
2026-04-06T10:06:11.302+05:30,1775448848775.0,784179.0,bonds,18
2026-04-06T10:07:00.782+05:30,1775449979109.0,836985.0,bonds,18
2026-04-06T10:08:06.807+05:30,1775449979109.0,836985.0,bonds,18
2026-04-06T10:08:19.75+05:30,1775448848775.0,784179.0,bonds,18
2026-04-06T10:09:52.895+05:30,1775448848775.0,784179.0,bonds,18
2026-04-06T10:12:15.706+05:30,1775450441397.0,1341653.0,bonds,15
2026-04-06T10:14:48.026+05:30,1775449606686.0,1765603.0,bonds,20
2026-04-06T10:17:48.966+05:30,1775450857829.0,440300.0,bonds,20
2026-04-06T10:17:55.525+05:30,1775450857829.0,440300.0,bonds,20
2026-04-06T10:19:04.096+05:30,1775450916426.0,1765583.0,bonds,15
2026-04-06T10:21:32.809+05:30,1775450985640.0,1626028.0,highyieldfd,18
2026-04-06T10:22:35.211+05:30,1775451126864.0,1707328.0,bonds,20
2026-04-06T10:31:10.11+05:30,1775451475428.0,1750535.0,bonds,20
2026-04-06T10:34:38.772+05:30,1775450663791.0,2.0,bonds,20
2026-04-06T10:34:49.247+05:30,1775450663791.0,2.0,bonds,20
2026-04-06T10:36:53.666+05:30,1775452003460.0,20110.0,bonds,18
2026-04-06T10:37:08.735+05:30,1775452003460.0,20110.0,bonds,18
2026-04-06T10:38:06.737+05:30,1775452003460.0,20110.0,bonds,18
2026-04-06T10:41:52.08+05:30,1775452191481.0,1765669.0,bonds,20
2026-04-06T10:47:24.812+05:30,1775452356395.0,784179.0,bonds,18
2026-04-06T10:50:42.631+05:30,1775452826182.0,1725198.0,bonds,18
2026-04-06T10:57:47.494+05:30,1775452856829.0,1763015.0,bonds,18
2026-04-06T10:59:39.272+05:30,1775451475428.0,1750535.0,highyieldfd,21
2026-04-06T11:03:49.055+05:30,1775453579212.0,1388832.0,bonds,19
2026-04-06T11:04:09.062+05:30,1775453396756.0,555201.0,bonds,19
2026-04-06T11:04:20.975+05:30,1775452167943.0,1765665.0,bonds,21
2026-04-06T11:12:44.379+05:30,1775453716647.0,1208486.0,bonds,21
2026-04-06T11:16:26.469+05:30,1775454381192.0,521581.0,bonds,24
2026-04-06T11:16:32.814+05:30,1775454381192.0,521581.0,bonds,24
2026-04-06T11:16:41.412+05:30,1775454381192.0,521581.0,bonds,24
2026-04-06T11:17:37.186+05:30,1775454381192.0,521581.0,bonds,24
2026-04-06T11:18:43.358+05:30,1775454308443.0,1613218.0,bonds,24
2026-04-06T11:19:16.499+05:30,1775454308443.0,1613218.0,bonds,24
2026-04-06T11:19:37.813+05:30,1775454308443.0,1613218.0,bonds,24
2026-04-06T11:20:05.58+05:30,1775454308443.0,1613218.0,bonds,24
2026-04-06T11:25:58.796+05:30,1775454920227.0,1715670.0,bonds,28
2026-04-06T11:34:28.459+05:30,1775455073525.0,1765786.0,bonds,31
2026-04-06T11:36:58.629+05:30,1775451199494.0,1710480.0,bonds,27
2026-04-06T11:40:51.782+05:30,1775455716172.0,1305092.0,bonds,26
2026-04-06T11:42:10.623+05:30,1775455533970.0,1025351.0,bonds,33
2026-04-06T11:43:35.208+05:30,1775455533970.0,1025351.0,bonds,33
2026-04-06T11:47:27.48+05:30,1775455716172.0,1305092.0,bonds,26
2026-04-06T11:59:06.155+05:30,1775456884942.0,1127490.0,bonds,26
2026-04-06T12:11:20.116+05:30,1775457640719.0,1635643.0,bonds,28
2026-04-06T12:13:00.867+05:30,1775456675003.0,1758397.0,bonds,30
2026-04-06T12:28:18.381+05:30,1775458555538.0,1765140.0,sdi,30
2026-04-06T12:28:46.662+05:30,1775458670054.0,756462.0,sdi,30
2026-04-06T12:28:56.997+05:30,1775458655774.0,315936.0,bonds,28
2026-04-06T12:29:34.437+05:30,1775458670054.0,756462.0,bonds,30
2026-04-06T12:30:48.192+05:30,1775458762071.0,1065001.0,bonds,4
2026-04-06T12:41:34.642+05:30,1775455015695.0,670742.0,bonds,30
2026-04-06T12:42:32.864+05:30,1775459463852.0,1766033.0,bonds,29
2026-04-06T12:46:57.811+05:30,1775455015695.0,670742.0,bonds,29
2026-04-06T12:50:47.03+05:30,1775460022339.0,1765953.0,bonds,29
2026-04-06T12:52:10.43+05:30,1775459438645.0,1719044.0,bonds,24
2026-04-06T12:53:26.144+05:30,1775458511385.0,1195225.0,bonds,29
2026-04-06T12:55:41.585+05:30,1775459614843.0,1766044.0,bonds,29
2026-04-06T12:55:52.745+05:30,1775460022339.0,1765953.0,bonds,29
2026-04-06T12:57:27.425+05:30,1775460022339.0,1765953.0,bonds,29
2026-04-06T12:59:20.578+05:30,1775455707044.0,1710679.0,bonds,27
2026-04-06T12:59:32.485+05:30,1775459907904.0,1766061.0,bonds,29
2026-04-06T13:01:03.585+05:30,1775460590055.0,256328.0,bonds,4
2026-04-06T13:01:21.602+05:30,1775460590055.0,256328.0,bonds,4
2026-04-06T13:03:07.957+05:30,1775458511385.0,1195225.0,bonds,29
2026-04-06T13:05:07.463+05:30,1775458511385.0,1195225.0,bonds,29
2026-04-06T13:10:51.839+05:30,1775458511385.0,1195225.0,bonds,29
2026-04-06T13:11:35.641+05:30,1775458511385.0,1195225.0,bonds,29
2026-04-06T13:11:48.43+05:30,1775460913151.0,1376741.0,bonds,29
2026-04-06T13:12:12.39+05:30,1775458511385.0,1195225.0,bonds,29
2026-04-06T13:16:17.331+05:30,1775461574355.0,1766124.0,highyieldfd,29
2026-04-06T13:16:19.128+05:30,1775457296270.0,1646578.0,bonds,27
2026-04-06T13:16:19.981+05:30,1775458511385.0,1195225.0,bonds,29
2026-04-06T13:20:03.238+05:30,1775457296270.0,1646578.0,bonds,27
2026-04-06T13:20:50.467+05:30,1775460942940.0,1766114.0,bonds,24
2026-04-06T13:21:20.824+05:30,1775458511385.0,1195225.0,bonds,29
2026-04-06T13:21:22.24+05:30,1775461785451.0,819759.0,bonds,27
2026-04-06T13:24:50.011+05:30,1775458987328.0,1719796.0,bonds,24
2026-04-06T13:25:23.865+05:30,1775460942940.0,1766114.0,bonds,24
2026-04-06T13:26:31.704+05:30,1775457296270.0,1646578.0,bonds,27
2026-04-06T13:26:41.071+05:30,1775458987328.0,1719796.0,bonds,24
2026-04-06T13:27:06.512+05:30,1775462185577.0,1313888.0,bonds,27
2026-04-06T13:27:16.877+05:30,1775462199652.0,1766176.0,bonds,29
2026-04-06T13:27:28.495+05:30,1775460942940.0,1766114.0,bonds,24
2026-04-06T13:27:51.487+05:30,1775461899096.0,1766159.0,bonds,29
2026-04-06T13:29:10.61+05:30,1775462296774.0,1711080.0,bonds,29
2026-04-06T13:30:37.099+05:30,1775457296270.0,1646578.0,bonds,27
2026-04-06T13:31:22.53+05:30,1775462461776.0,1623422.0,bonds,29
2026-04-06T13:45:33.956+05:30,1775462935154.0,1766205.0,bonds,29
2026-04-06T13:46:18.767+05:30,1775462935154.0,1766205.0,bonds,29
2026-04-06T13:51:30.31+05:30,1775463683563.0,20110.0,bonds,27
2026-04-06T13:52:07.508+05:30,1775463683563.0,20110.0,bonds,27
2026-04-06T13:52:32.759+05:30,1775463683563.0,20110.0,bonds,27
2026-04-06T13:53:13.519+05:30,1775463683563.0,20110.0,bonds,27
2026-04-06T13:53:25.898+05:30,1775463683563.0,20110.0,bonds,27
2026-04-06T13:53:40.972+05:30,1775463683563.0,20110.0,bonds,27
2026-04-06T13:53:51.702+05:30,1775463683563.0,20110.0,bonds,27
2026-04-06T13:54:14.064+05:30,1775463683563.0,20110.0,bonds,27
2026-04-06T13:54:14.158+05:30,1775457296270.0,1646578.0,bonds,27
2026-04-06T13:54:37.182+05:30,1775463683563.0,20110.0,bonds,27
2026-04-06T13:55:02.711+05:30,1775457296270.0,1646578.0,bonds,27
2026-04-06T13:55:46.608+05:30,1775457296270.0,1646578.0,bonds,27
2026-04-06T13:56:46.382+05:30,1775458987328.0,1719796.0,bonds,23
2026-04-06T13:56:46.543+05:30,1775463971251.0,1766260.0,bonds,4
2026-04-06T13:59:56.662+05:30,1775463683563.0,20110.0,bonds,27
2026-04-06T14:00:09.542+05:30,1775463683563.0,20110.0,bonds,27
2026-04-06T14:16:34.601+05:30,1775465082229.0,542631.0,bonds,28
2026-04-06T14:17:24.563+05:30,1775465063603.0,1581829.0,highyieldfd,28
2026-04-06T14:18:30.165+05:30,1775464694103.0,1158401.0,bonds,26
2026-04-06T14:21:18.02+05:30,1775465476193.0,440300.0,bonds,20
2026-04-06T14:21:18.381+05:30,1775465476193.0,440300.0,bonds,20
2026-04-06T14:24:22.328+05:30,1775465654807.0,,bonds,23
2026-04-06T14:25:38.283+05:30,1775465267624.0,1766314.0,bonds,28
2026-04-06T14:26:37.621+05:30,1775465698746.0,1766335.0,sdi,28
2026-04-06T14:28:16.32+05:30,1775465556953.0,1766344.0,bonds,28
2026-04-06T14:32:59.755+05:30,1775465695024.0,1756110.0,bonds,26
2026-04-06T14:35:05.186+05:30,1775465695024.0,1756110.0,bonds,26
2026-04-06T14:35:46.737+05:30,1775466345180.0,20110.0,bonds,26
2026-04-06T14:37:39.139+05:30,1775465909826.0,1766348.0,bonds,28
2026-04-06T14:38:09.916+05:30,1775466449616.0,1650133.0,bonds,26
2026-04-06T14:40:25.08+05:30,1775466345180.0,20110.0,bonds,26
2026-04-06T14:44:55.712+05:30,1775466306236.0,1766369.0,bonds,28
2026-04-06T14:49:20.395+05:30,1775465664361.0,1437804.0,bonds,26
2026-04-06T14:59:02.042+05:30,1775467521525.0,1627306.0,baskets,4
2026-04-06T15:03:07.446+05:30,1775467292385.0,1441448.0,bonds,26
2026-04-06T15:04:36.677+05:30,1775467994046.0,1766441.0,bonds,28
2026-04-06T15:07:56.64+05:30,1775468125590.0,1766448.0,bonds,4
2026-04-06T15:41:37.127+05:30,1775470093254.0,726596.0,bonds,27
2026-04-06T15:45:32.681+05:30,1775470479492.0,904750.0,bonds,26
2026-04-06T15:47:05.025+05:30,1775470479492.0,904750.0,bonds,26
2026-04-06T15:51:35.496+05:30,1775470805959.0,477323.0,bonds,26
2026-04-06T16:00:58.101+05:30,1775471374575.0,1766568.0,bonds,30
2026-04-06T16:07:35.664+05:30,1775471807802.0,1581846.0,bonds,30
2026-04-06T16:18:05.931+05:30,1775472470869.0,397379.0,bonds,28
2026-04-06T16:18:41.773+05:30,1775472470869.0,397379.0,bonds,28
2026-04-06T16:53:21.441+05:30,1775474101825.0,1766666.0,bonds,26
2026-04-06T16:53:54.68+05:30,1775474613084.0,532868.0,bonds,28
2026-04-06T17:11:59.818+05:30,1775471842112.0,1766588.0,bonds,29
2026-04-06T17:29:18.064+05:30,1775476581414.0,773040.0,sdi,27
2026-04-06T17:54:09.35+05:30,1775476686204.0,671085.0,bonds,27
2026-04-06T17:57:20.845+05:30,1775478393943.0,1766817.0,bonds,30
2026-04-06T17:59:05.217+05:30,1775477760222.0,1766792.0,bonds,29
2026-04-06T18:00:27.636+05:30,1775477649731.0,233.0,bonds,27
2026-04-06T18:05:58.227+05:30,1775478880472.0,1502348.0,bonds,29
2026-04-06T18:16:34.519+05:30,1775479567128.0,1410997.0,bonds,26
2026-04-06T18:21:35.975+05:30,1775479623328.0,1761296.0,bonds,28
2026-04-06T18:25:17.334+05:30,1775480091476.0,415762.0,bonds,28
2026-04-06T18:26:13.967+05:30,1775480091476.0,415762.0,bonds,28
2026-04-06T18:26:14.449+05:30,1775480091476.0,415762.0,bonds,28
2026-04-06T18:26:29.122+05:30,1775476376937.0,1728782.0,bonds,25
2026-04-06T18:32:20.392+05:30,1775476376937.0,1728782.0,bonds,25
2026-04-06T18:47:36.442+05:30,1775481051478.0,890228.0,bonds,30
2026-04-06T18:49:42.333+05:30,1775481051478.0,890228.0,bonds,30
2026-04-06T18:53:45.795+05:30,1775481632052.0,1630993.0,sdi,28
2026-04-06T18:53:48.051+05:30,1775480181203.0,1369055.0,bonds,31
2026-04-06T19:12:14.425+05:30,1775482927447.0,1766988.0,baskets,6
2026-04-06T19:12:36.671+05:30,1775481206376.0,1004091.0,bonds,28
2026-04-06T19:16:32.971+05:30,1775483021600.0,1088523.0,bonds,6
2026-04-06T19:18:03.573+05:30,1775482567559.0,1766974.0,bonds,26
2026-04-06T19:32:20.6+05:30,1775483292718.0,1767001.0,bonds,31
2026-04-06T19:37:42.815+05:30,1775484450641.0,1764177.0,bonds,28
2026-04-06T19:39:35.2+05:30,1775484566684.0,1577267.0,bonds,28
2026-04-06T19:40:18.523+05:30,1775484453610.0,1719044.0,bonds,28
2026-04-06T19:41:42.407+05:30,1775484566684.0,1577267.0,bonds,28
2026-04-06T19:42:12.727+05:30,1775484566684.0,1577267.0,bonds,28
2026-04-06T19:43:49.547+05:30,1775484812566.0,670742.0,bonds,29
2026-04-06T19:44:18.78+05:30,1775484828952.0,1767044.0,bonds,6
2026-04-06T19:46:45.217+05:30,1775484983294.0,1328191.0,bonds,25
2026-04-06T19:50:47.04+05:30,1775484566684.0,1577267.0,bonds,28
2026-04-06T19:59:53.794+05:30,1775485256287.0,1767062.0,bonds,25
2026-04-06T20:04:26.853+05:30,1775486056636.0,1749449.0,bonds,29
2026-04-06T20:05:08.814+05:30,1775485235353.0,1724448.0,bonds,29
2026-04-06T20:05:58.124+05:30,1775486077242.0,1767090.0,bonds,32
2026-04-06T20:08:15.608+05:30,1775486103213.0,942983.0,bonds,34
2026-04-06T20:10:40.984+05:30,1775486410427.0,1492797.0,sdi,29
2026-04-06T20:11:04.107+05:30,1775486410427.0,1492797.0,bonds,29
2026-04-06T20:19:01.113+05:30,1775486697274.0,1752903.0,sdi,32
2026-04-06T20:20:31.642+05:30,1775486697274.0,1752903.0,sdi,32
2026-04-06T20:39:14.359+05:30,1775488024089.0,720429.0,bonds,28
2026-04-06T20:40:23.667+05:30,1775488203258.0,1767179.0,bonds,26
2026-04-06T20:51:27.468+05:30,1775486469484.0,1767111.0,sdi,31
2026-04-06T20:59:44.248+05:30,1775489259357.0,1767206.0,bonds,31
2026-04-06T21:07:25.739+05:30,1775489794859.0,1767224.0,baskets,6
2026-04-06T21:09:42.905+05:30,1775489822512.0,1425958.0,bonds,28
2026-04-06T21:11:08.874+05:30,1775489796697.0,1148568.0,bonds,31
2026-04-06T21:40:26.489+05:30,1775491510873.0,1767258.0,bonds,31
2026-04-06T21:40:56.714+05:30,1775491510873.0,1767258.0,bonds,31
2026-04-06T21:43:57.236+05:30,1775490210889.0,1754158.0,bonds,30
2026-04-06T21:46:51.286+05:30,1775491510873.0,1767258.0,bonds,31
2026-04-06T21:50:20.225+05:30,1775491510873.0,1767258.0,bonds,31
2026-04-06T21:54:55.928+05:30,1775492580895.0,946715.0,bonds,31
2026-04-06T21:55:05.439+05:30,1775492342335.0,1767324.0,bonds,31
2026-04-06T22:01:18.692+05:30,1775492923467.0,1322713.0,bonds,31
2026-04-06T22:05:01.986+05:30,1775493300395.0,415762.0,bonds,28
2026-04-06T22:20:08.484+05:30,1775494112384.0,1742160.0,bonds,31
2026-04-06T22:28:57.417+05:30,1775493269245.0,1235896.0,bonds,29
2026-04-06T22:30:53.104+05:30,1775494690261.0,1767419.0,bonds,32
2026-04-06T22:31:17.496+05:30,1775493269245.0,1235896.0,bonds,29
2026-04-06T22:39:45.495+05:30,1775495121683.0,482715.0,bonds,31
2026-04-06T22:40:04.13+05:30,1775495280845.0,1767444.0,bonds,6
2026-04-06T22:45:01.164+05:30,1775495656737.0,870595.0,bonds,28
2026-04-06T23:01:24.734+05:30,1775491224014.0,1767284.0,bonds,31
2026-04-06T23:15:16.126+05:30,1775497496922.0,1163809.0,bonds,29
2026-04-06T23:16:24.168+05:30,1775497484483.0,1736968.0,bonds,31
2026-04-06T23:31:04.245+05:30,1775496304874.0,1735461.0,bonds,31
2026-04-06T23:31:27.371+05:30,1775496304874.0,1735461.0,bonds,31
2026-04-06T23:36:15.161+05:30,1775496538226.0,1016174.0,bonds,29
2026-04-06T23:39:41.586+05:30,1775498494419.0,1172478.0,bonds,29
2026-04-06T23:40:39.431+05:30,1775496538226.0,1016174.0,bonds,29
2026-04-06T23:49:27.179+05:30,1775499564172.0,1755717.0,bonds,32
2026-04-06T23:54:23.209+05:30,1775499564172.0,1755717.0,bonds,32
2026-04-07T00:23:25.168+05:30,1775501528748.0,1767616.0,baskets,6
2026-04-07T00:59:11.406+05:30,1775503331963.0,1767661.0,highyieldfd,32
2026-04-07T01:14:14.465+05:30,1775504245405.0,1767677.0,bonds,30
2026-04-07T01:24:07.421+05:30,1775504815533.0,1767687.0,bonds,30
2026-04-07T01:24:42.742+05:30,1775504815533.0,1767687.0,bonds,30
2026-04-07T01:34:14.017+05:30,1775505651478.0,1766841.0,highyieldfd,30
2026-04-07T01:56:18.165+05:30,1775507099113.0,1767725.0,bonds,31
2026-04-07T02:09:08.176+05:30,1775507690415.0,1118678.0,bonds,28
2026-04-07T02:25:54.574+05:30,1775508746510.0,883109.0,bonds,16
2026-04-07T04:53:23.838+05:30,1775517668636.0,1348799.0,bonds,28
2026-04-07T04:53:51.083+05:30,1775517668636.0,1348799.0,bonds,28
2026-04-07T06:27:07.407+05:30,1775522861934.0,1767846.0,bonds,30
2026-04-07T06:47:19.703+05:30,,230963.0,bonds,30
2026-04-07T06:51:19.646+05:30,1775524758534.0,1114924.0,bonds,6
2026-04-07T07:35:46.626+05:30,1775527393453.0,1752374.0,bonds,31
2026-04-07T07:37:00.418+05:30,1775527617500.0,1429620.0,bonds,26
2026-04-07T07:47:59.749+05:30,1775528145443.0,1516369.0,bonds,28
2026-04-07T07:48:38.548+05:30,1775528188027.0,1767928.0,bonds,31
2026-04-07T07:51:14.706+05:30,1775528198248.0,1767932.0,bonds,31
2026-04-07T07:51:34.376+05:30,1775528198248.0,1767932.0,bonds,31
2026-04-07T07:51:40.97+05:30,1775528198248.0,1767932.0,bonds,31
2026-04-07T07:59:06.213+05:30,1775528930725.0,1679401.0,bonds,28
2026-04-07T08:09:36.359+05:30,1775529431741.0,845962.0,bonds,28
2026-04-07T08:11:11.82+05:30,1775529635822.0,1765341.0,bonds,30
2026-04-07T08:15:32.042+05:30,1775529307304.0,1767963.0,bonds,26
2026-04-07T08:17:03.689+05:30,1775528762824.0,1767713.0,bonds,30
2026-04-07T08:35:30.049+05:30,1775531090947.0,1476362.0,bonds,6
2026-04-07T08:48:18.704+05:30,1775531830220.0,1762551.0,bonds,27
2026-04-07T08:54:58.746+05:30,1775531830220.0,1762551.0,bonds,27
2026-04-07T09:03:23.692+05:30,1775532472871.0,1676210.0,bonds,27
2026-04-07T09:04:57.475+05:30,1775532472871.0,1676210.0,bonds,28
2026-04-07T09:05:30.453+05:30,1775532893985.0,1768059.0,bonds,30
2026-04-07T09:05:38.77+05:30,1775532472871.0,1676210.0,bonds,28
2026-04-07T09:35:25.48+05:30,1775533989601.0,1063391.0,bonds,6
2026-04-07T09:35:34.54+05:30,1775533989601.0,1063391.0,bonds,6
2026-04-07T09:44:32.408+05:30,1775535248023.0,1208766.0,bonds,6
2026-04-07T09:50:25.324+05:30,1775535576804.0,1768142.0,bonds,28
2026-04-07T09:56:01.089+05:30,1775534349758.0,1751527.0,bonds,27
2026-04-07T09:58:49.465+05:30,1775534176564.0,671984.0,bonds,27
2026-04-07T10:01:49.063+05:30,1775536290885.0,1768169.0,bonds,6
2026-04-07T10:07:09.613+05:30,1775535525036.0,920192.0,bonds,27
2026-04-07T10:10:37.033+05:30,1775536764354.0,1768186.0,bonds,28
2026-04-07T10:10:42.607+05:30,1775536764354.0,1768186.0,bonds,28
2026-04-07T10:17:37.868+05:30,1775537220133.0,1715353.0,bonds,26
2026-04-07T10:31:05.404+05:30,1775538006238.0,1768237.0,bonds,28
2026-04-07T10:45:15.873+05:30,1775536945892.0,923461.0,bonds,27
2026-04-07T10:55:19.852+05:30,1775539498914.0,1694937.0,bonds,27
2026-04-07T10:58:28.791+05:30,1775539228973.0,1768286.0,bonds,28
2026-04-07T10:58:47.946+05:30,1775539228973.0,1768286.0,bonds,28
2026-04-07T11:00:02.213+05:30,1775539630720.0,1379019.0,sdi,27
2026-04-07T11:06:10.547+05:30,1775539875697.0,1733717.0,bonds,26
2026-04-07T11:07:13.508+05:30,1775535157205.0,1646578.0,bonds,26
2026-04-07T11:13:09.693+05:30,1775540567846.0,1606319.0,bonds,26
2026-04-07T11:14:43.825+05:30,1775539161192.0,884153.0,bonds,26
2026-04-07T11:20:44.548+05:30,1775541021755.0,1767513.0,bonds,27
2026-04-07T11:23:55.485+05:30,1775541215142.0,1510750.0,bonds,26
2026-04-07T11:26:39.202+05:30,1775541301317.0,671094.0,bonds,27
2026-04-07T11:38:02.691+05:30,1775542047777.0,890840.0,bonds,26
2026-04-07T11:43:11.866+05:30,1775541919624.0,1609172.0,bonds,26
2026-04-07T11:44:41.222+05:30,1775542143880.0,1768446.0,bonds,25
2026-04-07T11:55:46.856+05:30,1775543144627.0,487313.0,bonds,25
2026-04-07T11:56:58.089+05:30,1775542157905.0,713282.0,bonds,25
2026-04-07T12:01:41.076+05:30,1775543412781.0,1732379.0,bonds,26
2026-04-07T12:09:34.195+05:30,1775543967519.0,923461.0,bonds,25
2026-04-07T12:13:14.626+05:30,1775543030436.0,1745327.0,bonds,24
2026-04-07T12:23:37.201+05:30,1775544361134.0,1768603.0,bonds,24
2026-04-07T12:24:00.912+05:30,1775544726253.0,622790.0,bonds,24
2026-04-07T12:26:03.098+05:30,1775544861441.0,1742020.0,bonds,24
2026-04-07T12:31:38.317+05:30,1775545189100.0,1720692.0,bonds,24
2026-04-07T12:32:21.214+05:30,1775545326734.0,873078.0,bonds,24
2026-04-07T12:35:30.452+05:30,1775545477125.0,1133462.0,bonds,24
2026-04-07T12:40:39.736+05:30,1775545682549.0,1671445.0,bonds,24
2026-04-07T12:42:24.108+05:30,1775545936486.0,1755273.0,bonds,25
2026-04-07T12:42:51.313+05:30,1775545190453.0,781740.0,bonds,24
2026-04-07T12:46:13.192+05:30,1775545477125.0,1133462.0,bonds,24
2026-04-07T12:46:23.414+05:30,1775544450949.0,885550.0,bonds,24
2026-04-07T12:47:47.383+05:30,1775545190453.0,781740.0,bonds,24
2026-04-07T12:50:39.424+05:30,1775546013806.0,1743868.0,bonds,24
2026-04-07T12:58:35.357+05:30,1775546769798.0,1481151.0,bonds,24
2026-04-07T12:58:59.22+05:30,1775545936486.0,1755273.0,bonds,24
2026-04-07T13:03:48.345+05:30,1775545936486.0,1755273.0,bonds,24
2026-04-07T13:04:50.717+05:30,1775547267130.0,1635634.0,bonds,24
2026-04-07T13:05:26.997+05:30,1775547267130.0,1635634.0,bonds,24
2026-04-07T13:06:48.932+05:30,1775547267130.0,1635634.0,sdi,24
2026-04-07T13:07:38.05+05:30,1775545936486.0,1755273.0,bonds,24
2026-04-07T13:10:08.943+05:30,1775547514241.0,1762225.0,bonds,24
2026-04-07T13:10:44.392+05:30,1775547431686.0,1768784.0,bonds,25
2026-04-07T13:10:53.466+05:30,1775547242246.0,1768776.0,sdi,24
2026-04-07T13:11:12.623+05:30,1775545936486.0,1755273.0,bonds,24
2026-04-07T13:16:14.123+05:30,1775546260454.0,1271619.0,bonds,6
2026-04-07T13:16:46.114+05:30,1775547953173.0,1280090.0,baskets,6
2026-04-07T13:17:18.345+05:30,1775546260454.0,1271619.0,bonds,6
2026-04-07T13:18:27.467+05:30,1775546260454.0,1271619.0,bonds,6
2026-04-07T13:19:02.427+05:30,1775547431686.0,1768784.0,bonds,25
2026-04-07T13:19:49.043+05:30,1775548128257.0,1768471.0,bonds,21
2026-04-07T13:29:49.971+05:30,1775547431686.0,1768784.0,bonds,25
2026-04-07T13:32:34.793+05:30,1775547431686.0,1768784.0,bonds,25
2026-04-07T13:37:52.943+05:30,1775549248082.0,1461702.0,bonds,28
2026-04-07T13:41:13.35+05:30,1775549151724.0,1768848.0,bonds,29
2026-04-07T13:46:06.113+05:30,1775549744862.0,1768876.0,bonds,32
2026-04-07T13:47:24.405+05:30,1775549744862.0,1768876.0,highyieldfd,32
2026-04-07T13:47:43.589+05:30,1775549699025.0,1505333.0,bonds,32
2026-04-07T13:53:26.41+05:30,1775550131225.0,1768882.0,bonds,32
2026-04-07T13:59:29.685+05:30,1775549579031.0,1768863.0,bonds,32
2026-04-07T14:04:13.109+05:30,1775550234042.0,1710595.0,bonds,32
2026-04-07T14:07:15.722+05:30,1775551030475.0,788228.0,bonds,33
2026-04-07T14:09:03.265+05:30,1775551115622.0,1768924.0,bonds,33
2026-04-07T14:14:36.421+05:30,1775548490738.0,1768650.0,bonds,31
2026-04-07T14:25:15.773+05:30,1775551161113.0,1765774.0,bonds,30
2026-04-07T14:29:47.627+05:30,1775552365677.0,1768975.0,bonds,6
2026-04-07T14:48:04.686+05:30,1775553482003.0,910754.0,bonds,31
2026-04-07T14:50:29.895+05:30,1775553177133.0,1596789.0,bonds,28
2026-04-07T14:54:44.481+05:30,1775553697072.0,513963.0,bonds,31
2026-04-07T14:55:55.261+05:30,1775553697072.0,513963.0,bonds,31
2026-04-07T14:56:43.618+05:30,1775553177133.0,1596789.0,bonds,28
2026-04-07T15:19:47.691+05:30,1775555382334.0,781740.0,bonds,28
2026-04-07T15:24:07.593+05:30,1775555583593.0,524573.0,bonds,27
2026-04-07T15:24:35.511+05:30,1775555027244.0,1769082.0,bonds,28
2026-04-07T15:24:55.215+05:30,1775555583593.0,524573.0,bonds,27
2026-04-07T15:25:27.315+05:30,1775555027244.0,1769082.0,bonds,28
2026-04-07T15:26:22.704+05:30,1775555027244.0,1769082.0,bonds,28
2026-04-07T15:26:53.341+05:30,1775555795892.0,1098980.0,bonds,27
2026-04-07T15:27:32.104+05:30,1775555830782.0,941110.0,bonds,27
2026-04-07T15:35:15.975+05:30,1775556106975.0,1006282.0,bonds,22
2026-04-07T15:37:02.659+05:30,1775556379426.0,88695.0,bonds,27
2026-04-07T15:45:52.621+05:30,1775556902155.0,1700192.0,bonds,27
2026-04-07T15:46:11.33+05:30,1775556902155.0,1700192.0,bonds,27
2026-04-07T15:46:13.611+05:30,1775556939283.0,1636328.0,bonds,30
2026-04-07T15:46:46.971+05:30,1775556902155.0,1700192.0,bonds,27
2026-04-07T15:46:52.249+05:30,1775556902155.0,1700192.0,sdi,27
2026-04-07T15:47:00.947+05:30,1775556939283.0,1636328.0,bonds,30
2026-04-07T15:48:50.987+05:30,1775556902155.0,1700192.0,bonds,27
2026-04-07T15:49:00.311+05:30,1775556939283.0,1636328.0,bonds,30
2026-04-07T15:49:07.886+05:30,1775556902155.0,1700192.0,bonds,27
2026-04-07T15:49:22.786+05:30,1775556939283.0,1636328.0,sdi,30
2026-04-07T15:56:37.312+05:30,1775556834989.0,1455936.0,bonds,27
2026-04-07T15:59:35.266+05:30,1775555473360.0,1763586.0,bonds,25
2026-04-07T16:01:34.324+05:30,1775555473360.0,1763586.0,bonds,25
2026-04-07T16:07:29.753+05:30,1775557686826.0,1769187.0,bonds,29
2026-04-07T16:13:46.842+05:30,1775558516716.0,1144575.0,bonds,27
2026-04-07T16:14:17.747+05:30,1775558516716.0,1144575.0,bonds,27
2026-04-07T16:37:25.654+05:30,1775560043657.0,415762.0,bonds,28
2026-04-07T16:37:49.066+05:30,1775560063120.0,1769272.0,baskets,6
2026-04-07T16:39:19.03+05:30,1775560043657.0,415762.0,bonds,27
2026-04-07T16:43:02.377+05:30,1775560284781.0,1371290.0,sdi,27
2026-04-07T16:45:00.941+05:30,1775560284781.0,1371290.0,bonds,27
2026-04-07T16:48:07.634+05:30,1775560602679.0,976935.0,bonds,29
2026-04-07T16:50:46.115+05:30,1775560826134.0,1197830.0,bonds,27
2026-04-07T16:51:23.15+05:30,1775560826134.0,1197830.0,bonds,27
2026-04-07T16:55:06.021+05:30,1775559484766.0,1592196.0,bonds,27
2026-04-07T16:55:46.087+05:30,1775559484766.0,1592196.0,bonds,27
2026-04-07T16:56:16.637+05:30,1775559484766.0,1592196.0,bonds,27
2026-04-07T16:57:47.345+05:30,1775559484766.0,1592196.0,bonds,27
2026-04-07T17:07:27.528+05:30,1775561474555.0,1267733.0,sdi,29
2026-04-07T17:08:44.355+05:30,1775561906827.0,1289021.0,bonds,26
2026-04-07T17:10:24.069+05:30,1775561982198.0,524573.0,bonds,27
2026-04-07T17:32:01.595+05:30,1775563194582.0,234587.0,bonds,26
2026-04-07T17:34:48.946+05:30,1775563484096.0,1766195.0,bonds,29
2026-04-07T17:35:03.79+05:30,1775563371992.0,1493873.0,bonds,29
2026-04-07T17:36:50.71+05:30,1775563371992.0,1493873.0,bonds,29
2026-04-07T17:39:49.7+05:30,1775563720251.0,1287234.0,bonds,26
2026-04-07T17:40:09.013+05:30,1775562701066.0,888693.0,bonds,28
2026-04-07T17:44:21.891+05:30,1775563929218.0,1768870.0,bonds,26
2026-04-07T17:59:48.016+05:30,1775564160678.0,1534102.0,bonds,26
2026-04-07T18:01:08.385+05:30,1775565051430.0,1521890.0,bonds,28
2026-04-07T18:09:32.675+05:30,1775565370017.0,941335.0,bonds,29
2026-04-07T18:22:01.93+05:30,1775565462245.0,1769453.0,highyieldfd,29
2026-04-07T18:23:09.09+05:30,1775566373045.0,1769483.0,bonds,33
2026-04-07T18:30:56.567+05:30,1775566113701.0,1715353.0,bonds,29
2026-04-07T18:44:28.009+05:30,1775567660695.0,1521890.0,bonds,32
2026-04-07T18:52:38.929+05:30,1775566223980.0,847688.0,bonds,29
2026-04-07T18:52:53.206+05:30,1775566223980.0,847688.0,bonds,29
2026-04-07T18:53:02.601+05:30,1775567660695.0,1521890.0,bonds,32
2026-04-07T18:54:12.591+05:30,1775566223980.0,847688.0,bonds,29
2026-04-07T18:56:30.273+05:30,1775568383895.0,1534372.0,highyieldfd,34
2026-04-07T18:56:50.712+05:30,1775568383895.0,1534372.0,bonds,34
2026-04-07T18:57:38.24+05:30,1775568429361.0,1479029.0,bonds,33
2026-04-07T18:58:27.686+05:30,1775568429361.0,1479029.0,bonds,33
2026-04-07T18:59:06.371+05:30,1775568429361.0,1479029.0,bonds,33
2026-04-07T19:07:46.347+05:30,1775569010355.0,45059.0,bonds,31
2026-04-07T19:08:50.448+05:30,1775567368163.0,1181363.0,bonds,31
2026-04-07T19:09:26.353+05:30,1775568993821.0,1094481.0,bonds,31
2026-04-07T19:25:39.724+05:30,1775569925921.0,982866.0,bonds,29
2026-04-07T19:32:29.891+05:30,1775570535004.0,1512999.0,bonds,31
2026-04-07T19:33:35.953+05:30,1775570548380.0,1331950.0,bonds,29
2026-04-07T19:34:54.048+05:30,1775569072243.0,887025.0,bonds,30
2026-04-07T19:38:04.875+05:30,1775570821166.0,1769653.0,bonds,33
2026-04-07T19:38:40.089+05:30,1775569554905.0,577385.0,bonds,31
2026-04-07T19:38:44.386+05:30,1775569554905.0,577385.0,bonds,31
2026-04-07T19:39:24.144+05:30,1775570821166.0,1769653.0,bonds,33
2026-04-07T19:39:42.421+05:30,1775570903916.0,879494.0,bonds,30
2026-04-07T19:39:47.041+05:30,1775569554905.0,577385.0,bonds,31
2026-04-07T19:53:30.841+05:30,1775571554551.0,1618814.0,bonds,33
2026-04-07T20:04:30.715+05:30,1775572167616.0,1767848.0,highyieldfd,33
2026-04-07T20:10:27.682+05:30,1775572810702.0,1769715.0,bonds,25
2026-04-07T20:14:20.188+05:30,1775572064323.0,1769678.0,bonds,32
2026-04-07T20:14:23.184+05:30,1775572064323.0,1769678.0,bonds,32
2026-04-07T20:27:09.233+05:30,1775573800210.0,1715353.0,bonds,30
2026-04-07T20:29:08.377+05:30,1775573814241.0,1769745.0,bonds,33
2026-04-07T20:30:09.83+05:30,1775573239898.0,1717679.0,bonds,30
2026-04-07T20:31:15.579+05:30,1775573239898.0,1717679.0,bonds,30
2026-04-07T20:42:51.368+05:30,1775574683355.0,1207450.0,bonds,32
2026-04-07T21:11:00.519+05:30,1775576357082.0,1163809.0,bonds,30
2026-04-07T21:12:06.506+05:30,1775575339485.0,1769798.0,bonds,33
2026-04-07T21:14:13.749+05:30,1775576490010.0,1583114.0,bonds,30
2026-04-07T21:17:33.377+05:30,1775576843907.0,1768165.0,bonds,32
2026-04-07T21:26:50.196+05:30,1775577372273.0,871618.0,bonds,31
2026-04-07T21:27:32.145+05:30,1775577372273.0,871618.0,bonds,31
2026-04-07T21:38:01.318+05:30,1775577917473.0,495805.0,bonds,31
2026-04-07T21:39:18.754+05:30,1775578153196.0,1725198.0,bonds,31
2026-04-07T21:39:57.303+05:30,1775577917473.0,495805.0,bonds,31
2026-04-07T21:41:58.803+05:30,1775577917473.0,495805.0,bonds,31
2026-04-07T21:42:24.925+05:30,1775578327091.0,853692.0,sdi,31
2026-04-07T21:44:22.033+05:30,1775577917473.0,495805.0,bonds,31
2026-04-07T21:45:55.315+05:30,1775577937176.0,908363.0,bonds,31
2026-04-07T21:49:31.87+05:30,1775578242501.0,1046191.0,bonds,31
2026-04-07T21:50:32.652+05:30,1775578788273.0,1692490.0,bonds,29
2026-04-07T22:12:06.269+05:30,1775579788354.0,366910.0,sdi,31
2026-04-07T22:24:48.057+05:30,1775580875880.0,1769977.0,bonds,26
2026-04-07T22:28:49.805+05:30,1775581078843.0,1665400.0,bonds,32
2026-04-07T22:31:48.761+05:30,1775581302242.0,1700192.0,bonds,31
2026-04-07T22:34:23.386+05:30,1775581302242.0,1700192.0,sdi,31
2026-04-07T22:34:56.586+05:30,1775581302242.0,1700192.0,sdi,31
2026-04-07T22:39:32.87+05:30,1775581302242.0,1700192.0,sdi,31
2026-04-07T22:46:20.644+05:30,1775581302242.0,1700192.0,bonds,31
2026-04-07T22:58:05.801+05:30,1775581398758.0,1702655.0,bonds,31
2026-04-07T23:00:48.373+05:30,1775583043976.0,1116631.0,baskets,6
2026-04-07T23:08:27.56+05:30,1775583405343.0,875795.0,bonds,31
2026-04-07T23:10:29.971+05:30,1775583544885.0,1770052.0,bonds,33
2026-04-07T23:22:43.608+05:30,1775584303025.0,1108215.0,bonds,31
2026-04-07T23:25:20.455+05:30,1775584439691.0,36402.0,bonds,31
2026-04-07T23:34:38.836+05:30,1775584439691.0,36402.0,bonds,31
2026-04-07T23:45:34.608+05:30,1775585655712.0,1635822.0,bonds,31
2026-04-08T00:08:26.998+05:30,1775586984465.0,1459768.0,bonds,31
2026-04-08T00:15:40.075+05:30,1775587500854.0,827331.0,highyieldfd,32
2026-04-08T00:16:13.204+05:30,1775587500854.0,827331.0,highyieldfd,32
2026-04-08T00:16:17.95+05:30,1775587500854.0,827331.0,highyieldfd,32
2026-04-08T00:20:31.488+05:30,1775587706178.0,1770141.0,bonds,33
2026-04-08T00:29:14.802+05:30,1775587500854.0,827331.0,bonds,32
2026-04-08T01:36:02.738+05:30,1775592243774.0,1436655.0,bonds,6
2026-04-08T01:38:45.925+05:30,1775592465962.0,774795.0,bonds,31
2026-04-08T01:40:19.592+05:30,1775592224834.0,1770229.0,bonds,32
2026-04-08T02:44:44.984+05:30,1775596454397.0,722580.0,bonds,33
2026-04-08T03:10:01.935+05:30,1775597282893.0,1769562.0,bonds,32
2026-04-08T03:28:58.264+05:30,1775598441667.0,1770284.0,bonds,29
2026-04-08T03:29:06.541+05:30,1775598441667.0,1770284.0,bonds,29
2026-04-08T04:28:37.947+05:30,1775602599201.0,1311229.0,bonds,6
2026-04-08T04:28:50.568+05:30,1775602599201.0,1311229.0,bonds,6
2026-04-08T06:25:21.666+05:30,1775609688441.0,1002123.0,bonds,31
2026-04-08T07:04:13.348+05:30,1775611952778.0,793405.0,bonds,30
2026-04-08T07:13:00.212+05:30,1775612553441.0,879870.0,bonds,30
2026-04-08T07:33:58.296+05:30,1775613822387.0,1710480.0,bonds,30
2026-04-08T07:34:47.064+05:30,1775613878562.0,1762551.0,bonds,30
2026-04-08T07:45:53.4+05:30,1775614231778.0,1770426.0,bonds,28
2026-04-08T08:00:27.861+05:30,1775615353064.0,1259660.0,bonds,30
2026-04-08T08:06:36.57+05:30,1775615548269.0,1696313.0,bonds,32
2026-04-08T08:31:53.257+05:30,1775617303225.0,1770515.0,bonds,25
2026-04-08T08:44:00.961+05:30,1775617971163.0,1511310.0,bonds,30
2026-04-08T08:49:13.004+05:30,1775618247452.0,1770536.0,bonds,32
2026-04-08T08:53:42.004+05:30,1775618247452.0,1770536.0,bonds,32
2026-04-08T09:27:49.832+05:30,1775620473686.0,1700192.0,bonds,30
2026-04-08T09:28:26.841+05:30,1775620527163.0,1589660.0,bonds,30
2026-04-08T09:40:27.455+05:30,1775621343501.0,1084967.0,bonds,6
2026-04-08T09:44:36.519+05:30,1775621625706.0,1770642.0,highyieldfd,32
2026-04-08T09:56:59.26+05:30,1775621002136.0,1770616.0,bonds,30
2026-04-08T09:57:25.447+05:30,1775622135271.0,1770657.0,bonds,31
2026-04-08T09:58:41.471+05:30,1775622178901.0,1309945.0,bonds,6
2026-04-08T10:08:44.816+05:30,1775623064894.0,1176004.0,bonds,29
2026-04-08T10:11:59.865+05:30,1775621651800.0,947062.0,bonds,28
2026-04-08T10:13:54.414+05:30,1775621651800.0,947062.0,bonds,28
2026-04-08T10:15:30.644+05:30,1775622014701.0,920192.0,bonds,29
2026-04-08T10:22:22.675+05:30,1775622825190.0,1762411.0,bonds,29
2026-04-08T10:26:58.407+05:30,1775622825190.0,1762411.0,bonds,29
2026-04-08T10:27:55.838+05:30,1775624116680.0,1770718.0,highyieldfd,31
2026-04-08T10:30:19.396+05:30,1775624406255.0,811998.0,bonds,31
2026-04-08T10:43:46.682+05:30,1775623027160.0,843904.0,bonds,32
2026-04-08T10:51:08.19+05:30,1775624921958.0,1770752.0,bonds,33
2026-04-08T11:00:20.531+05:30,1775626078873.0,879365.0,bonds,31
2026-04-08T11:04:19.965+05:30,1775626449717.0,1767258.0,bonds,31
2026-04-08T11:05:43.455+05:30,1775626449717.0,1767258.0,bonds,31
2026-04-08T11:11:09.161+05:30,1775626590130.0,1318130.0,bonds,32
2026-04-08T11:12:23.423+05:30,1775626825103.0,1770821.0,bonds,34
2026-04-08T11:12:32.222+05:30,1775626380967.0,1598137.0,bonds,31
2026-04-08T11:12:39.231+05:30,1775625017299.0,1061509.0,bonds,7
2026-04-08T11:15:31.239+05:30,1775626968721.0,1635162.0,bonds,34
2026-04-08T11:27:00.979+05:30,1775626258155.0,1770733.0,bonds,35
2026-04-08T11:27:25.479+05:30,1775627057641.0,1770848.0,bonds,35
2026-04-08T11:33:44.689+05:30,1775628179927.0,675479.0,bonds,34
2026-04-08T11:44:44.655+05:30,1775628749999.0,1741829.0,bonds,34
2026-04-08T11:45:47.037+05:30,1775628749999.0,1741829.0,bonds,34
2026-04-08T11:48:24.547+05:30,1775627017256.0,1769745.0,highyieldfd,35
2026-04-08T11:49:53.621+05:30,1775627361911.0,875795.0,bonds,33
2026-04-08T11:50:12.982+05:30,1775629093329.0,1243091.0,bonds,33
2026-04-08T11:50:29.124+05:30,1775628889449.0,1770918.0,bonds,35
2026-04-08T11:50:46.485+05:30,1775629238351.0,879365.0,bonds,33
2026-04-08T11:51:19.714+05:30,1775627543009.0,1770862.0,bonds,33
2026-04-08T11:51:22.886+05:30,1775628889449.0,1770918.0,bonds,35
2026-04-08T11:52:51.263+05:30,1775629093329.0,1243091.0,bonds,33
2026-04-08T12:22:54.078+05:30,1775627953746.0,1760966.0,bonds,35
2026-04-08T12:31:28.05+05:30,1775631140248.0,1517037.0,bonds,34
2026-04-08T12:44:39.277+05:30,1775632477346.0,1769421.0,bonds,27
2026-04-08T12:47:25.346+05:30,1775628792877.0,415762.0,bonds,33
2026-04-08T12:49:42.448+05:30,1775632764262.0,793405.0,bonds,33
2026-04-08T12:51:50.788+05:30,1775632444681.0,233.0,bonds,33
2026-04-08T13:02:39.156+05:30,1775633179893.0,1771097.0,bonds,35
2026-04-08T13:06:22.257+05:30,1775631253975.0,1771017.0,bonds,35
2026-04-08T13:09:31.523+05:30,1775631709987.0,249954.0,bonds,33
2026-04-08T13:11:26.035+05:30,1775631253975.0,1771017.0,bonds,34
2026-04-08T13:14:06.827+05:30,1775634226094.0,948727.0,bonds,27
2026-04-08T13:14:24.55+05:30,1775634193626.0,658968.0,bonds,34
2026-04-08T13:14:48.511+05:30,1775634236980.0,1355404.0,bonds,35
2026-04-08T13:18:18.239+05:30,1775634393633.0,887937.0,bonds,33
2026-04-08T13:18:51.835+05:30,1775631709987.0,249954.0,bonds,33
2026-04-08T13:19:19.345+05:30,1775634413411.0,1771137.0,bonds,35
2026-04-08T13:21:14.277+05:30,1775634038779.0,1132567.0,bonds,33
2026-04-08T13:22:51.441+05:30,1775634609005.0,1613270.0,sdi,34
2026-04-08T13:30:49.125+05:30,1775631709987.0,249954.0,bonds,33
2026-04-08T13:33:54.163+05:30,1775631709987.0,249954.0,bonds,33
2026-04-08T13:36:24.363+05:30,1775635563559.0,1700192.0,bonds,32
2026-04-08T13:58:30.575+05:30,1775636800485.0,1771208.0,bonds,35
2026-04-08T14:02:03.478+05:30,1775636921733.0,1477542.0,bonds,16
2026-04-08T14:03:08.556+05:30,1775635563559.0,1700192.0,bonds,33
2026-04-08T14:04:37.469+05:30,1775637227276.0,1758315.0,bonds,35
2026-04-08T14:07:53.728+05:30,1775636440480.0,1770108.0,bonds,35
2026-04-08T14:08:20.078+05:30,1775636440480.0,1770108.0,bonds,35
2026-04-08T14:08:28.571+05:30,1775636440480.0,1770108.0,bonds,35
2026-04-08T14:09:45.675+05:30,1775637543589.0,1336560.0,bonds,29
2026-04-08T14:09:56.408+05:30,1775637518330.0,1329961.0,bonds,35
2026-04-08T14:13:10.026+05:30,1775637543589.0,1336560.0,bonds,29
2026-04-08T14:16:35.346+05:30,1775637268937.0,1517256.0,bonds,35
2026-04-08T14:18:09.562+05:30,1775638022297.0,1732358.0,bonds,35
2026-04-08T14:26:30.537+05:30,1775638225065.0,1771267.0,bonds,36
2026-04-08T14:40:30.532+05:30,1775639412222.0,1771322.0,bonds,36
2026-04-08T14:41:21.992+05:30,1775639412222.0,1771322.0,bonds,36
2026-04-08T14:42:34.196+05:30,1775639535969.0,1678135.0,bonds,36
2026-04-08T14:48:32.866+05:30,1775639362875.0,1771319.0,bonds,35
2026-04-08T14:50:16.17+05:30,1775638703395.0,1701321.0,bonds,32
2026-04-08T14:50:46.216+05:30,1775639833985.0,1771341.0,bonds,35
2026-04-08T14:51:04.012+05:30,1775640012375.0,1771352.0,bonds,36
2026-04-08T14:52:32.072+05:30,1775639083437.0,1771303.0,bonds,35
2026-04-08T14:54:49.6+05:30,1775639653584.0,1771333.0,bonds,35
2026-04-08T14:59:43.802+05:30,1775640354438.0,1592196.0,bonds,35
2026-04-08T15:03:34.836+05:30,1775640723024.0,253833.0,bonds,35
2026-04-08T15:11:05.899+05:30,1775640807420.0,1742846.0,highyieldfd,35
2026-04-08T15:25:50.529+05:30,1775640669696.0,858625.0,bonds,35
2026-04-08T15:32:59.931+05:30,1775642561247.0,698109.0,bonds,35
2026-04-08T15:34:00.079+05:30,1775642630985.0,1180511.0,bonds,35
2026-04-08T15:40:24.922+05:30,1775641016415.0,1627205.0,bonds,35
2026-04-08T15:57:11.489+05:30,1775644015648.0,67711.0,highyieldfd,36
2026-04-08T16:00:04.778+05:30,1775641538331.0,1294205.0,bonds,35
2026-04-08T16:03:18.345+05:30,1775644337913.0,1770697.0,bonds,35
2026-04-08T16:05:37.721+05:30,1775644490712.0,1109503.0,bonds,8
2026-04-08T16:16:07.666+05:30,1775645146540.0,1762419.0,bonds,37
2026-04-08T16:35:50.061+05:30,1775646301135.0,1771572.0,bonds,36
2026-04-08T16:47:15.489+05:30,1775645726031.0,1771543.0,bonds,35
2026-04-08T16:54:11.941+05:30,1775647396330.0,839867.0,bonds,17
2026-04-08T16:55:00.218+05:30,1775647396330.0,839867.0,bonds,17
2026-04-08T17:17:38.358+05:30,1775647942512.0,1771641.0,highyieldfd,36
2026-04-08T17:32:00.757+05:30,1775649339530.0,1029765.0,bonds,34
2026-04-08T17:33:20.772+05:30,1775649251769.0,1771686.0,bonds,35
2026-04-08T17:35:06.308+05:30,1775649810346.0,1654678.0,sdi,34
2026-04-08T17:37:43.052+05:30,1775648812119.0,1770868.0,bonds,35
2026-04-08T17:39:06.272+05:30,1775650094599.0,1398089.0,bonds,34
2026-04-08T18:18:33.817+05:30,1775652477716.0,415762.0,bonds,36
2026-04-08T18:25:13.315+05:30,1775652905199.0,1710480.0,bonds,36
2026-04-08T18:27:25.245+05:30,1775652909173.0,1311059.0,bonds,36
2026-04-08T18:29:00.495+05:30,1775652128177.0,1619872.0,bonds,8
2026-04-08T18:41:03.874+05:30,1775651844307.0,1768071.0,bonds,38
2026-04-08T18:45:20.837+05:30,1775654092553.0,942983.0,bonds,44
2026-04-08T18:52:12.338+05:30,1775652079460.0,1681392.0,bonds,37
2026-04-08T18:57:54.504+05:30,1775654380685.0,1764644.0,bonds,39
2026-04-08T18:58:06.837+05:30,1775654853754.0,1771821.0,bonds,31
2026-04-08T18:58:25.481+05:30,1775654380685.0,1764644.0,bonds,39
2026-04-08T19:01:10.461+05:30,1775654942135.0,1230340.0,bonds,37
2026-04-08T19:02:34.492+05:30,1775655081437.0,280154.0,bonds,37
2026-04-08T19:04:54.792+05:30,1775655081437.0,280154.0,bonds,37
2026-04-08T19:14:02.023+05:30,1775654278115.0,1493873.0,bonds,39
2026-04-08T19:17:13.63+05:30,1775656018394.0,1135930.0,bonds,8
2026-04-08T19:17:45.537+05:30,1775654278115.0,1493873.0,bonds,39
2026-04-08T19:18:25.742+05:30,1775656018394.0,1135930.0,bonds,8
2026-04-08T19:25:20.764+05:30,1775656417335.0,572729.0,bonds,36
2026-04-08T19:28:50.341+05:30,1775656417335.0,572729.0,bonds,36
2026-04-08T19:29:00.91+05:30,1775656671504.0,829296.0,bonds,36
2026-04-08T19:29:04.886+05:30,1775656671504.0,829296.0,bonds,36
2026-04-08T19:29:14.763+05:30,1775656417335.0,572729.0,bonds,36
2026-04-08T19:31:57.303+05:30,1775656750384.0,1123222.0,bonds,36
2026-04-08T19:47:27.051+05:30,1775657690294.0,1649054.0,bonds,36
2026-04-08T19:47:39.402+05:30,1775654006956.0,1769160.0,bonds,33
2026-04-08T19:48:26.971+05:30,1775657690294.0,1649054.0,bonds,36
2026-04-08T19:51:22.131+05:30,1775657690294.0,1649054.0,bonds,36
2026-04-08T19:55:20.172+05:30,1775657690294.0,1649054.0,bonds,36
2026-04-08T19:57:12.809+05:30,1775657989871.0,1656214.0,bonds,35
2026-04-08T20:06:58.375+05:30,1775658116379.0,1689472.0,bonds,35
2026-04-08T20:09:14.991+05:30,1775658116379.0,1689472.0,bonds,35
2026-04-08T20:09:58.878+05:30,1775659015590.0,1485076.0,highyieldfd,35
2026-04-08T20:14:50.068+05:30,1775656458520.0,1689273.0,bonds,29
2026-04-08T20:25:20.182+05:30,1775659702618.0,746205.0,bonds,35
2026-04-08T20:25:32.283+05:30,1775659702618.0,746205.0,bonds,35
2026-04-08T20:25:44.043+05:30,1775659702618.0,746205.0,bonds,35
2026-04-08T20:56:57.368+05:30,1775662009765.0,1453625.0,bonds,37
2026-04-08T21:01:58.766+05:30,1775660400188.0,1771984.0,bonds,37
2026-04-08T21:16:20.712+05:30,1775663114893.0,1616599.0,bonds,38
2026-04-08T21:18:50.678+05:30,1775663062395.0,1362732.0,bonds,34
2026-04-08T21:22:33.937+05:30,1775662477491.0,1770900.0,bonds,38
2026-04-08T21:25:00.392+05:30,1775663643633.0,1741843.0,bonds,35
2026-04-08T21:32:43.085+05:30,1775663652778.0,1772072.0,bonds,37
2026-04-08T21:34:07.292+05:30,1775664233752.0,1704939.0,highyieldfd,35
2026-04-08T21:43:40.381+05:30,1775664765471.0,461070.0,sdi,34
2026-04-08T21:47:44.285+05:30,1775664322310.0,1571899.0,bonds,33
2026-04-08T21:50:26.131+05:30,1775662432189.0,1766380.0,bonds,33
2026-04-08T21:51:28.273+05:30,1775663749578.0,1772073.0,bonds,31
2026-04-08T22:00:01.615+05:30,1775665665371.0,1770114.0,bonds,37
2026-04-08T22:00:08.959+05:30,1775665665371.0,1770114.0,bonds,37
2026-04-08T22:01:30.557+05:30,1775665622595.0,1081126.0,bonds,7
2026-04-08T22:01:40.818+05:30,1775665819648.0,1707578.0,bonds,28
2026-04-08T22:03:12.849+05:30,1775665391284.0,1163809.0,bonds,34
2026-04-08T22:05:12.521+05:30,1775666096151.0,854025.0,bonds,34
2026-04-08T22:07:51.028+05:30,1775665163760.0,1772122.0,bonds,36
2026-04-08T22:09:58.402+05:30,1775664765471.0,461070.0,bonds,34
2026-04-08T22:10:05.218+05:30,1775665636895.0,1736527.0,bonds,34
2026-04-08T22:10:22.841+05:30,1775664765471.0,461070.0,bonds,34
2026-04-08T22:32:38.152+05:30,1775667454841.0,698579.0,bonds,33
2026-04-08T22:34:11.662+05:30,1775667275675.0,1770611.0,bonds,35
2026-04-08T22:35:07.469+05:30,1775667275675.0,1770611.0,bonds,35
2026-04-08T22:35:14.9+05:30,1775667661108.0,192106.0,bonds,32
2026-04-08T22:35:20.136+05:30,1775667797151.0,1770108.0,bonds,33
2026-04-08T22:35:36.019+05:30,1775667275675.0,1770611.0,bonds,35
2026-04-08T22:36:27.578+05:30,1775667275675.0,1770611.0,bonds,35
2026-04-08T22:37:33.831+05:30,1775666919886.0,1068439.0,sdi,33
2026-04-08T22:38:01.958+05:30,1775667275675.0,1770611.0,bonds,35
2026-04-08T22:38:15.458+05:30,1775667275675.0,1770611.0,bonds,35
2026-04-08T22:42:01.276+05:30,1775667275675.0,1770611.0,bonds,35
2026-04-08T22:42:14.906+05:30,1775667275675.0,1770611.0,bonds,35
2026-04-08T22:42:26.465+05:30,1775667754343.0,1768349.0,bonds,36
2026-04-08T22:47:48.144+05:30,1775668634677.0,1768888.0,bonds,36
2026-04-08T23:09:28.552+05:30,1775669862881.0,1520691.0,bonds,36
2026-04-08T23:13:27.593+05:30,1775670173616.0,1772295.0,bonds,37
2026-04-08T23:32:06.396+05:30,1775671029685.0,1754620.0,baskets,7
2026-04-08T23:33:28.669+05:30,1775671354986.0,1185908.0,bonds,34
