context_session_id,product_category,asset_id,timestamp,user_id,anonymous_id
1775673794003,Bonds,2434,2026-04-09T00:14:27.2+05:30,335198,54c37059-b3f9-4ee0-aca5-23bedde470b4
1775673794003,SDI Secondary,2256,2026-04-09T00:17:16.348+05:30,335198,54c37059-b3f9-4ee0-aca5-23bedde470b4
1775674860623,Bonds,2499,2026-04-09T00:35:06.91+05:30,1772420,6c6ef377-1920-4956-9c60-fb3ebb109246
1775674860623,Bonds,2499,2026-04-09T00:35:08.109+05:30,1772420,6c6ef377-1920-4956-9c60-fb3ebb109246
1775674860623,Bonds,2390,2026-04-09T00:38:39.21+05:30,1772420,6c6ef377-1920-4956-9c60-fb3ebb109246
1775675292038,Bonds,2390,2026-04-09T00:44:14.495+05:30,1772435,006f0ec1-ead0-4f4f-80d1-8f0308223ee9
1775675679930,Bonds,2472,2026-04-09T00:50:53.99+05:30,1772446,36fe64b3-12be-4001-850c-10ffa41207fb
1775677939331,Bonds,2280,2026-04-09T01:32:02.488+05:30,7562,775ce2a0-45dd-4264-b7f2-57bafafb1d7f
1775683164203,Bonds,2222,2026-04-09T02:50:17.804+05:30,773879,70dc685f-4d84-4fdb-8db7-d6d3a041008e
1775686922003,Bonds,2390,2026-04-09T03:55:34.316+05:30,1772595,0275c929-430d-46b4-a335-3a0ac2657fe2
1775691653674,Bonds,2472,2026-04-09T05:12:02.55+05:30,473639,9d6e04f2-2c06-4057-b3c2-871e2095f425
1775699696670,SDI Secondary,2365,2026-04-09T07:34:38.339+05:30,1413389,17d76ac7-7b52-4966-b4dd-9b70e2e138a0
1775699696670,SDI Secondary,2365,2026-04-09T07:36:53.56+05:30,1413389,17d76ac7-7b52-4966-b4dd-9b70e2e138a0
1775698278201,Bonds,2390,2026-04-09T07:49:16.702+05:30,1772678,e7d67d45-7450-4d57-b7b5-e44783839855
1775698278201,Bonds,2390,2026-04-09T07:49:22.403+05:30,1772678,e7d67d45-7450-4d57-b7b5-e44783839855
1775698278201,Bonds,2390,2026-04-09T07:49:28.919+05:30,1772678,e7d67d45-7450-4d57-b7b5-e44783839855
1775703731137,Bonds,2390,2026-04-09T08:32:58.94+05:30,1500837,25922be6-bc5a-4cc9-92d7-6846bf845bb8
1775703821540,Bonds,2431,2026-04-09T08:38:46.031+05:30,1770518,78fabee7-82a5-4494-a0e0-4bdea93822ad
1775704796887,Bonds,2538,2026-04-09T08:51:08.903+05:30,7562,775ce2a0-45dd-4264-b7f2-57bafafb1d7f
1775705285741,Bonds,2462,2026-04-09T09:00:40.263+05:30,1061389,0d9af21d-d326-41e7-a775-d47efdea639e
1775705265155,Bonds,2456,2026-04-09T09:11:05.919+05:30,1772820,852aa7b5-7244-4cc6-b289-a346cd2affab
1775706416865,Bonds,2409,2026-04-09T09:17:19.263+05:30,1750774,fa30b972-f96f-4788-86b2-0c0419e83619
1775706416865,Bonds,2268,2026-04-09T09:21:05.743+05:30,1750774,fa30b972-f96f-4788-86b2-0c0419e83619
1775706849068,SDI Secondary,2365,2026-04-09T09:25:45.808+05:30,269840,604e7d75-7a8c-4959-8ca2-894c0ca3e695
1775707393394,Bonds,2268,2026-04-09T09:34:40.191+05:30,1192232,55b2fdd6-5cd4-49c5-b4fc-cb7b1308ed38
1775709295796,Bonds,2505,2026-04-09T10:11:04.844+05:30,1144595,0a39870f-98d9-41d5-97c3-082d6290d6a1
1775714277358,Bonds,2506,2026-04-09T11:34:30.005+05:30,1772748,d9fa7530-472a-44e8-822f-28d24a4c7e2f
1775714277358,Bonds,2506,2026-04-09T11:34:34.598+05:30,1772748,d9fa7530-472a-44e8-822f-28d24a4c7e2f
1775714277358,Bonds,2506,2026-04-09T11:34:43.21+05:30,1772748,d9fa7530-472a-44e8-822f-28d24a4c7e2f
1775714277358,Bonds,2506,2026-04-09T11:34:46.915+05:30,1772748,d9fa7530-472a-44e8-822f-28d24a4c7e2f
1775715940530,Bonds,2324,2026-04-09T11:56:27.444+05:30,1750774,fa30b972-f96f-4788-86b2-0c0419e83619
1775717058027,Bonds,2390,2026-04-09T12:22:24.624+05:30,1773312,39f7f451-4024-4dda-b3ad-6c96083eea34
1775717058027,Bonds,2390,2026-04-09T12:22:36.011+05:30,1773312,39f7f451-4024-4dda-b3ad-6c96083eea34
1775718119694,Bonds,2506,2026-04-09T12:32:15.369+05:30,1772748,d9fa7530-472a-44e8-822f-28d24a4c7e2f
1775717058027,Bonds,2506,2026-04-09T12:32:24.333+05:30,1773312,39f7f451-4024-4dda-b3ad-6c96083eea34
1775718119694,Bonds,2456,2026-04-09T12:34:41.179+05:30,1772748,d9fa7530-472a-44e8-822f-28d24a4c7e2f
1775718119694,Bonds,2541,2026-04-09T12:36:22.227+05:30,1772748,d9fa7530-472a-44e8-822f-28d24a4c7e2f
1775718119694,Bonds,2254,2026-04-09T12:37:56.282+05:30,1772748,d9fa7530-472a-44e8-822f-28d24a4c7e2f
1775718119694,Bonds,2368,2026-04-09T12:40:30.356+05:30,1772748,d9fa7530-472a-44e8-822f-28d24a4c7e2f
1775717058027,Bonds,2541,2026-04-09T12:41:10.534+05:30,1773312,39f7f451-4024-4dda-b3ad-6c96083eea34
1775718119694,Bonds,2446,2026-04-09T12:41:55.795+05:30,1772748,d9fa7530-472a-44e8-822f-28d24a4c7e2f
1775718119694,Bonds,2222,2026-04-09T12:43:11.12+05:30,1772748,d9fa7530-472a-44e8-822f-28d24a4c7e2f
1775718119694,Bonds,2393,2026-04-09T12:45:25.043+05:30,1772748,d9fa7530-472a-44e8-822f-28d24a4c7e2f
1775718972008,Bonds,2505,2026-04-09T12:46:39.3+05:30,1691321,6cc8d7d6-1b67-4db6-b25c-1b82c33f19de
1775719129124,Bonds,2325,2026-04-09T12:49:05.774+05:30,1765362,7ab7317b-1071-49bf-b646-92a8f4ebd351
1775719129124,Bonds,2541,2026-04-09T12:49:21.956+05:30,1765362,7ab7317b-1071-49bf-b646-92a8f4ebd351
1775720584939,Basket,2535,2026-04-09T13:19:48.189+05:30,286419,015c569f-5172-42fe-b344-b82c2b8c46f6
1775720584939,Bonds,2222,2026-04-09T13:25:22.2+05:30,286419,015c569f-5172-42fe-b344-b82c2b8c46f6
1775720913307,Bonds,2324,2026-04-09T13:28:57.606+05:30,1773666,1353e41b-b909-4c3e-bfe1-18840b71fbca
1775722007382,Bonds,2271,2026-04-09T13:41:45.934+05:30,1545041,818a49da-a944-447d-87a7-6199a0b422e7
1775722603472,Bonds,2505,2026-04-09T13:47:01.39+05:30,1691321,6cc8d7d6-1b67-4db6-b25c-1b82c33f19de
1775722603472,Bonds,2445,2026-04-09T13:48:26.526+05:30,1691321,6cc8d7d6-1b67-4db6-b25c-1b82c33f19de
1775723899115,Bonds,2473,2026-04-09T14:10:29.864+05:30,1624734,b8ae8d79-1ddd-4d7b-9a87-6a2cb8acbfea
1775725712978,Basket,2535,2026-04-09T14:53:56.617+05:30,480606,9d6d285f-50eb-432b-bef5-4bca9b0782ff
1775726827087,Bonds,2325,2026-04-09T15:01:59.26+05:30,1676107,63bfed0a-901b-4d68-bc84-3c0820e10221
1775726827087,Bonds,2324,2026-04-09T15:07:04.132+05:30,1676107,63bfed0a-901b-4d68-bc84-3c0820e10221
1775727278782,Bonds,2499,2026-04-09T15:09:51.137+05:30,1772812,e80e5569-c8db-45d5-84ff-0a455daca38e
1775727278782,Bonds,2544,2026-04-09T15:12:28.177+05:30,1772812,e80e5569-c8db-45d5-84ff-0a455daca38e
1775727278782,Bonds,2544,2026-04-09T15:15:41.676+05:30,1772812,e80e5569-c8db-45d5-84ff-0a455daca38e
1775727417962,Bonds,2290,2026-04-09T15:27:37.437+05:30,1322007,4824c597-ea3f-4057-9e54-c89898150ff5
1775730011568,Basket,2535,2026-04-09T15:50:36.476+05:30,1256900,c9f00120-ecc4-46c3-b1c8-3c336a9b87e8
1775729330991,Bonds,2290,2026-04-09T15:56:15.482+05:30,878320,ca5cff81-e7a7-4f00-a17d-d25cdf809d0b
1775729431211,Bonds,2422,2026-04-09T16:07:03.748+05:30,1723731,d8ac88e0-e1b4-4252-9e98-bf2a6daee0c4
1775730726565,Bonds,2506,2026-04-09T16:19:40.578+05:30,1774078,7ba03639-7efa-4899-ae1e-dce73080143d
1775731355810,Bonds,2390,2026-04-09T16:27:29.915+05:30,1018821,56efe5bb-9041-4ab2-ad0e-3c22de641f83
1775733866715,Bonds,2506,2026-04-09T16:54:47.264+05:30,1774078,7ba03639-7efa-4899-ae1e-dce73080143d
1775733866715,Bonds,2390,2026-04-09T16:56:47.486+05:30,1774078,7ba03639-7efa-4899-ae1e-dce73080143d
1775734033173,Bonds,2499,2026-04-09T16:59:37.401+05:30,1343277,faca0942-e702-44e4-9279-d0ddebe62a04
1775733866715,Bonds,2390,2026-04-09T17:29:18.802+05:30,1774078,7ba03639-7efa-4899-ae1e-dce73080143d
1775735768731,Bonds,2498,2026-04-09T17:33:00.858+05:30,1018821,56efe5bb-9041-4ab2-ad0e-3c22de641f83
1775739972192,Bonds,2500,2026-04-09T18:48:05.362+05:30,1010158,693c2d65-dddb-4edf-8453-4ac0e02709cd
1775742007168,Bonds,2471,2026-04-09T20:08:16.797+05:30,1770123,03eafb61-e057-4339-b6db-600e23807515
1775745859924,Bonds,2472,2026-04-09T20:17:18.482+05:30,449372,cbaa1437-7685-4a0d-aa0a-ed80a40cca2f
1775748123775,Bonds,2500,2026-04-09T20:53:50.94+05:30,1042497,428061df-4c3e-438d-896b-8d2b076e1a93
1775747715922,Bonds,2459,2026-04-09T20:59:35.671+05:30,1565714,0aa35cdf-3dca-40ae-b641-7bf32f564a7a
1775748926958,SDI Secondary,2256,2026-04-09T21:11:52.105+05:30,844867,6c6ca573-f41e-4266-a968-7f922c5e132a
1775751927378,Bonds,2505,2026-04-09T21:56:11.33+05:30,198671,bed4b86f-8bee-43db-b45a-4e9df03549c0
1775752855384,Bonds,2544,2026-04-09T22:26:38.724+05:30,1433380,9fe36055-3caf-4e1f-9375-7c95f506cb70
1775752855384,Bonds,2471,2026-04-09T22:30:50.375+05:30,1433380,9fe36055-3caf-4e1f-9375-7c95f506cb70
1775754387168,Bonds,2505,2026-04-09T22:48:34.223+05:30,918575,33212e4e-7b95-4b95-b8d9-07493ee95c26
1775755235589,Bonds,2290,2026-04-09T22:51:20.508+05:30,285421,60bd10af-989a-46f3-8c03-1144fde405ae
1775755323022,Bonds,2422,2026-04-09T23:02:57.545+05:30,1645496,1882cfc1-02d5-4e13-93d9-2c9e29d0b99e
1775756443185,Bonds,2471,2026-04-09T23:16:50.193+05:30,1305976,35a92663-0172-40da-8779-d7d0cf731aa5
1775764554556,SDI Secondary,2256,2026-04-10T01:27:03.904+05:30,1650715,bf435235-3c3e-4b6a-a13f-c33a7b764d53
1775784830150,Bonds,2290,2026-04-10T07:06:53.624+05:30,1731965,583ea6fb-116f-4db3-b0db-698cdcb1ee69
1775785415122,Bonds,2544,2026-04-10T07:14:18.532+05:30,449372,cbaa1437-7685-4a0d-aa0a-ed80a40cca2f
1775785415122,Basket,2486,2026-04-10T07:19:19.372+05:30,449372,cbaa1437-7685-4a0d-aa0a-ed80a40cca2f
1775787809792,Bonds,2422,2026-04-10T07:58:17.691+05:30,1112255,954f58b5-3980-45f6-848e-f5fa51c536c4
1775789109996,Bonds,2544,2026-04-10T08:22:53.982+05:30,1209601,073d3471-eab6-4912-8be7-32d6b499fdf6
1775790053658,Bonds,2471,2026-04-10T08:37:17.46+05:30,838588,db94abc6-1bf4-4669-8eaf-b5ce4d4b2862
1775792404927,Bonds,2544,2026-04-10T09:12:04.59+05:30,1209601,073d3471-eab6-4912-8be7-32d6b499fdf6
1775796816402,Bonds,2544,2026-04-10T10:29:42.077+05:30,1761296,f96ede72-4c73-4e15-8732-bd539d699432
1775798573797,Bonds,2528,2026-04-10T10:54:30.201+05:30,834340,ad9ad223-4c9f-4f02-990d-b815134f4dc1
1775799921507,Basket,2535,2026-04-10T11:18:02.371+05:30,1001222,c9a64166-fc4f-4be1-bde1-6d615cb84c8d
1775803147911,Bonds,2462,2026-04-10T12:10:18.549+05:30,467965,9dbacf23-ad08-4567-99d1-fa15897ff0e1
1775803147911,Bonds,2462,2026-04-10T12:10:22.246+05:30,467965,9dbacf23-ad08-4567-99d1-fa15897ff0e1
1775803454981,Bonds,2394,2026-04-10T12:14:49.507+05:30,308117,19aae9d5-87c5-4fe2-880e-e848f0f3cc23
1775802507072,Bonds,2505,2026-04-10T12:16:18.787+05:30,1587473,a1e6a07c-6c80-48ed-9410-f5c9b66ef57a
1775805608797,Bonds,2472,2026-04-10T12:50:52.437+05:30,1713559,796514fb-2a4c-4251-9be4-b8b45a7cdbc2
1775806138606,Bonds,2422,2026-04-10T13:02:28.189+05:30,1693254,4d9da480-6f79-4a44-86d7-6c09ccdad7da
1775806138606,Bonds,2422,2026-04-10T13:02:47.938+05:30,1693254,4d9da480-6f79-4a44-86d7-6c09ccdad7da
1775806333720,Bonds,2445,2026-04-10T13:08:37.329+05:30,22646,c9a105b9-ec61-49d4-9d49-5c4a76ae92b2
1775806812694,Bonds,2462,2026-04-10T13:10:28.053+05:30,467965,9dbacf23-ad08-4567-99d1-fa15897ff0e1
1775806333720,Bonds,2505,2026-04-10T13:15:17.33+05:30,22646,c9a105b9-ec61-49d4-9d49-5c4a76ae92b2
1775807104564,Bonds,2499,2026-04-10T13:16:50.871+05:30,1636286,a950e879-faa0-49e5-99e3-53f8d55e79fc
1775809402960,Bonds,2472,2026-04-10T13:54:17.178+05:30,1565714,0aa35cdf-3dca-40ae-b641-7bf32f564a7a
1775809227120,Bonds,2394,2026-04-10T13:54:48.409+05:30,1268698,45c2f168-fbb0-4ae7-bc4b-5cd9e46ff6de
1775810623742,Bonds,2445,2026-04-10T14:20:39.888+05:30,720817,afc942d6-1460-4997-ac63-317b0eb26ad1
1775811686922,Bonds,2471,2026-04-10T14:33:52.979+05:30,1016174,0960c9e9-7bac-403f-a078-2edb8f9f5664
1775815362423,Bonds,2505,2026-04-10T15:40:54.388+05:30,905983,f95dbd75-c265-45cd-8d3c-fdbbcbbf5f62
1775815774648,Bonds,2528,2026-04-10T15:45:29.838+05:30,827240,fb5a5e94-dd9c-45a4-b580-c55dc1489914
1775819098002,Bonds,2445,2026-04-10T16:39:25.168+05:30,842314,b7238d9b-b2d5-4032-acf3-dbf8950e60b7
1775816374477,Bonds,2368,2026-04-10T16:49:44.82+05:30,777240,b0d56110-26b3-48c9-b538-88d8d20615df
1775820174646,Bonds,2371,2026-04-10T17:00:23.628+05:30,22646,c9a105b9-ec61-49d4-9d49-5c4a76ae92b2
1775821057464,Bonds,2214,2026-04-10T17:09:29.738+05:30,523207,8218cca6-a81d-48e1-b8ae-9c39f44ecfe7
1775821057464,Bonds,2214,2026-04-10T17:10:55.237+05:30,523207,8218cca6-a81d-48e1-b8ae-9c39f44ecfe7
1775821265368,Bonds,2505,2026-04-10T17:16:13.958+05:30,1591880,c22f157e-15b3-427b-b653-c4b696d86219
1775821295317,Bonds,2438,2026-04-10T17:18:50.972+05:30,1710296,6d5d7058-d6c3-4652-b175-d9e777ceb29a
1775822930689,Bonds,2422,2026-04-10T17:39:08.917+05:30,765592,cc675420-45c6-44db-980e-437873a59551
1775822946995,Bonds,2500,2026-04-10T17:42:09.387+05:30,1533791,2f849a50-33e5-4a97-9c02-7ec7bcdd91b8
1775823944776,Bonds,2312,2026-04-10T17:59:54.709+05:30,1584585,76ad4fc5-02df-4a74-9a9d-4be4f89e3080
1775823944776,Bonds,2312,2026-04-10T17:59:56.864+05:30,1584585,76ad4fc5-02df-4a74-9a9d-4be4f89e3080
1775825064148,SDI Secondary,2256,2026-04-10T18:21:51.428+05:30,704434,cec253b9-6c91-4a32-bcad-a8135cc02c4f
1775826246812,Bonds,2394,2026-04-10T18:34:51.932+05:30,338405,ce0a8dbf-8072-4f8f-adfa-c3fa156525cc
1775826246812,Bonds,2505,2026-04-10T18:36:18.163+05:30,338405,ce0a8dbf-8072-4f8f-adfa-c3fa156525cc
1775826246812,Bonds,2318,2026-04-10T18:38:42.764+05:30,338405,ce0a8dbf-8072-4f8f-adfa-c3fa156525cc
1775823728114,Bonds,2505,2026-04-10T18:38:55.656+05:30,941335,c89ad841-3c46-423e-9ddb-b842ae8ac998
1775827009391,Bonds,2471,2026-04-10T18:53:51.409+05:30,1083693,696da77b-884e-4ada-bf28-5615e53e029f
1775829775134,Bonds,2528,2026-04-10T19:33:24.018+05:30,1083693,696da77b-884e-4ada-bf28-5615e53e029f
1775829922587,Bonds,2528,2026-04-10T19:37:11.809+05:30,894212,5aa80623-ba88-4060-8a25-01f9e9a1bba1
1775829839872,Bonds,2445,2026-04-10T19:52:50.486+05:30,590552,bc1c3597-55b8-428e-9692-099893997784
1775831270572,Bonds,1448,2026-04-10T19:58:51.823+05:30,1221939,b7d68173-8fce-4cab-ad07-db41360f1886
1775831700954,Bonds,2445,2026-04-10T20:06:12.916+05:30,1667107,22d010a3-d7bb-4fed-8268-024172f393b5
1775831860353,Bonds,2505,2026-04-10T20:09:05.538+05:30,1334765,e99d8975-f6af-424d-8688-af564881d913
1775831448449,Bonds,2528,2026-04-10T20:12:11.151+05:30,773879,70dc685f-4d84-4fdb-8db7-d6d3a041008e
1775832036765,Bonds,2462,2026-04-10T20:26:49.715+05:30,1404119,48000c5d-8edf-489d-a4bf-dc2e7ff45686
1775836769855,Bonds,2471,2026-04-10T21:32:49.982+05:30,61092,e06b52c0-822e-46ad-b246-9f1cb27a1239
1775834786592,Bonds,2544,2026-04-10T21:35:04.31+05:30,1403077,872558f7-bded-4ef1-9df7-602443b3f350
1775834786592,Bonds,2544,2026-04-10T21:35:35.238+05:30,1403077,872558f7-bded-4ef1-9df7-602443b3f350
1775837309867,Bonds,2214,2026-04-10T21:39:31.578+05:30,1754256,f4647930-46ff-48d5-9bed-d891ea419bf3
1775838482490,Bonds,2297,2026-04-10T22:01:55.162+05:30,1240793,daa9b4ba-175c-4554-a7a6-ff440e026d5e
1775838704241,Basket,2535,2026-04-10T22:02:37.344+05:30,1001222,c9a64166-fc4f-4be1-bde1-6d615cb84c8d
1775838482490,Bonds,2528,2026-04-10T22:06:20.552+05:30,1240793,daa9b4ba-175c-4554-a7a6-ff440e026d5e
1775838482490,Bonds,2528,2026-04-10T22:06:41.268+05:30,1240793,daa9b4ba-175c-4554-a7a6-ff440e026d5e
1775838482490,Bonds,2528,2026-04-10T22:08:02.822+05:30,1240793,daa9b4ba-175c-4554-a7a6-ff440e026d5e
1775838813915,Bonds,1448,2026-04-10T22:09:45.504+05:30,1725331,add1eb44-8160-4265-b29c-381ce0329546
1775838482490,Bonds,2445,2026-04-10T22:11:37.448+05:30,1240793,daa9b4ba-175c-4554-a7a6-ff440e026d5e
1775838482490,Bonds,2445,2026-04-10T22:12:09.922+05:30,1240793,daa9b4ba-175c-4554-a7a6-ff440e026d5e
1775838482490,Bonds,2445,2026-04-10T22:15:58.173+05:30,1240793,daa9b4ba-175c-4554-a7a6-ff440e026d5e
1775839698338,Bonds,2471,2026-04-10T22:20:36.779+05:30,14847,2bd459b0-e9a8-4fa1-84eb-f1519aec4d45
1775838813915,Bonds,1448,2026-04-10T22:22:12.26+05:30,1725331,add1eb44-8160-4265-b29c-381ce0329546
1775838813915,Bonds,1448,2026-04-10T22:33:52.361+05:30,1725331,add1eb44-8160-4265-b29c-381ce0329546
1775842355889,Bonds,2297,2026-04-10T23:10:38.589+05:30,1650715,bf435235-3c3e-4b6a-a13f-c33a7b764d53
1775842625816,Bonds,2371,2026-04-10T23:11:33.158+05:30,675613,352c293c-95ff-4149-b0a3-05b10cd82901
1775842625816,Bonds,2327,2026-04-10T23:16:39.957+05:30,675613,352c293c-95ff-4149-b0a3-05b10cd82901
1775843164791,SDI Secondary,2256,2026-04-10T23:17:31.316+05:30,972133,babc820c-4d02-4c78-92ef-071dc956073a
1775843066337,Bonds,2297,2026-04-10T23:19:24.572+05:30,481326,e2540ffb-aa1f-4a1f-9a1e-4acb61532d3d
1775843164791,SDI Secondary,2365,2026-04-10T23:19:28.185+05:30,972133,babc820c-4d02-4c78-92ef-071dc956073a
1775843579527,Bonds,2371,2026-04-10T23:25:41.729+05:30,941335,c89ad841-3c46-423e-9ddb-b842ae8ac998
1775843261702,Bonds,2290,2026-04-10T23:36:44.849+05:30,1579723,db1bb5b6-cc3c-4fac-ab79-2484e572c792
1775845139842,Bonds,2528,2026-04-10T23:49:34.963+05:30,894212,5aa80623-ba88-4060-8a25-01f9e9a1bba1
1775856721893,Bonds,2394,2026-04-11T03:22:32.282+05:30,773879,70dc685f-4d84-4fdb-8db7-d6d3a041008e
1775870576132,Bonds,2505,2026-04-11T07:04:20.83+05:30,1657103,ce6a2896-e10d-447e-bf2f-c83fe12121d3
1775873929849,Bonds,1448,2026-04-11T07:52:49.246+05:30,179906,a89e2851-2e84-459e-b840-5aa1bf3cab1e
1775874614091,Bonds,2290,2026-04-11T08:01:32.154+05:30,1618968,c0dcef9e-8217-40f8-a5e0-01a7abeb5207
1775874614091,Bonds,2290,2026-04-11T08:03:17.141+05:30,1618968,c0dcef9e-8217-40f8-a5e0-01a7abeb5207
1775875404092,Bonds,2549,2026-04-11T08:26:44.788+05:30,1770108,03eafb61-e057-4339-b6db-600e23807515
1775875838372,SDI Secondary,2256,2026-04-11T08:46:05.598+05:30,1404119,48000c5d-8edf-489d-a4bf-dc2e7ff45686
1775877165364,Bonds,2471,2026-04-11T08:46:30.93+05:30,1616976,43ddfb2a-d253-4a4a-95f2-3b9a2939c4ef
1775878061851,Bonds,2423,2026-04-11T09:00:59.871+05:30,861155,19d33d38-41fc-47a1-a7b1-defae3decc21
1775879926341,Bonds,2371,2026-04-11T09:30:42.363+05:30,1721499,f1b1090c-6590-401a-a902-840a039bfc06
1775881159539,Bonds,2500,2026-04-11T09:50:20.116+05:30,804574,dc5bfa8a-d238-4cc0-9006-0c4b8e948c4e
1775878808762,Bonds,2497,2026-04-11T09:57:36.486+05:30,921479,1c793b66-6b78-4d85-8796-e5f2c23733da
1775881665244,Bonds,2549,2026-04-11T10:03:14.279+05:30,1135678,3e8fedcb-cb04-40e5-8a5b-c00d6c4fb7e5
1775881698816,Bonds,2297,2026-04-11T10:05:49.741+05:30,1761296,f96ede72-4c73-4e15-8732-bd539d699432
1775882715377,Bonds,2394,2026-04-11T10:16:28.422+05:30,22646,c9a105b9-ec61-49d4-9d49-5c4a76ae92b2
1775882715377,Bonds,2505,2026-04-11T10:43:17.764+05:30,22646,c9a105b9-ec61-49d4-9d49-5c4a76ae92b2
1775883858072,Bonds,2542,2026-04-11T10:43:24.642+05:30,806459,f196615b-fc96-44c0-bd08-d49ba895af8f
1775882715377,Bonds,2445,2026-04-11T10:45:39.799+05:30,22646,c9a105b9-ec61-49d4-9d49-5c4a76ae92b2
1775884564788,Bonds,2297,2026-04-11T10:47:53.762+05:30,740217,4c55533d-290c-4f95-88b6-0a4ca20d05e7
1775884816766,Bonds,2548,2026-04-11T10:51:41.623+05:30,156801,460d2a79-294f-4939-9042-a61a1a889c34
1775883858072,Bonds,2271,2026-04-11T10:53:30.784+05:30,806459,f196615b-fc96-44c0-bd08-d49ba895af8f
1775885964477,Bonds,1448,2026-04-11T11:32:09.068+05:30,352,2572432e-11e7-4958-bb61-34ca48012556
1775887948667,Bonds,2544,2026-04-11T11:43:06.735+05:30,1750774,fa30b972-f96f-4788-86b2-0c0419e83619
1775887948667,Bonds,2544,2026-04-11T11:43:34.965+05:30,1750774,fa30b972-f96f-4788-86b2-0c0419e83619
1775888289312,Bonds,2472,2026-04-11T11:48:36.541+05:30,1110881,9b34e36f-2700-455f-be3f-f1d2c6673c58
1775891321630,Bonds,2297,2026-04-11T12:59:51.941+05:30,1197646,a344e6c0-dfb2-4731-bb95-091264dd8549
1775891321630,Bonds,1990,2026-04-11T13:01:16.586+05:30,1197646,a344e6c0-dfb2-4731-bb95-091264dd8549
1775891321630,Bonds,2472,2026-04-11T13:02:44.666+05:30,1197646,a344e6c0-dfb2-4731-bb95-091264dd8549
1775893228279,Bonds,2528,2026-04-11T13:10:44.228+05:30,1255118,a851d3ed-e6ee-4509-adfc-b937331e6f6d
1775893916544,Bonds,2297,2026-04-11T13:28:12.702+05:30,867031,910271a7-c8ba-4f8d-92c0-71a24f4eb737
1775894404675,Bonds,2505,2026-04-11T13:42:30.694+05:30,1246686,03e901fc-cfa5-4f5c-b9bd-8cb154725ed7
1775895024145,Bonds,2327,2026-04-11T13:45:59.405+05:30,1713559,796514fb-2a4c-4251-9be4-b8b45a7cdbc2
1775900257540,Basket,2535,2026-04-11T15:15:13.351+05:30,150489,08a14ed8-a30a-4a4a-8b97-cad034ba71e1
1775900958543,Bonds,2500,2026-04-11T15:22:20.145+05:30,1010158,693c2d65-dddb-4edf-8453-4ac0e02709cd
1775900958543,Bonds,2500,2026-04-11T15:22:25.733+05:30,1010158,693c2d65-dddb-4edf-8453-4ac0e02709cd
1775900958543,Bonds,2500,2026-04-11T15:22:32.379+05:30,1010158,693c2d65-dddb-4edf-8453-4ac0e02709cd
1775900958543,Bonds,2500,2026-04-11T15:22:40.486+05:30,1010158,693c2d65-dddb-4edf-8453-4ac0e02709cd
1775903465963,Bonds,2528,2026-04-11T16:02:04.637+05:30,664412,4e8b1250-7e59-41f8-bbea-9085e4d6e366
1775903432293,Bonds,2472,2026-04-11T16:08:55.497+05:30,1725198,cfa64ff5-7d51-4af4-a99f-0760a8264ff3
1775903432293,Bonds,2239,2026-04-11T16:09:53.412+05:30,1725198,cfa64ff5-7d51-4af4-a99f-0760a8264ff3
1775903432293,Bonds,2297,2026-04-11T16:28:13.972+05:30,1725198,cfa64ff5-7d51-4af4-a99f-0760a8264ff3
1775907079039,Bonds,2549,2026-04-11T17:09:23.39+05:30,1577721,29019323-24ff-432a-9795-46bb8a5aa3bf
1775907752545,Basket,2535,2026-04-11T17:15:48.492+05:30,497979,22fc9e53-97a0-4bc9-90d8-a27bc526c462
1775907948343,Bonds,2528,2026-04-11T17:17:09.613+05:30,1493866,6aa5e37a-c383-465d-871a-17d29f22a750
1775907752545,Bonds,2431,2026-04-11T17:20:34.976+05:30,497979,22fc9e53-97a0-4bc9-90d8-a27bc526c462
1775910077049,Bonds,2548,2026-04-11T17:51:33.466+05:30,1750774,fa30b972-f96f-4788-86b2-0c0419e83619
1775911528339,Bonds,2528,2026-04-11T18:19:57.945+05:30,1594820,83ac0968-d36c-4c8d-8133-a7dce0fcfbca
1775911958408,Bonds,2505,2026-04-11T18:25:53.247+05:30,983245,41618586-deb0-4e62-bb08-ad7d3d514676
1775914656444,Bonds,2548,2026-04-11T19:08:51.443+05:30,1679545,25322ca6-f2f5-4bad-adb7-21db432eaaa6
1775915134974,Bonds,2549,2026-04-11T19:16:42.616+05:30,1770108,03eafb61-e057-4339-b6db-600e23807515
1775915549213,Bonds,2290,2026-04-11T19:23:34.133+05:30,144889,ba118e52-fe47-4a65-a3e2-09b3bdd8c9e3
1775916078757,Bonds,1448,2026-04-11T19:35:31.722+05:30,1690028,6d7e2d81-d333-449e-b204-afd33876aa3a
1775916708764,Bonds,2394,2026-04-11T19:42:11.706+05:30,941335,c89ad841-3c46-423e-9ddb-b842ae8ac998
1775916507056,Bonds,2222,2026-04-11T19:47:06.393+05:30,410492,799f7df3-0e95-4f89-90f4-615419c108dd
1775918838845,Bonds,2528,2026-04-11T20:22:23.616+05:30,1255118,a851d3ed-e6ee-4509-adfc-b937331e6f6d
1775923848565,Bonds,2500,2026-04-11T21:41:32.77+05:30,1010158,693c2d65-dddb-4edf-8453-4ac0e02709cd
1775924736684,Bonds,2548,2026-04-11T21:57:29.706+05:30,745225,2cd8b63e-e474-4e65-93de-a2aac4ece849
1775926527884,Bonds,2013,2026-04-11T22:32:23.029+05:30,549746,20314686-d1b2-48e9-8fd9-40c636756598
1775927898925,Bonds,2548,2026-04-11T23:08:38.141+05:30,1769977,cc761b07-7a72-4aba-9a03-2ba3d224b16a
1775929919629,Bonds,2500,2026-04-11T23:29:46.262+05:30,1180511,0481f15c-35a3-4e64-b789-5f2c28ebe781
1775931382193,Bonds,2290,2026-04-11T23:48:58.116+05:30,894212,5aa80623-ba88-4060-8a25-01f9e9a1bba1
1775932243225,Bonds,2239,2026-04-12T00:02:52.333+05:30,824294,0c98561f-75af-4a30-b666-c198e65f1a43
1775934083340,Bonds,2528,2026-04-12T00:32:24.473+05:30,1208863,3cdc032e-ee9b-420d-9d87-f6dde34d9d83
1775937268739,Bonds,2497,2026-04-12T01:24:57.969+05:30,51225,2c776890-67c2-4fd8-950e-e83d06b6eb4c
1775937253026,Bonds,2297,2026-04-12T01:33:16.313+05:30,805855,319b68e8-9e67-4272-9d9b-02f9d6f7a86e
1775937253026,Bonds,2297,2026-04-12T01:42:15.46+05:30,805855,319b68e8-9e67-4272-9d9b-02f9d6f7a86e
1775940232485,Bonds,2500,2026-04-12T02:15:35.633+05:30,1042497,428061df-4c3e-438d-896b-8d2b076e1a93
1775942705736,Bonds,1990,2026-04-12T02:56:09.219+05:30,473639,9d6e04f2-2c06-4057-b3c2-871e2095f425
1775954435709,Bonds,2505,2026-04-12T06:14:43.48+05:30,1236829,9daa5d41-87d6-483a-beae-ee43a1342b47
1775958773723,Bonds,2297,2026-04-12T07:28:27.352+05:30,865378,a9d3037b-d6e4-41d8-ba74-54584f102dc9
1775959799884,Bonds,2297,2026-04-12T07:41:25.579+05:30,1600195,6511c97d-8aee-4d83-a92b-a335bd1b93a3
1775962084038,Bonds,2290,2026-04-12T08:19:15.114+05:30,931462,9476db08-bfc5-4bde-8a25-845e4a9d1f33
1775962308351,Bonds,2290,2026-04-12T08:23:49.106+05:30,931462,da5ca930-9148-41c7-8bcb-5bfba990e082
1775964835036,Bonds,2297,2026-04-12T09:11:33.644+05:30,1433380,9fe36055-3caf-4e1f-9375-7c95f506cb70
1775968958817,Bonds,2528,2026-04-12T10:13:26.403+05:30,1466560,c0d42ea1-f6ec-46b8-aea0-5e4f076da90b
1775970430554,Bonds,2500,2026-04-12T10:37:32.252+05:30,1042497,428061df-4c3e-438d-896b-8d2b076e1a93
1775970391804,Bonds,1448,2026-04-12T10:39:01.365+05:30,769544,00d2fd2d-a444-48e3-a3ed-c39f060dbd14
1775972040578,Bonds,2549,2026-04-12T11:13:36.369+05:30,1600195,380af550-a9ca-48a6-92ad-f613019fa625
1775973135112,Bonds,2528,2026-04-12T11:40:42.472+05:30,1144120,7e588a55-441f-4920-88a1-476bf707126c
1775973989770,Bonds,2472,2026-04-12T11:49:09.981+05:30,536960,3d5c6c7f-c359-4a8c-92b7-461af62613db
1775976246744,Bonds,2445,2026-04-12T12:15:49.266+05:30,771820,da4d8b29-9028-483c-b9f9-1b0d2bf80c54
1775976246744,Bonds,2290,2026-04-12T12:16:41.872+05:30,771820,da4d8b29-9028-483c-b9f9-1b0d2bf80c54
1775976097690,Bonds,2445,2026-04-12T12:20:38.441+05:30,1377263,4837140f-1f36-4b75-9a91-f17e5f6a4caa
1775978226701,Bonds,2500,2026-04-12T12:55:18.032+05:30,776644,b1fcda59-cdc1-40ff-8986-94c1af3c0aa2
1775979573147,Bonds,2462,2026-04-12T13:13:21.383+05:30,718903,bab72e6c-e7a0-4dc4-89c3-3e215fda0122
1775979705393,Bonds,2471,2026-04-12T13:13:51.485+05:30,845463,373f98c7-b651-4073-a357-24fae291a2cb
1775979705393,Bonds,2471,2026-04-12T13:14:29.113+05:30,845463,373f98c7-b651-4073-a357-24fae291a2cb
1775979815598,Bonds,2528,2026-04-12T13:28:32.615+05:30,646599,047c7f94-be29-43ed-9666-477ccc05bd5f
1775980377485,Bonds,2471,2026-04-12T13:30:18.824+05:30,806227,845e8acc-5aa5-4b0d-9fa1-b8143836ee5c
1775979358203,Bonds,2548,2026-04-12T13:33:50.167+05:30,1615197,3ee2ad29-1bd8-4d6f-bf94-d1fc5dc303e7
1775981852099,Bonds,2445,2026-04-12T13:50:03.506+05:30,514546,ab71a0e2-4998-4059-9d50-f3a34bbd91a4
1775982095145,Bonds,2548,2026-04-12T13:52:59.779+05:30,449372,cbaa1437-7685-4a0d-aa0a-ed80a40cca2f
1775983925167,Bonds,2327,2026-04-12T14:27:58.377+05:30,1189647,e8cfab99-4af8-428e-b942-eb366ea6e067
1775985633863,Bonds,2471,2026-04-12T14:51:20.199+05:30,629504,bc83b1dc-030c-480a-8c8a-b558037408b8
1775980738696,Bonds,2422,2026-04-12T15:23:48.467+05:30,1770547,3b6230e7-2e21-47d9-bfb8-e4538f2b3e7a
1775987690815,Bonds,2445,2026-04-12T15:25:37.588+05:30,1759313,1fac56c3-1644-4807-b50a-c11bc079696d
1775990368189,Bonds,2528,2026-04-12T16:10:51.644+05:30,1240240,39c4f191-8a2c-4887-b27d-62144f5c861a
1775991156853,Bonds,2499,2026-04-12T16:26:21.615+05:30,1692065,469b3fe7-68d2-46b6-9a0a-575a12b30149
1775993529617,Bonds,2505,2026-04-12T17:03:57.548+05:30,1767109,894bc10c-e46c-4ff5-b418-83688a0147c5
1775993498494,Bonds,2497,2026-04-12T17:07:40.243+05:30,989364,ef5945e5-cd65-45a2-877a-0267c9fc94b3
1775996756578,Bonds,2438,2026-04-12T17:59:43.809+05:30,145823,e56fa67b-f76c-4e11-b47f-68985df0dc03
1775998769657,Bonds,2290,2026-04-12T18:34:09.717+05:30,1691721,9a51b831-343f-4597-9dd5-8a81e8e80b87
1775999911263,Bonds,2290,2026-04-12T18:51:06.905+05:30,140800,7265ab67-566a-473a-825b-2758cfc78032
1775999911263,Bonds,2472,2026-04-12T18:52:34.057+05:30,140800,7265ab67-566a-473a-825b-2758cfc78032
1775999911263,Bonds,2445,2026-04-12T18:55:22.631+05:30,140800,7265ab67-566a-473a-825b-2758cfc78032
1776003552767,Bonds,2472,2026-04-12T19:55:45.446+05:30,742872,347a3d8e-4586-464e-86b2-4c2851386452
1776005191860,Bonds,2290,2026-04-12T20:17:41.58+05:30,1427408,5c3be496-d077-4e1e-a5b9-da15670dd82b
1776008480472,Bonds,2499,2026-04-12T21:24:43.194+05:30,1690028,6d7e2d81-d333-449e-b204-afd33876aa3a
1776009232072,Bonds,2497,2026-04-12T21:33:06.328+05:30,597677,4b605c83-73f3-4fcd-a573-77070a622a6f
1776004179212,Bonds,2549,2026-04-12T21:35:15.277+05:30,856597,eb0f739c-d2fe-4dbe-a8ba-e29291aaa090
1776009626663,Bonds,2423,2026-04-12T21:36:29.835+05:30,772713,65ee8581-20e2-4f46-98a9-787a454c6752
1776011818575,Bonds,2462,2026-04-12T22:21:55.638+05:30,989820,134f4e04-3388-4808-a2d1-921abcc0fa25
1776012726523,SDI Secondary,2256,2026-04-12T22:26:24.899+05:30,1591971,d71513b0-2799-4aed-99e8-86f5110aa082
1776014178950,Bonds,2549,2026-04-12T22:46:43.348+05:30,856597,eb0f739c-d2fe-4dbe-a8ba-e29291aaa090
1776014077757,Bonds,2505,2026-04-12T22:48:02.758+05:30,860308,6b19507b-daa6-4f97-956a-0498b1728d1f
1776017716035,Bonds,2497,2026-04-12T23:47:01.772+05:30,250735,bb458270-0003-49c9-80ac-f6cfe4995596
1776017716035,Bonds,2497,2026-04-12T23:48:03.974+05:30,250735,bb458270-0003-49c9-80ac-f6cfe4995596
1776017952487,Bonds,2528,2026-04-12T23:49:27.225+05:30,260093,4e4a5ac0-efb7-4b60-ac09-4d4db7e82ac6
1776018413830,Bonds,2290,2026-04-13T00:01:57.5+05:30,891034,5bb4892c-6cff-40be-b75e-c0bd82ebd6e2
1776018593213,Bonds,2505,2026-04-13T00:05:17.272+05:30,260093,35c1de26-148b-4db8-90b7-1f363cffa7b9
1776020672469,Bonds,2214,2026-04-13T00:36:56.767+05:30,335198,54c37059-b3f9-4ee0-aca5-23bedde470b4
1776020672469,Bonds,2214,2026-04-13T00:37:22.158+05:30,335198,54c37059-b3f9-4ee0-aca5-23bedde470b4
1776020672469,Bonds,2434,2026-04-13T00:39:42.786+05:30,335198,54c37059-b3f9-4ee0-aca5-23bedde470b4
1776024243511,Bonds,2214,2026-04-13T01:35:06.425+05:30,198671,bed4b86f-8bee-43db-b45a-4e9df03549c0
1776042735014,Bonds,2497,2026-04-13T06:43:15.845+05:30,772713,65ee8581-20e2-4f46-98a9-787a454c6752
1776045440439,Basket,2535,2026-04-13T07:29:04.281+05:30,61212,62c38c1c-039f-4be0-9df7-893484ff40b2
1776046340787,Bonds,2222,2026-04-13T07:43:38.328+05:30,1497314,151202ee-a31f-4788-bcdd-db6ce89e6ba0
1776046370676,Bonds,2499,2026-04-13T07:43:53.513+05:30,81852,e19b0d3e-6256-4e8c-b0c9-4a82d9938d1a
1776049998026,Bonds,2497,2026-04-13T08:47:21.08+05:30,979407,d934e6a5-dce7-4e7b-9833-7dfa504993e2
1776048407047,SDI Secondary,2256,2026-04-13T08:54:25.654+05:30,140376,b637c627-5fa5-41ac-9af7-f54be668ac37
1776049634364,SDI Secondary,2365,2026-04-13T09:01:08.944+05:30,1059651,6b96682e-84c3-4b69-9e84-6252e3f7e8a1
1776050940743,Bonds,2434,2026-04-13T09:08:42.044+05:30,1770108,03eafb61-e057-4339-b6db-600e23807515
1776050940743,Bonds,2434,2026-04-13T09:09:59.766+05:30,1770108,03eafb61-e057-4339-b6db-600e23807515
1776052645199,Bonds,2445,2026-04-13T09:30:11.323+05:30,1309965,468ebf10-b568-4489-a19c-14fecfe28a41
1776052645199,Bonds,2505,2026-04-13T09:32:53.708+05:30,1309965,468ebf10-b568-4489-a19c-14fecfe28a41
1776053636748,Bonds,2214,2026-04-13T09:48:00.285+05:30,1006154,785ff240-5fb1-4142-a43e-09f05214b703
1776054436970,Bonds,2434,2026-04-13T09:59:53.699+05:30,1475938,d46b7efb-a5e4-4830-bf7e-f6ad4d6be90b
1776054986948,Bonds,2393,2026-04-13T10:07:26.146+05:30,346732,672fe629-78b8-459b-97ae-56aadd8e2060
1776055540849,Bonds,2528,2026-04-13T10:17:18.962+05:30,1324141,160e2433-ed03-451d-8f8d-478fd44836cd
1776055540849,Bonds,2528,2026-04-13T10:17:22.462+05:30,1324141,160e2433-ed03-451d-8f8d-478fd44836cd
1776055941280,Bonds,2549,2026-04-13T10:23:53.923+05:30,451296,707988ab-55a7-4a63-9355-0b28a1a017f0
1776055941280,Bonds,2549,2026-04-13T10:24:15.039+05:30,451296,707988ab-55a7-4a63-9355-0b28a1a017f0
1776056574964,Bonds,2497,2026-04-13T10:34:27.147+05:30,30570,4391c31f-373c-4b4c-be6e-7fc5481ad9d6
1776056896838,Bonds,2472,2026-04-13T10:41:29.917+05:30,1711047,b561953b-840c-4dcf-80d6-131115966232
1776056896838,Bonds,2472,2026-04-13T10:43:52.602+05:30,1711047,b561953b-840c-4dcf-80d6-131115966232
1776057213637,Bonds,2528,2026-04-13T10:46:06.563+05:30,1279548,32fdc532-8d87-460e-999b-3f5ddd47bbd0
1776056896838,Bonds,2472,2026-04-13T10:47:26.397+05:30,1711047,b561953b-840c-4dcf-80d6-131115966232
1776057388639,Bonds,2471,2026-04-13T10:56:11.418+05:30,709417,8539299d-b8e7-4f4e-be3d-51131781a9d5
1776057742595,Bonds,2472,2026-04-13T10:56:55.167+05:30,1006154,785ff240-5fb1-4142-a43e-09f05214b703
1776057213637,Bonds,2499,2026-04-13T11:01:24.319+05:30,1279548,32fdc532-8d87-460e-999b-3f5ddd47bbd0
1776057661993,Bonds,2327,2026-04-13T11:12:14.256+05:30,1276186,aee5b34e-4073-490a-96cd-b567a2699e7b
1776059682571,Bonds,2462,2026-04-13T11:25:41.455+05:30,1571876,0d7f3220-73ae-47b7-9a75-46ec801fd31e
1776059682571,Bonds,2462,2026-04-13T11:27:44.574+05:30,1571876,0d7f3220-73ae-47b7-9a75-46ec801fd31e
1776063423374,Bonds,2497,2026-04-13T12:27:42.216+05:30,1252187,9e957b1b-bbbe-4a6a-bf3c-4abd9ddaab77
1776063594595,Bonds,2499,2026-04-13T12:31:29.641+05:30,1515653,faca0942-e702-44e4-9279-d0ddebe62a04
1776068262234,Bonds,2499,2026-04-13T14:16:23.641+05:30,1515640,75213543-80f9-4e6b-8c1e-3de2a52dbd11
1776070737702,Bonds,2445,2026-04-13T14:31:51.294+05:30,733943,fa34666f-c07e-431d-a4bd-885bc7066115
1776071220839,Basket,2535,2026-04-13T14:37:57.018+05:30,747991,77fc396b-57a4-4d13-926c-dc769ddd7e4f
1776071282827,Bonds,2505,2026-04-13T14:38:38.311+05:30,193281,2c0f3560-0b80-488d-afce-eed748329324
1776072149882,Bonds,2505,2026-04-13T14:54:18.287+05:30,533095,5b44be64-2780-43ca-adb2-96929e9bbc2a
1776071240695,Bonds,2528,2026-04-13T15:07:23.319+05:30,878717,966f4143-fb60-4058-abe4-dcc1b8c55931
1776071240695,Bonds,2528,2026-04-13T15:07:24.779+05:30,878717,966f4143-fb60-4058-abe4-dcc1b8c55931
1776073070165,Bonds,2327,2026-04-13T15:08:11.334+05:30,196993,31f1ff7d-c5b0-43e7-a179-65a7710fdfa4
1776073585018,Basket,2535,2026-04-13T15:17:29.323+05:30,1359176,7ade4c05-58ed-4398-a2c7-f3ce8c6947c4
1776074055635,Bonds,2434,2026-04-13T15:41:15.62+05:30,1180517,f9eee9cd-5897-4078-b3d2-73d246f94502
1776074055635,Bonds,2438,2026-04-13T15:44:01.655+05:30,1180517,f9eee9cd-5897-4078-b3d2-73d246f94502
1776075982022,Bonds,2528,2026-04-13T15:58:47.64+05:30,1736830,5e92077f-0dfb-4569-b614-a0547f495f7a
1776077964526,Bonds,2214,2026-04-13T16:30:59.839+05:30,1358102,5747f320-61b4-4799-a2d9-567b101226a9
1776079847838,Bonds,2554,2026-04-13T17:02:20.258+05:30,1515979,d73444bf-6a56-405a-aadb-8ad0576ff04a
1776079847838,Bonds,2554,2026-04-13T17:02:21.243+05:30,1515979,d73444bf-6a56-405a-aadb-8ad0576ff04a
1776079847838,Bonds,2555,2026-04-13T17:02:36.579+05:30,1515979,d73444bf-6a56-405a-aadb-8ad0576ff04a
1776079847838,Bonds,2554,2026-04-13T17:04:12.778+05:30,1515979,d73444bf-6a56-405a-aadb-8ad0576ff04a
1776079847838,Bonds,2556,2026-04-13T17:05:29.378+05:30,1515979,d73444bf-6a56-405a-aadb-8ad0576ff04a
1776079847838,Bonds,2312,2026-04-13T17:07:10.673+05:30,1515979,d73444bf-6a56-405a-aadb-8ad0576ff04a
1776080443572,SDI Secondary,2365,2026-04-13T17:13:44.473+05:30,1189647,e8cfab99-4af8-428e-b942-eb366ea6e067
1776081674746,Bonds,2500,2026-04-13T17:34:18.755+05:30,1328541,e5feda48-0f00-4f1b-9794-d4d6ccbd4eec
1776081674746,Bonds,2528,2026-04-13T17:43:34.069+05:30,1328541,e5feda48-0f00-4f1b-9794-d4d6ccbd4eec
1776081674746,Bonds,2553,2026-04-13T17:47:57.301+05:30,1328541,e5feda48-0f00-4f1b-9794-d4d6ccbd4eec
1776084804605,Bonds,2552,2026-04-13T18:24:17.537+05:30,772713,65ee8581-20e2-4f46-98a9-787a454c6752
1776084937681,Bonds,2434,2026-04-13T18:25:56.277+05:30,1135678,3e8fedcb-cb04-40e5-8a5b-c00d6c4fb7e5
1776084934233,Bonds,2214,2026-04-13T18:28:34.503+05:30,1670749,77357bae-430d-473e-8c80-5059102752b7
1776085145556,SDI Secondary,2256,2026-04-13T18:41:21.726+05:30,1081342,3d8be797-65b9-4f78-95cc-54b61e5fb627
1776085145556,SDI Secondary,2256,2026-04-13T18:41:46.457+05:30,1081342,3d8be797-65b9-4f78-95cc-54b61e5fb627
1776086860894,Bonds,2505,2026-04-13T18:59:10.256+05:30,876512,24d04aaf-d71f-4f81-b3d8-61d09224c49e
1776087564254,Bonds,2290,2026-04-13T19:15:48.723+05:30,734119,c97813fd-5600-4a43-8114-d55e12ec5210
1776087795802,Bonds,2497,2026-04-13T19:44:11.725+05:30,1766473,aa5f849d-4b56-4561-ac1e-be4ceb16a006
1776089682070,Basket,2535,2026-04-13T19:47:46.935+05:30,958907,eff55b09-2e46-4f18-98bd-3e707b393b9b
1776090856841,Bonds,2497,2026-04-13T20:05:40.541+05:30,1274248,35a76ace-855d-4617-a754-a32a7bc83671
1776092166103,Bonds,2553,2026-04-13T20:26:17.827+05:30,842964,2f388d47-6f3b-44f5-a537-0dea91796551
1776093366960,Bonds,2497,2026-04-13T20:48:11.191+05:30,986782,0d604e5b-53f3-4a98-87a3-5c805feec800
1776092700454,SDI Secondary,2365,2026-04-13T20:49:58.669+05:30,1278383,8ca3453c-3ec0-40b8-824c-72651f35c4b4
1776093430397,Bonds,2552,2026-04-13T20:51:06.811+05:30,1770108,03eafb61-e057-4339-b6db-600e23807515
1776094074482,Bonds,2553,2026-04-13T21:10:59.554+05:30,1484936,c8db81ce-d1da-42e8-b90b-8ae6fee76392
1776095525411,Bonds,2554,2026-04-13T21:22:21.105+05:30,1750774,fa30b972-f96f-4788-86b2-0c0419e83619
1776096071476,Bonds,2472,2026-04-13T21:32:51.626+05:30,473639,9d6e04f2-2c06-4057-b3c2-871e2095f425
1776096510194,Bonds,2497,2026-04-13T21:40:06.451+05:30,1665883,bc5024a9-4d2d-46c9-9f34-4ee792d4e5e5
1776097161576,Bonds,2528,2026-04-13T21:52:04.214+05:30,1366716,d2ba102f-bd25-4f8a-a96f-a3ec94386703
1776098441141,Bonds,2528,2026-04-13T22:12:52.158+05:30,1310872,a99f2838-2f0a-4506-a7f4-722cf42ccb60
1776099501000,Bonds,2505,2026-04-13T22:35:27.874+05:30,1774576,c3893b35-52ee-4260-a4a9-6eba7fcf127a
1776100747006,Basket,2535,2026-04-13T22:49:38.48+05:30,1517835,248a85bd-9f26-4e99-b1db-b1db2296669a
1776100747006,Basket,2535,2026-04-13T22:51:01.18+05:30,1517835,248a85bd-9f26-4e99-b1db-b1db2296669a
1776101102544,Bonds,2445,2026-04-13T22:55:50.208+05:30,1737898,5eda86ad-c904-4276-aad0-36ff142f4320
1776101611112,Bonds,2471,2026-04-13T23:08:51.835+05:30,1384382,107eb4d0-db55-4ce3-b860-879fb3ab6a7d
1776101611112,Bonds,2497,2026-04-13T23:10:02.569+05:30,1384382,107eb4d0-db55-4ce3-b860-879fb3ab6a7d
1776104747577,Bonds,2528,2026-04-13T23:55:57.429+05:30,260093,4e4a5ac0-efb7-4b60-ac09-4d4db7e82ac6
1776106251414,Bonds,2528,2026-04-14T00:22:29.137+05:30,1346239,fcac5963-f860-44e0-a3bd-3746ea8809b2
1776106251414,Bonds,2528,2026-04-14T00:26:02.302+05:30,1346239,fcac5963-f860-44e0-a3bd-3746ea8809b2
1776108228423,SDI Secondary,2365,2026-04-14T00:58:11.105+05:30,1059651,6b96682e-84c3-4b69-9e84-6252e3f7e8a1
1776108228423,Bonds,2505,2026-04-14T01:02:18.159+05:30,1059651,6b96682e-84c3-4b69-9e84-6252e3f7e8a1
1776109049830,Bonds,2553,2026-04-14T01:09:58.899+05:30,910019,9db1c29f-30dd-47a7-8195-2f51903f0588
1776120328976,Bonds,2528,2026-04-14T04:18:21.145+05:30,1731965,583ea6fb-116f-4db3-b0db-698cdcb1ee69
1776120328976,Bonds,2438,2026-04-14T04:26:18.752+05:30,1731965,583ea6fb-116f-4db3-b0db-698cdcb1ee69
1776121018507,Bonds,2552,2026-04-14T04:45:43.778+05:30,1635822,adb6c7ed-0595-4d7f-a66b-9329525721f1
1776129294804,Bonds,2552,2026-04-14T07:03:07.733+05:30,738431,3eb2fef9-d926-4250-bd10-1c5f8d553146
1776129294804,Bonds,2552,2026-04-14T07:03:46.774+05:30,738431,3eb2fef9-d926-4250-bd10-1c5f8d553146
1776130758720,Bonds,2214,2026-04-14T07:19:15.395+05:30,1006154,785ff240-5fb1-4142-a43e-09f05214b703
1776132495625,Bonds,2368,2026-04-14T07:39:04.528+05:30,168184,bdf0ee53-fc01-4aba-b8e3-02cd25dfe8a8
1776133039565,Bonds,2497,2026-04-14T07:48:57.633+05:30,1018346,3f37bae1-b075-4fad-9599-49a55d350434
1776137897445,Bonds,2505,2026-04-14T09:11:17.283+05:30,726977,cee370d0-32c6-41bb-9205-fbfb0c173f1a
1776138374949,Bonds,2434,2026-04-14T09:17:08.995+05:30,1135678,3e8fedcb-cb04-40e5-8a5b-c00d6c4fb7e5
1776139152844,Bonds,2555,2026-04-14T09:29:23.869+05:30,1515979,d73444bf-6a56-405a-aadb-8ad0576ff04a
1776139152844,Bonds,2554,2026-04-14T09:56:23.138+05:30,1515979,d73444bf-6a56-405a-aadb-8ad0576ff04a
1776140436665,Bonds,2471,2026-04-14T10:00:08.469+05:30,1404628,975d8e6d-1d4d-459a-a942-23d1e6e0364d
1776141033513,Bonds,2445,2026-04-14T10:01:45.304+05:30,1013880,4ce11be8-fad9-4167-a717-a01eb726173a
1776139152844,Bonds,2556,2026-04-14T10:03:26.017+05:30,1515979,d73444bf-6a56-405a-aadb-8ad0576ff04a
1776140340032,Bonds,2497,2026-04-14T10:21:49.275+05:30,772713,65ee8581-20e2-4f46-98a9-787a454c6752
1776140340032,Bonds,2497,2026-04-14T10:25:14.708+05:30,772713,65ee8581-20e2-4f46-98a9-787a454c6752
1776140340032,Bonds,2497,2026-04-14T10:30:31.676+05:30,772713,65ee8581-20e2-4f46-98a9-787a454c6752
1776142239805,Bonds,2445,2026-04-14T10:31:34.31+05:30,1081342,3d8be797-65b9-4f78-95cc-54b61e5fb627
1776140340032,Bonds,2422,2026-04-14T10:32:48.421+05:30,772713,65ee8581-20e2-4f46-98a9-787a454c6752
1776143268852,Bonds,2312,2026-04-14T10:38:05.991+05:30,1515979,d73444bf-6a56-405a-aadb-8ad0576ff04a
1776143516552,Bonds,2528,2026-04-14T10:42:26.239+05:30,724871,b8903553-e80f-4fdc-843c-ffd09435a8f0
1776143597409,Bonds,2445,2026-04-14T10:47:45.168+05:30,1668039,be470f50-7b20-4aa0-9365-0b9a03ab767f
1776144717086,Bonds,2553,2026-04-14T11:08:40.685+05:30,1531132,73661489-b056-4593-b7cd-4bd267890a62
1776145092451,Bonds,2553,2026-04-14T11:09:25.422+05:30,1180517,f9eee9cd-5897-4078-b3d2-73d246f94502
1776146411830,Basket,2535,2026-04-14T11:32:53.037+05:30,1622168,5a028da1-6a5b-41a4-8abf-e13905165ef0
1776147421360,Bonds,2505,2026-04-14T11:52:12.332+05:30,1516733,b6415d7b-460d-4578-9af3-ce98e3cf5632
1776148396703,Bonds,2554,2026-04-14T12:03:28.447+05:30,1750774,fa30b972-f96f-4788-86b2-0c0419e83619
1776148396703,Bonds,2554,2026-04-14T12:03:28.887+05:30,1750774,fa30b972-f96f-4788-86b2-0c0419e83619
1776148483102,Bonds,2499,2026-04-14T12:06:29.871+05:30,1180517,f9eee9cd-5897-4078-b3d2-73d246f94502
1776149674497,SDI Secondary,2365,2026-04-14T12:32:43.262+05:30,844867,6c6ca573-f41e-4266-a968-7f922c5e132a
1776150304800,Bonds,2013,2026-04-14T12:36:21.745+05:30,941335,a7301581-40cb-4ef9-a196-b0e4ac621db2
1776150626071,Bonds,2500,2026-04-14T12:41:02.292+05:30,1010158,693c2d65-dddb-4edf-8453-4ac0e02709cd
1776152803150,Bonds,2497,2026-04-14T13:17:13.627+05:30,1305976,35a92663-0172-40da-8779-d7d0cf731aa5
1776152936478,Bonds,2505,2026-04-14T13:20:44.926+05:30,637193,576c8696-13e5-4c94-bb5c-e26c5796dec6
1776152049699,Bonds,2438,2026-04-14T13:35:35.774+05:30,1669255,3b4409e9-d122-465d-bc13-ce0b4c9138b0
1776154458707,Bonds,2497,2026-04-14T13:51:15.139+05:30,616691,829fa0af-adf5-4995-9f53-36a329eeb1db
1776154593297,Bonds,2445,2026-04-14T14:00:13.845+05:30,785097,446ce133-7eb9-47ee-9615-36b1f2d2b69b
1776155030750,Bonds,2471,2026-04-14T14:02:21.717+05:30,1238001,a0125f03-0b4f-4d23-bfe3-f3dde0c36ec5
1776154593297,Bonds,2445,2026-04-14T14:07:52.216+05:30,785097,446ce133-7eb9-47ee-9615-36b1f2d2b69b
1776159550138,Bonds,2499,2026-04-14T15:12:49.41+05:30,1116645,08e4aa03-be57-43ef-b04c-66297ab370d0
1776160800367,Bonds,2528,2026-04-14T15:30:57.195+05:30,855241,03f5006c-2e09-4827-a75f-4b027639dcda
1776160334772,Bonds,2368,2026-04-14T15:31:54.025+05:30,1206895,682a08a8-7fa3-4e16-93eb-6883ebcb2368
1776160800367,Bonds,2528,2026-04-14T15:34:38.691+05:30,855241,03f5006c-2e09-4827-a75f-4b027639dcda
1776160334772,Bonds,2423,2026-04-14T15:35:11.054+05:30,1206895,682a08a8-7fa3-4e16-93eb-6883ebcb2368
1776161364108,Bonds,2500,2026-04-14T15:40:15.631+05:30,1206895,0b8d7cb6-ebac-4f3a-880d-ef8cda6f588c
1776161364108,Bonds,2554,2026-04-14T15:41:44.982+05:30,1206895,0b8d7cb6-ebac-4f3a-880d-ef8cda6f588c
1776161364108,Bonds,2554,2026-04-14T15:46:09.672+05:30,1206895,0b8d7cb6-ebac-4f3a-880d-ef8cda6f588c
1776161364108,Bonds,2554,2026-04-14T15:46:48.072+05:30,1206895,0b8d7cb6-ebac-4f3a-880d-ef8cda6f588c
1776161364108,Bonds,2554,2026-04-14T15:47:13.493+05:30,1206895,0b8d7cb6-ebac-4f3a-880d-ef8cda6f588c
1776162977794,Bonds,2445,2026-04-14T16:09:03.276+05:30,1413389,17d76ac7-7b52-4966-b4dd-9b70e2e138a0
1776163492231,Bonds,2472,2026-04-14T16:36:50.503+05:30,156295,04f99144-0039-461b-8f0e-539d516d188e
1776165616090,Bonds,2497,2026-04-14T17:00:15.861+05:30,1434454,051fce2d-0903-43af-93d3-0766b30ad806
1776166452893,Bonds,2422,2026-04-14T17:05:32.301+05:30,995825,b8e4c081-d51f-4cfb-a145-28394596feb8
1776166862007,Bonds,2434,2026-04-14T17:21:20.873+05:30,1595085,9f0f8542-85ac-474e-9b60-ea3d6be5361d
1776167401620,Bonds,2368,2026-04-14T17:33:16.852+05:30,1781616,db9547c4-6e37-4809-b358-0c730e53e235
1776168977038,Bonds,2500,2026-04-14T18:03:08.258+05:30,1413389,17d76ac7-7b52-4966-b4dd-9b70e2e138a0
1776168977038,Bonds,2472,2026-04-14T18:06:44.307+05:30,1413389,17d76ac7-7b52-4966-b4dd-9b70e2e138a0
1776170543170,Bonds,2505,2026-04-14T18:12:43.574+05:30,939987,f8c1bf4c-8a4f-4ca6-a5e6-169464c759fa
1776169929713,Bonds,2445,2026-04-14T18:16:22.297+05:30,1680049,03b4df16-ec88-4876-ab32-027d2467f914
1776170543170,Bonds,2528,2026-04-14T18:18:52.585+05:30,939987,f8c1bf4c-8a4f-4ca6-a5e6-169464c759fa
1776170543170,Bonds,2505,2026-04-14T18:20:21.548+05:30,939987,f8c1bf4c-8a4f-4ca6-a5e6-169464c759fa
1776171403736,Bonds,2472,2026-04-14T18:28:46.722+05:30,156295,04f99144-0039-461b-8f0e-539d516d188e
1776166865039,Bonds,2290,2026-04-14T18:34:00.262+05:30,1445307,4651ec0f-6a86-4cad-b9d4-3e38009f8871
1776174223025,Bonds,2505,2026-04-14T19:15:55.918+05:30,1019555,a888a9dd-3696-44b8-b313-f073bd9f1937
1776174064404,Bonds,2554,2026-04-14T19:26:16.741+05:30,772713,65ee8581-20e2-4f46-98a9-787a454c6752
1776173794440,Bonds,2368,2026-04-14T19:34:59.287+05:30,953908,1e604bcf-df55-4f9a-a282-b6726f781b07
1776170416824,Bonds,2500,2026-04-14T19:35:43.713+05:30,1383109,526c41fe-e7d6-4d76-967b-32a90a00b903
1776177861745,Bonds,2434,2026-04-14T20:15:20.192+05:30,1600195,664ce0da-7c10-49ef-b702-1843efd62a44
1776178244909,Bonds,2554,2026-04-14T20:21:32.588+05:30,1750774,fa30b972-f96f-4788-86b2-0c0419e83619
1776178244909,Bonds,2554,2026-04-14T20:23:08.54+05:30,1750774,fa30b972-f96f-4788-86b2-0c0419e83619
1776178937054,SDI Secondary,2365,2026-04-14T20:40:57.174+05:30,1384116,b10d13ee-77cf-479d-ad53-aca4a98d35a1
1776179474795,Basket,2509,2026-04-14T20:42:48.041+05:30,1673126,7d9db1a8-7fa2-4fa2-92c7-ea4c9e76f440
1776179417767,Bonds,2472,2026-04-14T20:44:35.496+05:30,949367,98f0f7e9-22ce-4fa0-ba94-180e2ab2cee6
1776179971536,Bonds,2422,2026-04-14T21:03:40.868+05:30,781740,f9c846cd-c0bb-4bd6-bd0f-a9ca6c8e2e67
1776179853195,Bonds,2368,2026-04-14T21:05:26.574+05:30,742252,362fc19b-c1dd-49c6-a291-8636f825d73a
1776182702846,Bonds,2553,2026-04-14T21:42:09.445+05:30,514220,314043b1-01f5-4e4d-a323-f67dc6e8980e
1776183477339,Bonds,2500,2026-04-14T21:51:40.935+05:30,1383109,526c41fe-e7d6-4d76-967b-32a90a00b903
1776184841576,Bonds,2394,2026-04-14T22:21:08.247+05:30,538289,ff4f33ab-41c9-475f-822f-c2cae92cbd0a
1776185197549,Bonds,2553,2026-04-14T22:21:13.768+05:30,1400435,840ba4bd-3e17-4479-ab32-63da287f6fa4
1776184841576,Bonds,2394,2026-04-14T22:33:40.783+05:30,538289,ff4f33ab-41c9-475f-822f-c2cae92cbd0a
1776187071645,Bonds,2528,2026-04-14T23:01:16.484+05:30,221767,7609ba49-6482-49e5-b194-37ee5310d21b
1776189436689,Bonds,2553,2026-04-14T23:27:49.385+05:30,879161,fe0ee886-b8c7-43e6-b1de-8581fc136e4e
1776189612498,Bonds,2368,2026-04-14T23:31:00.565+05:30,1509229,5ab67827-4751-4ec4-bb8c-b512f404997b
1776189612498,Bonds,2368,2026-04-14T23:31:50.516+05:30,1509229,5ab67827-4751-4ec4-bb8c-b512f404997b
1776189612498,Bonds,2472,2026-04-14T23:36:14.972+05:30,1509229,5ab67827-4751-4ec4-bb8c-b512f404997b
1776189701830,Bonds,2472,2026-04-14T23:36:18.093+05:30,1689428,d92e6d3c-77b5-4b33-ae0a-ba0aa2d9a093
1776189612498,Bonds,2472,2026-04-14T23:42:36.383+05:30,1509229,5ab67827-4751-4ec4-bb8c-b512f404997b
1776192145175,SDI Secondary,2365,2026-04-15T00:13:38.929+05:30,340385,b92a4e4b-5df7-41bb-99d9-b8cbb325b569
1776192178720,Bonds,2445,2026-04-15T00:14:56.121+05:30,842314,b7238d9b-b2d5-4032-acf3-dbf8950e60b7
1776192145175,Bonds,2471,2026-04-15T00:16:43.461+05:30,340385,b92a4e4b-5df7-41bb-99d9-b8cbb325b569
1776192178720,Bonds,2368,2026-04-15T00:19:22.947+05:30,842314,b7238d9b-b2d5-4032-acf3-dbf8950e60b7
1776194465871,Bonds,2528,2026-04-15T01:00:26.955+05:30,715100,a1041ebe-3107-48db-9f3e-89280c892860
1776194465871,Bonds,2505,2026-04-15T01:17:18.211+05:30,715100,a1041ebe-3107-48db-9f3e-89280c892860
1776196634346,Bonds,2290,2026-04-15T01:43:25.189+05:30,1112581,e8ff657f-efef-4b91-8185-0c4952233bea
1776198160016,Bonds,2214,2026-04-15T01:55:54.417+05:30,198671,bed4b86f-8bee-43db-b45a-4e9df03549c0
1776198160016,Bonds,2472,2026-04-15T01:56:39.263+05:30,198671,bed4b86f-8bee-43db-b45a-4e9df03549c0
1776198377028,Bonds,2318,2026-04-15T02:01:47.657+05:30,1715404,152322c1-a95d-429d-b297-c6db0c2ccad5
1776198377028,Bonds,2528,2026-04-15T02:05:48.632+05:30,1715404,152322c1-a95d-429d-b297-c6db0c2ccad5
1776199761366,Bonds,2290,2026-04-15T02:30:57.686+05:30,1158253,ce17f6b7-f5ba-4f2d-8b6f-6a52225316f2
1776204023385,Bonds,2472,2026-04-15T03:47:47.548+05:30,878358,923a95d2-35b5-439b-8854-b06bf162666c
1776214551392,Bonds,2553,2026-04-15T06:34:28.903+05:30,659315,c78f0365-7625-4f68-bcd7-8b9d25db510a
1776218996966,Bonds,2553,2026-04-15T07:48:57.411+05:30,73467,8242e52e-3278-4bfd-beca-f0c13dab1411
1776220098653,Bonds,2368,2026-04-15T07:59:11.543+05:30,1712668,2ce575fc-6480-417e-96c2-4f5c889df525
1776220051337,Bonds,2434,2026-04-15T08:02:14.069+05:30,799619,8f593b7a-358c-4319-8220-e2041cfce45d
1776220098653,Basket,2535,2026-04-15T08:13:24.551+05:30,1712668,2ce575fc-6480-417e-96c2-4f5c889df525
1776220098653,Bonds,2472,2026-04-15T08:22:49.161+05:30,1712668,2ce575fc-6480-417e-96c2-4f5c889df525
1776221774398,Bonds,2290,2026-04-15T08:29:06.696+05:30,865921,6927bfdc-2b4f-4c5f-9de1-538cc750ed84
1776223383536,Bonds,2368,2026-04-15T08:59:19.465+05:30,952329,a2ade794-f777-4b34-8936-807036e5ede6
1776224039618,Bonds,2368,2026-04-15T09:04:50.411+05:30,1358222,ff7b1f0e-2706-4aa4-a236-7790bc0fd494
1776224064402,Bonds,2499,2026-04-15T09:08:01.945+05:30,1392863,31a2e0a0-bb2c-4a11-b8d8-f7d301932cbc
1776226864834,Bonds,2434,2026-04-15T09:53:39.976+05:30,1392863,31a2e0a0-bb2c-4a11-b8d8-f7d301932cbc
1776228282302,Bonds,2368,2026-04-15T10:19:14.031+05:30,1515153,79f7752b-007a-4a52-87b5-87b7929dca70
1776228929847,Bonds,2555,2026-04-15T10:25:40.965+05:30,1515979,d73444bf-6a56-405a-aadb-8ad0576ff04a
1776228560813,Bonds,2472,2026-04-15T10:35:30.503+05:30,1006154,785ff240-5fb1-4142-a43e-09f05214b703
1776229633286,Bonds,2368,2026-04-15T10:44:45.743+05:30,718903,bab72e6c-e7a0-4dc4-89c3-3e215fda0122
1776229633286,Bonds,2368,2026-04-15T10:50:21.158+05:30,718903,bab72e6c-e7a0-4dc4-89c3-3e215fda0122
1776230433855,Bonds,2528,2026-04-15T10:51:49.847+05:30,1444528,9a0a2e5e-d675-4268-a0ce-7e24acd86a11
1776232313306,Bonds,2445,2026-04-15T11:22:26.575+05:30,1262960,4d116f68-e339-46b0-84ef-92536cb7b043
1776233869548,Bonds,2445,2026-04-15T11:50:19.827+05:30,1651402,4aeb610e-5597-4635-b0e6-557f597d864b
1776233775450,Bonds,2445,2026-04-15T11:52:28.379+05:30,1310975,07a67af0-892e-4425-b032-767448e5500d
1776229633286,Bonds,2462,2026-04-15T11:52:30.897+05:30,718903,bab72e6c-e7a0-4dc4-89c3-3e215fda0122
1776234360205,Bonds,2445,2026-04-15T11:57:17.229+05:30,1374919,0d30fe23-b735-4a13-8d1e-cdd2080af96f
1776234360205,Bonds,2445,2026-04-15T12:00:49.872+05:30,1374919,0d30fe23-b735-4a13-8d1e-cdd2080af96f
1776235972003,Bonds,2368,2026-04-15T12:25:20.703+05:30,1716756,ac4997e8-e662-4793-9416-31451056f248
1776236240945,Bonds,2472,2026-04-15T12:29:07.236+05:30,1176652,615e3eda-1f66-486c-8955-95c4ecb40c6d
1776235663555,Bonds,2500,2026-04-15T12:29:18.459+05:30,1753040,f6607d4a-b147-4495-899b-82ea50b7435b
1776236240945,Bonds,2472,2026-04-15T12:39:29.68+05:30,1176652,615e3eda-1f66-486c-8955-95c4ecb40c6d
1776235663555,Bonds,2434,2026-04-15T12:42:45.326+05:30,1753040,f6607d4a-b147-4495-899b-82ea50b7435b
1776237244348,Bonds,2445,2026-04-15T12:47:20.936+05:30,1134920,64b56a8f-edb4-4e2a-a1d8-a927a7b2acab
1776237459070,Bonds,2445,2026-04-15T12:49:31.558+05:30,842314,b7238d9b-b2d5-4032-acf3-dbf8950e60b7
1776237244348,Bonds,2505,2026-04-15T12:50:02.58+05:30,1134920,64b56a8f-edb4-4e2a-a1d8-a927a7b2acab
1776237244348,Bonds,2445,2026-04-15T12:50:13.786+05:30,1134920,64b56a8f-edb4-4e2a-a1d8-a927a7b2acab
1776235663555,Bonds,2239,2026-04-15T12:50:35.328+05:30,1753040,f6607d4a-b147-4495-899b-82ea50b7435b
1776237244348,Bonds,2445,2026-04-15T12:53:04.1+05:30,1134920,64b56a8f-edb4-4e2a-a1d8-a927a7b2acab
1776235663555,Bonds,2445,2026-04-15T12:53:23.275+05:30,1753040,f6607d4a-b147-4495-899b-82ea50b7435b
1776237512675,Bonds,2553,2026-04-15T13:20:37.621+05:30,1770547,3b6230e7-2e21-47d9-bfb8-e4538f2b3e7a
1776238927506,Bonds,2434,2026-04-15T13:22:30.899+05:30,58616,48145262-3426-466b-a0f5-34ccfd0f4a2e
1776238249518,Bonds,2445,2026-04-15T13:23:22.132+05:30,1180917,c59dc95c-fa4a-4ae5-9e00-bc172a3b0121
1776240546078,Bonds,2445,2026-04-15T13:40:14.054+05:30,1146263,4bcbd4ca-83ac-4c02-9041-a35778e41c23
1776240765530,Bonds,2239,2026-04-15T13:43:54.83+05:30,866945,43fc3c24-3b24-403e-81b6-5cfc074b7aa3
1776241402222,Bonds,2500,2026-04-15T13:54:07.528+05:30,1475938,d46b7efb-a5e4-4830-bf7e-f6ad4d6be90b
1776241150122,Bonds,2423,2026-04-15T13:54:49.832+05:30,771627,42a283a7-78ec-4135-95ef-a2fddc3a98e7
1776241659857,Bonds,2434,2026-04-15T13:57:55.882+05:30,960522,ecaf990a-7299-42f9-b086-60e4fae22a6e
1776241120254,Bonds,2445,2026-04-15T14:00:33.83+05:30,1449684,065eee65-a654-45e9-aede-897a7a8bad63
1776242572473,SDI Secondary,2365,2026-04-15T14:17:33.264+05:30,1002261,d30354a4-1fae-441c-ac7b-f3a62a77c41a
1776241717493,Bonds,2554,2026-04-15T14:17:37.085+05:30,1761296,f96ede72-4c73-4e15-8732-bd539d699432
1776242478462,Bonds,2368,2026-04-15T14:19:31.457+05:30,776644,b1fcda59-cdc1-40ff-8986-94c1af3c0aa2
1776244292404,Bonds,2505,2026-04-15T14:42:55.419+05:30,675268,7329c57d-7d9d-4de1-8b47-13d0bd1f2067
1776243919746,Bonds,2528,2026-04-15T14:43:11.075+05:30,1019555,a888a9dd-3696-44b8-b313-f073bd9f1937
1776243724078,Bonds,2528,2026-04-15T14:52:18.726+05:30,743677,cba7bbf9-b91f-4686-8c79-150db2339be0
1776245338710,Bonds,2325,2026-04-15T14:59:38.811+05:30,722330,580e99f5-5948-46c1-b12b-cca8d891d1eb
1776244292404,Bonds,2472,2026-04-15T15:01:58.223+05:30,675268,7329c57d-7d9d-4de1-8b47-13d0bd1f2067
1776244693821,Bonds,2445,2026-04-15T15:03:06.204+05:30,994845,4c130c50-cb19-4edc-ad3b-78d03ff1c176
1776246400557,Bonds,2505,2026-04-15T15:17:06.657+05:30,811998,296627de-2b4b-4ce7-83d3-a9fed7f77147
1776247973107,Bonds,2560,2026-04-15T15:48:46.397+05:30,1726459,0efe8f75-67d9-483d-9592-a2e43607cfec
1776248951264,Bonds,2445,2026-04-15T16:16:42.009+05:30,878358,923a95d2-35b5-439b-8854-b06bf162666c
1776249986476,Bonds,2445,2026-04-15T16:16:45.997+05:30,1194780,524d50ae-8242-4b58-80cf-d8251a23356e
1776250000209,Bonds,2500,2026-04-15T16:20:01.235+05:30,1552592,fe4eca30-ff4f-489a-b497-4470c0ae4711
1776247923693,Bonds,2445,2026-04-15T16:25:00.343+05:30,1270974,838199be-f7ab-4bd5-b508-6e493a5244ef
1776251769303,Bonds,2500,2026-04-15T16:47:13.097+05:30,1383109,526c41fe-e7d6-4d76-967b-32a90a00b903
1776251975878,Bonds,2505,2026-04-15T16:52:48.789+05:30,1641578,7550debc-ae04-45f9-842d-f34668033c34
1776252824989,Bonds,2560,2026-04-15T17:08:00.681+05:30,1490562,6f23d353-556b-4e77-b81f-70d425f5d8a0
1776252921910,Bonds,2505,2026-04-15T17:15:14.326+05:30,1219109,6695fd65-518f-4126-836f-e663ff6db100
1776252558939,Bonds,2554,2026-04-15T17:33:37.754+05:30,1206895,0b8d7cb6-ebac-4f3a-880d-ef8cda6f588c
1776252558939,Bonds,2554,2026-04-15T17:36:18.41+05:30,1206895,0b8d7cb6-ebac-4f3a-880d-ef8cda6f588c
1776254822915,Bonds,2445,2026-04-15T17:40:04.41+05:30,1078754,b3d6d60d-a114-4a63-9709-c2965ee6cfa4
1776252558939,Bonds,2312,2026-04-15T17:44:21.64+05:30,1206895,0b8d7cb6-ebac-4f3a-880d-ef8cda6f588c
1776252558939,Bonds,2312,2026-04-15T17:59:55.961+05:30,1206895,0b8d7cb6-ebac-4f3a-880d-ef8cda6f588c
1776252558939,Bonds,2325,2026-04-15T18:04:11.182+05:30,1206895,0b8d7cb6-ebac-4f3a-880d-ef8cda6f588c
1776256674705,Bonds,2445,2026-04-15T18:09:23.056+05:30,994845,4c130c50-cb19-4edc-ad3b-78d03ff1c176
1776257970928,SDI Secondary,2256,2026-04-15T18:31:13.939+05:30,1312312,aa875788-bee7-4cb9-ab16-9e78aa50b329
1776259592766,Bonds,2560,2026-04-15T19:01:57.135+05:30,1135678,3e8fedcb-cb04-40e5-8a5b-c00d6c4fb7e5
1776259592766,Bonds,2560,2026-04-15T19:02:17.075+05:30,1135678,3e8fedcb-cb04-40e5-8a5b-c00d6c4fb7e5
1776259592766,Bonds,2560,2026-04-15T19:02:30.815+05:30,1135678,3e8fedcb-cb04-40e5-8a5b-c00d6c4fb7e5
1776259592766,Bonds,2560,2026-04-15T19:02:45.258+05:30,1135678,3e8fedcb-cb04-40e5-8a5b-c00d6c4fb7e5
1776259592766,Bonds,2560,2026-04-15T19:03:20.168+05:30,1135678,3e8fedcb-cb04-40e5-8a5b-c00d6c4fb7e5
1776259592766,Bonds,2560,2026-04-15T19:03:44.127+05:30,1135678,3e8fedcb-cb04-40e5-8a5b-c00d6c4fb7e5
1776259592766,Bonds,2560,2026-04-15T19:04:11.978+05:30,1135678,3e8fedcb-cb04-40e5-8a5b-c00d6c4fb7e5
1776261179211,Bonds,2472,2026-04-15T19:23:46.939+05:30,1750774,fa30b972-f96f-4788-86b2-0c0419e83619
1776261480498,Bonds,2499,2026-04-15T19:39:22.726+05:30,98452,6b7e0fc6-e8a2-44ae-9cd4-912a603d30d9
1776264075729,Bonds,2462,2026-04-15T20:13:02.089+05:30,1206895,0b8d7cb6-ebac-4f3a-880d-ef8cda6f588c
1776264075729,Bonds,2555,2026-04-15T20:14:00.245+05:30,1206895,0b8d7cb6-ebac-4f3a-880d-ef8cda6f588c
1776264075729,Bonds,2462,2026-04-15T20:14:12.935+05:30,1206895,0b8d7cb6-ebac-4f3a-880d-ef8cda6f588c
1776264075729,Bonds,2462,2026-04-15T20:16:20.295+05:30,1206895,0b8d7cb6-ebac-4f3a-880d-ef8cda6f588c
1776267653171,Bonds,2445,2026-04-15T21:11:16.571+05:30,994845,4c130c50-cb19-4edc-ad3b-78d03ff1c176
1776266519523,Bonds,2472,2026-04-15T21:15:00.847+05:30,1006154,785ff240-5fb1-4142-a43e-09f05214b703
1776267953715,Bonds,2500,2026-04-15T21:16:46.139+05:30,647997,c569ffe4-1c84-473f-8b49-0a179813f923
1776267822671,Bonds,2497,2026-04-15T21:22:07.518+05:30,1645496,1882cfc1-02d5-4e13-93d9-2c9e29d0b99e
1776267320440,SDI Secondary,2365,2026-04-15T21:23:58.909+05:30,1490562,6f23d353-556b-4e77-b81f-70d425f5d8a0
1776268865513,Bonds,2472,2026-04-15T21:33:14.729+05:30,675268,7329c57d-7d9d-4de1-8b47-13d0bd1f2067
1776268865513,Bonds,2472,2026-04-15T21:34:17.127+05:30,675268,7329c57d-7d9d-4de1-8b47-13d0bd1f2067
1776269016585,Bonds,1448,2026-04-15T21:39:17.177+05:30,1535949,afcacb58-4fc6-4ae7-82f2-0a894e377bdf
1776269016585,Bonds,1448,2026-04-15T21:39:25.238+05:30,1535949,afcacb58-4fc6-4ae7-82f2-0a894e377bdf
1776269016585,Bonds,1448,2026-04-15T21:39:25.38+05:30,1535949,afcacb58-4fc6-4ae7-82f2-0a894e377bdf
1776269016585,Bonds,1448,2026-04-15T21:39:36.235+05:30,1535949,afcacb58-4fc6-4ae7-82f2-0a894e377bdf
1776269016585,Bonds,1448,2026-04-15T21:39:43.573+05:30,1535949,afcacb58-4fc6-4ae7-82f2-0a894e377bdf
1776269016585,Bonds,1448,2026-04-15T21:39:47.838+05:30,1535949,afcacb58-4fc6-4ae7-82f2-0a894e377bdf
1776269016585,Bonds,1448,2026-04-15T21:39:55.008+05:30,1535949,afcacb58-4fc6-4ae7-82f2-0a894e377bdf
1776269016585,Bonds,1448,2026-04-15T21:40:07.828+05:30,1535949,afcacb58-4fc6-4ae7-82f2-0a894e377bdf
1776269684496,Bonds,2499,2026-04-15T21:47:58.291+05:30,1577721,29019323-24ff-432a-9795-46bb8a5aa3bf
1776269816844,Bonds,2472,2026-04-15T21:53:50.163+05:30,1079418,1d1bbb15-91a3-486a-86e6-5b10776525c7
1776270204937,Bonds,2553,2026-04-15T22:00:00.499+05:30,1750346,790ce749-2f05-4ead-b13d-ef0a9a45ee61
1776270999467,Bonds,2472,2026-04-15T22:11:57.733+05:30,618487,9a279e7a-34d6-46b8-85a0-c8489203f37a
1776270624506,Bonds,2318,2026-04-15T22:18:20.752+05:30,1525769,a1558cab-6f9a-4e63-a7e2-9fd8dd91a587
1776271723076,Bonds,2472,2026-04-15T22:20:07.764+05:30,1271910,1dfb68a5-966c-439b-8da0-11961e1e9440
1776271723076,Bonds,2472,2026-04-15T22:21:56.98+05:30,1271910,1dfb68a5-966c-439b-8da0-11961e1e9440
1776273734754,Bonds,2445,2026-04-15T22:53:36.524+05:30,1550449,465514db-7b87-42fa-8be0-6fbbdcdec1b0
1776274013691,Bonds,2312,2026-04-15T22:58:40.199+05:30,1257664,d0b87dbe-ddf9-44fa-abba-15d3ae8101d6
1776272953253,Bonds,2462,2026-04-15T23:35:54.056+05:30,1206895,0b8d7cb6-ebac-4f3a-880d-ef8cda6f588c
