timestamp,context_session_id,user_id,query_text,clicked_asset_id,clicked_asset_name,clicked_asset_type,result_position,results_count,active_tab
2026-04-16T02:58:18.812+05:30,1776287426675.0,1789738,Gold,2393,RCBKD260201,bonds,1,6,bonds
2026-04-16T03:13:26.927+05:30,1776289364440.0,1388793,Capri,2422,RCBCGL260201,bonds,0,3,bonds
2026-04-16T03:39:23.988+05:30,1776290832409.0,1785739,SMC GLOBAL,2422,RCBCGL260201,bonds,0,1,sdi
2026-04-16T03:39:38.636+05:30,1776290832409.0,1785739,Paisalo,2499,RCBPSL260301,bonds,0,1,sdi
2026-04-16T07:31:12.043+05:30,1776304805562.0,1787896,Mcred,2104,RCBMM251005,bonds,2,3,bonds
2026-04-16T07:42:40.492+05:30,1776305312937.0,1717679,Regr,2394,RCBRF260201,bonds,0,2,bonds
2026-04-16T08:22:07.138+05:30,1776307313207.0,1790142,Mut,2104,RCBMM251005,bonds,0,1,bonds
2026-04-16T08:23:07.974+05:30,1776307816366.0,1790183,Fixed return ,2446,RCBKF260202,bonds,0,0,bonds
2026-04-16T08:24:09.833+05:30,1776307997964.0,844945,Moneyboxx,2539,RCBIM260302,bonds,0,0,baskets
2026-04-16T08:24:50.413+05:30,1776305937524.0,1780080,Government,2554,RCBTB260406,bonds,0,3,bonds
2026-04-16T08:25:03.306+05:30,1776308051959.0,1263671,Icl fincorp,2438,RCBNF260202,bonds,1,3,bonds
2026-04-16T09:18:16.857+05:30,1776311270605.0,1790507,And bond,2197,RCBLCN251102,bonds,0,1,baskets
2026-04-16T09:24:40.911+05:30,1776311560552.0,70056,Bestfinan,2506,RCBBC260302,bonds,2,3,bonds
2026-04-16T09:30:06.877+05:30,1776311730687.0,1746772,A bond,2486,RCBSBBK260301,basket,0,4,bonds
2026-04-16T09:31:35.23+05:30,1776311560552.0,70056,Spanda,2318,RCBSPD251201,bonds,0,4,bonds
2026-04-16T09:52:20.25+05:30,1776312841212.0,1788882,T bill,2554,RCBTB260406,bonds,0,0,bonds
2026-04-16T09:53:05.173+05:30,1776313264651.0,1031878,Nido homes,2497,RCBNH260301,bonds,0,1,bonds
2026-04-16T10:00:22.473+05:30,1776313497399.0,1790682,Personal loan,2499,RCBPSL260301,bonds,0,1,bonds
2026-04-16T10:04:42.559+05:30,1776314051223.0,1770667,Satin,2462,RCBSFL260301,bonds,0,1,bonds
2026-04-16T10:12:51.137+05:30,1776314287520.0,1778190,Navi,2438,RCBNF260202,bonds,0,3,bonds
2026-04-16T10:18:11.617+05:30,1776314051223.0,1770667,Inde,2500,RCBIM260301,bonds,0,3,bonds
2026-04-16T10:24:16.319+05:30,1776315248023.0,6,Bes,2505,RCBBC260301,bonds,0,1,bonds
2026-04-16T10:26:01.418+05:30,1776314887585.0,1780775,Muth,2472,RCBMM260301,bonds,0,1,bonds
2026-04-16T10:33:52.744+05:30,1776315382369.0,1647483,Krazybee,2542,RCBES260401,bonds,1,0,bonds
2026-04-16T10:41:38.382+05:30,1776316217209.0,811057,Satin,2462,RCBSFL260301,bonds,0,1,bonds
2026-04-16T10:55:07.889+05:30,1776317054670.0,1787949,Loan,2365,RLNXAK260101,sdi,0,8,bonds
2026-04-16T10:59:34.571+05:30,1776317304984.0,1770667,Indel,2500,RCBIM260301,bonds,0,2,bonds
2026-04-16T10:59:54.458+05:30,1776317353310.0,867331,Mut,2472,RCBMM260301,bonds,0,1,bonds
2026-04-16T11:00:17.499+05:30,1776316708079.0,1790925,Personal loan,2499,RCBPSL260301,bonds,0,1,bonds
2026-04-16T11:00:29.942+05:30,1776317304984.0,1770667,Satin,2462,RCBSFL260301,bonds,0,1,bonds
2026-04-16T11:01:18.783+05:30,1776317304984.0,1770667,Indel,2500,RCBIM260301,bonds,0,2,bonds
2026-04-16T11:01:35.474+05:30,1776317304984.0,1770667,Satin,2462,RCBSFL260301,bonds,0,1,bonds
2026-04-16T11:04:37.233+05:30,1776317667510.0,491491,Capri,2422,RCBCGL260201,bonds,0,3,bonds
2026-04-16T11:06:11.482+05:30,1776317705651.0,1773668,Navi,2438,RCBNF260202,bonds,0,3,bonds
2026-04-16T11:30:48.332+05:30,1776319201986.0,748347,INE342TO7494,2438,RCBNF260202,bonds,0,0,bonds
2026-04-16T11:32:47.184+05:30,1776319025334.0,1717679,Regency ,2394,RCBRF260201,bonds,0,1,bonds
2026-04-16T11:34:05.273+05:30,1776319025334.0,1717679,Unif,1292,FDUNT240901,high_yield_fd,0,1,bonds
2026-04-16T11:37:06.068+05:30,1776317700427.0,1774840,Indel,2500,RCBIM260301,bonds,0,2,bonds
2026-04-16T11:43:06.606+05:30,1776319878052.0,458292,regency,2394,RCBRF260201,bonds,0,1,bonds
2026-04-16T11:49:44.382+05:30,1776315204448.0,1513928,RBI Bonds,2486,RCBSBBK260301,basket,0,1,bonds
2026-04-16T12:03:13.581+05:30,1776321127628.0,1786543,Finser,2438,RCBNF260202,bonds,0,5,bonds
2026-04-16T12:07:11.085+05:30,1776315204448.0,1513928,satin,2462,RCBSFL260301,bonds,0,1,bonds
2026-04-16T12:08:25.172+05:30,1776315204448.0,1513928,INE836B08319,2462,RCBSFL260301,bonds,0,0,bonds
2026-04-16T12:10:18.544+05:30,1776315204448.0,1513928,NYPC,2394,RCBRF260201,bonds,0,0,bonds
2026-04-16T12:16:22.615+05:30,1776321895783.0,1774105,Nido,2497,RCBNH260301,bonds,0,2,bonds
2026-04-16T12:16:58.466+05:30,1776321895783.0,1774105,Nido,2497,RCBNH260301,bonds,0,2,bonds
2026-04-16T12:21:30.448+05:30,1776321149504.0,771627,hudco,2423,RCBHDC260201,bonds,0,1,bonds
2026-04-16T12:26:00.818+05:30,1776322511030.0,1456248,Muthoot,2104,RCBMM251005,bonds,0,1,bonds
2026-04-16T12:27:34.973+05:30,1776322594090.0,1774523,Bharat bond,2473,RCBCM260301,bonds,0,1,bonds
2026-04-16T12:40:17.694+05:30,1776321149504.0,771627,mut,2472,RCBMM260301,bonds,0,1,bonds
2026-04-16T12:40:39.152+05:30,1776321149504.0,771627,pais,2499,RCBPSL260301,bonds,0,1,bonds
2026-04-16T12:46:44.524+05:30,1776321149504.0,771627,pai,2499,RCBPSL260301,bonds,0,2,bonds
2026-04-16T13:37:56.043+05:30,1776326506300.0,1791455,Sovereign ,2312,RGSEC251204,bonds,0,2,bonds
2026-04-16T13:40:39.922+05:30,1776326380683.0,1791450,Md ajad,2473,RCBCM260301,bonds,0,0,bonds
2026-04-16T13:44:16.933+05:30,1776326493234.0,937567,Akara,2290,RCBAC251202,bonds,0,1,bonds
2026-04-16T14:00:19.442+05:30,1776328160050.0,771627,paid,2499,RCBPSL260301,bonds,0,1,bonds
2026-04-16T14:00:32.351+05:30,1776328160050.0,771627,hudco,2423,RCBHDC260201,bonds,0,1,bonds
2026-04-16T14:14:52.033+05:30,1776329059755.0,1787970,Mut,2104,RCBMM251005,bonds,0,1,bonds
2026-04-16T14:27:18.944+05:30,1776329727026.0,712964,Muthoot,2104,RCBMM251005,bonds,0,1,sdi
2026-04-16T14:30:03.903+05:30,1776329903472.0,1790715,AAA Rating,2254,RCBAC251201,bonds,0,1,bonds
2026-04-16T14:32:30.557+05:30,1776330118307.0,782903,Capri,2422,RCBCGL260201,bonds,0,4,bonds
2026-04-16T14:47:21.11+05:30,1776330029892.0,1787414,Kee,2445,RCBKF260201,bonds,0,1,bonds
2026-04-16T14:50:50.635+05:30,1776331101461.0,1791678,Paisa,2499,RCBPSL260301,bonds,0,2,bonds
2026-04-16T14:56:28.922+05:30,1776331268436.0,1646578,Loan,2365,RLNXAK260101,sdi,0,7,bonds
2026-04-16T14:57:20.853+05:30,1776331540621.0,1422678,T bi,2556,RCBTB260408,bonds,2,0,bonds
2026-04-16T15:11:53.161+05:30,1776330985982.0,1626356,Basket,2570,RCBGBBBK260401,basket,1,3,bonds
2026-04-16T15:12:20.711+05:30,1776330985982.0,1626356,Gold,2445,RCBKF260201,bonds,3,7,bonds
2026-04-16T15:41:08.299+05:30,1776334252174.0,1776908,Gov,2556,RCBTB260408,bonds,2,4,bonds
2026-04-16T15:41:34.74+05:30,1776334252174.0,1776908,Gov,2554,RCBTB260406,bonds,0,4,bonds
2026-04-16T15:42:07.13+05:30,1776334252174.0,1776908,Gov,2434,RCBAP260201,bonds,3,4,bonds
2026-04-16T16:04:46.635+05:30,1776335337961.0,1791145,Kosa,2553,RCBKM260401,bonds,1,3,bonds
2026-04-16T16:04:55.808+05:30,1776335337961.0,1791145,Kosa,2553,RCBKM260401,bonds,1,3,bonds
2026-04-16T16:05:42.955+05:30,1776335337961.0,1791145,Indel,2500,RCBIM260301,bonds,0,2,bonds
2026-04-16T16:06:37.006+05:30,1776335337961.0,1791145,Indel,2500,RCBIM260301,bonds,0,2,bonds
2026-04-16T16:13:10.197+05:30,1776335337961.0,1791145,Idel,2500,RCBIM260301,bonds,0,1,bonds
2026-04-16T16:13:38.985+05:30,1776335337961.0,1791145,Kosa,2553,RCBKM260401,bonds,1,3,bonds
2026-04-16T16:14:02.004+05:30,1776335337961.0,1791145,Kosa,2239,RCBKM251102,bonds,0,3,bonds
2026-04-16T16:14:51.449+05:30,1776335337961.0,1791145,Navi,2438,RCBNF260202,bonds,0,3,bonds
2026-04-16T16:21:36.356+05:30,1776335337961.0,1791145,early,2542,RCBES260401,bonds,0,1,bonds
2026-04-16T16:25:27.535+05:30,1776335337961.0,1791145,Mut,2104,RCBMM251005,bonds,0,2,bonds
2026-04-16T16:25:39.287+05:30,1776336811245.0,1786140,Akara capitals may,2290,RCBAC251202,bonds,0,3,bonds
2026-04-16T16:31:50.711+05:30,1776337255212.0,1791927,Personal lo,2499,RCBPSL260301,bonds,0,1,bonds
2026-04-16T16:56:12.205+05:30,1776338631601.0,1789158,Gold ,2570,RCBGBBBK260401,basket,0,9,bonds
2026-04-16T17:13:06.433+05:30,1776339510855.0,1792018,6month,2497,RCBNH260301,bonds,2,0,bonds
2026-04-16T17:13:59.444+05:30,1776339817064.0,1791145,Kosa,2239,RCBKM251102,bonds,0,3,bonds
2026-04-16T17:38:53.577+05:30,1776341246968.0,1792095,Gold etf,2566,RCBUG260401,bonds,0,2,bonds
2026-04-16T17:39:48.493+05:30,1776341246968.0,1792095,ETf gold,2570,RCBGBBBK260401,basket,0,3,bonds
2026-04-16T18:02:19.36+05:30,1776342670104.0,800373,India,2471,RCBIC260301,bonds,6,7,bonds
2026-04-16T18:05:10.789+05:30,1776342868702.0,1791678,Paisa,2499,RCBPSL260301,bonds,0,2,bonds
2026-04-16T18:06:13.115+05:30,1776342509757.0,1677329,Basxit,2486,RCBSBBK260301,basket,0,0,bonds
2026-04-16T18:27:38.786+05:30,1776344138460.0,1792201,RBI bonds,2486,RCBSBBK260301,basket,0,1,bonds
2026-04-16T18:36:06.313+05:30,1776344661564.0,1630391,Gold bonds,2570,RCBGBBBK260401,basket,1,2,bonds
2026-04-16T19:13:54.093+05:30,1776346669046.0,1676107,Sell bond,2500,RCBIM260301,bonds,0,0,bonds
2026-04-16T19:19:01.711+05:30,1776347321969.0,1117940,Gold,2539,RCBIM260302,bonds,0,1,bonds
2026-04-16T19:53:09.104+05:30,1776349288272.0,158930,Gold,2104,RCBMM251005,bonds,3,9,bonds
2026-04-16T19:55:02.875+05:30,1776349431014.0,1785739,Paisalo,2499,RCBPSL260301,bonds,0,1,bonds
2026-04-16T19:58:23.355+05:30,1776348605405.0,978939,INE342T07635,2438,RCBNF260202,bonds,0,0,bonds
2026-04-16T20:03:14.853+05:30,1776349804029.0,1263449,Cap,2422,RCBCGL260201,bonds,0,5,bonds
2026-04-16T20:16:28.357+05:30,1776350629946.0,1688918,Ifci,2369,RCBIIFLS260201,bonds,1,0,bonds
2026-04-16T20:17:13.826+05:30,1776349954933.0,1791119,Indel,2214,RCBIM251103,bonds,1,4,bonds
2026-04-16T20:28:12.164+05:30,1776351264134.0,1792440,Incred,2471,RCBIC260301,bonds,0,9,bonds
2026-04-16T20:31:02.74+05:30,1776350629946.0,1688918,Ifci,2369,RCBIIFLS260201,bonds,1,0,bonds
2026-04-16T20:31:36.663+05:30,1776350629946.0,1688918,Iifl,2092,RCBIIFL251001,bonds,0,2,bonds
2026-04-16T20:38:14.371+05:30,1776352052289.0,1785369,Aspero,2446,RCBKF260202,bonds,1,0,bonds
2026-04-16T20:40:44.197+05:30,1776352066207.0,1792440,Incred,2471,RCBIC260301,bonds,0,9,bonds
2026-04-16T20:46:45.653+05:30,1776352592737.0,964008,Adani,2431,RCBAA260201,bonds,0,5,bonds
2026-04-16T20:49:31.801+05:30,1776352478286.0,923611,Kosa,2553,RCBKM260401,bonds,1,3,bonds
2026-04-16T20:57:48.461+05:30,1776353255058.0,1493866,Muf,2571,RCBMMF260401,bonds,0,0,bonds
2026-04-16T21:29:06.362+05:30,1776354969469.0,1792551,Keert,2445,RCBKF260201,bonds,0,1,bonds
2026-04-16T22:07:56.834+05:30,1776357102933.0,1790006,RCBBC260302,2486,RCBSBBK260301,basket,0,0,bonds
2026-04-16T22:22:20.277+05:30,1776357363761.0,1669255,Ugro,2393,RCBKD260201,bonds,0,1,bonds
2026-04-16T22:47:17.784+05:30,1776359632511.0,1778190,Fin,2462,RCBSFL260301,bonds,3,14,bonds
2026-04-16T22:50:27.951+05:30,1776359632511.0,1778190,Satin,2462,RCBSFL260301,bonds,0,1,bonds
2026-04-16T23:03:14.257+05:30,1776360078902.0,1247070,Satin,2462,RCBSFL260301,bonds,0,1,bonds
2026-04-16T23:04:37.487+05:30,1776360078902.0,1247070,Satin,2462,RCBSFL260301,bonds,0,1,bonds
2026-04-16T23:34:04.775+05:30,1776360765902.0,1748474,Gorme,2497,RCBNH260301,bonds,0,0,bonds
2026-04-16T23:36:07.112+05:30,1776360765902.0,1748474,Gorme,2394,RCBRF260201,bonds,2,0,bonds
2026-04-16T23:48:47.885+05:30,1776363456075.0,1610135,1000,2365,RLNXAK260101,sdi,0,1,bonds
2026-04-16T23:49:35.244+05:30,1776363378527.0,976873,Uni,2572,RCBUG260402,bonds,0,2,bonds
2026-04-16T23:57:10.477+05:30,1776363088165.0,135237,Lucina,2092,RCBIIFL251001,bonds,0,1,bonds
2026-04-17T00:11:19.723+05:30,1776364688223.0,1767912,Basket,2486,RCBSBBK260301,basket,0,4,bonds
2026-04-17T00:12:35.548+05:30,1776364688223.0,1767912,Basket,2570,RCBGBBBK260401,basket,1,4,bonds
2026-04-17T00:47:03.612+05:30,1776367018394.0,233,Samm,2565,RCBSC260402,bonds,0,4,bonds
2026-04-17T00:47:49.169+05:30,1776367018394.0,233,Microfi,2571,RCBMMF260401,bonds,0,1,bonds
2026-04-17T03:12:32.178+05:30,1776374020553.0,837259,Bond,2486,RCBSBBK260301,basket,1,2,bonds
2026-04-17T07:20:03.706+05:30,1776390326407.0,1792318,Personal ,2446,RCBKF260202,bonds,0,2,bonds
2026-04-17T08:01:30.811+05:30,1776391862338.0,1358952,INE916Y07065,2365,RLNXAK260101,sdi,0,0,bonds
2026-04-17T08:01:58.623+05:30,1776393049297.0,1623605,1000,2365,RLNXAK260101,sdi,0,1,bonds
2026-04-17T08:05:46.081+05:30,1776391862338.0,1358952,INE04UP07162,2506,RCBBC260302,bonds,0,1,bonds
2026-04-17T08:46:59.621+05:30,1776395792950.0,1733736,Akara,2290,RCBAC251202,bonds,0,2,highyieldfd
2026-04-17T09:18:05.669+05:30,1776397402275.0,1712901,INE08XP07464,2254,RCBAC251201,bonds,0,0,bonds
2026-04-17T09:18:29.949+05:30,1776397570924.0,1793360,Nagendar kumar ,2393,RCBKD260201,bonds,1,0,bonds
2026-04-17T09:26:42.35+05:30,1776398153154.0,1146633,Capri glob,2422,RCBCGL260201,bonds,0,2,bonds
2026-04-17T09:27:02.367+05:30,1776398153154.0,1146633,Capri,2422,RCBCGL260201,bonds,0,4,bonds
2026-04-17T09:41:00.558+05:30,1776398318887.0,1790593,Keerta,2446,RCBKF260202,bonds,0,3,bonds
2026-04-17T09:45:29.878+05:30,1776398344127.0,1793389,Lone,2280,RCBLK251201,bonds,0,1,bonds
2026-04-17T09:52:58+05:30,1776399222174.0,1163076,sat,2462,RCBSFL260301,bonds,0,4,bonds
2026-04-17T09:54:48.364+05:30,1776399846500.0,1607084,Shalibhadra,2290,RCBAC251202,bonds,1,0,bonds
2026-04-17T09:59:55.041+05:30,1776398696491.0,1045539,Muthoot mini,2571,RCBMMF260401,bonds,0,2,bonds
2026-04-17T10:08:06.071+05:30,1776398791996.0,1774840,Dar,2528,RCBDAR260401,bonds,0,4,bonds
2026-04-17T10:15:59.947+05:30,1776400075673.0,1770667,Satin fin,2462,RCBSFL260301,bonds,0,2,bonds
2026-04-17T10:31:28.224+05:30,1776401638824.0,2,nuthoo,2571,RCBMMF260401,bonds,1,2,bonds
2026-04-17T10:31:40.602+05:30,1776401638824.0,2,muthoot,2571,RCBMMF260401,bonds,1,2,bonds
2026-04-17T10:36:02.802+05:30,1776402218622.0,1792914,Akara,2290,RCBAC251202,bonds,0,2,bonds
2026-04-17T10:36:07.495+05:30,1776401574028.0,569751,Kirtana,2393,RCBKD260201,bonds,0,3,bonds
2026-04-17T10:42:32.796+05:30,1776402694169.0,1676361,Nido,2497,RCBNH260301,bonds,0,4,bonds
2026-04-17T10:42:50.168+05:30,1776402694169.0,1676361,Nido,2568,RCBNH260403,bonds,1,4,bonds
2026-04-17T10:43:27.056+05:30,1776402694169.0,1676361,Nido,2497,RCBNH260301,bonds,0,4,bonds
2026-04-17T10:44:16.507+05:30,1776402694169.0,1676361,Nido,2497,RCBNH260301,bonds,0,4,bonds
2026-04-17T10:53:09.166+05:30,1776402694169.0,1676361,Incred,2471,RCBIC260301,bonds,0,10,bonds
2026-04-17T10:54:51.177+05:30,1776402694169.0,1676361,Nido,2497,RCBNH260301,bonds,1,6,bonds
2026-04-17T10:55:04.988+05:30,1776402694169.0,1676361,Nido,1994,RMCBNH250901,bonds,0,6,bonds
2026-04-17T10:55:55.753+05:30,1776402694169.0,1676361,Nido,1994,RMCBNH250901,bonds,0,6,bonds
2026-04-17T10:56:08.634+05:30,1776402694169.0,1676361,Nido,2568,RCBNH260403,bonds,2,6,bonds
2026-04-17T10:56:20.865+05:30,1776402694169.0,1676361,Nido,2280,RCBLK251201,bonds,3,6,bonds
2026-04-17T10:57:03.101+05:30,1776402694169.0,1676361,Lend,2280,RCBLK251201,bonds,0,3,bonds
2026-04-17T10:57:51.54+05:30,1776402694169.0,1676361,Led,1938,RMCBIM250801,bonds,0,0,bonds
2026-04-17T10:58:08.299+05:30,1776402694169.0,1676361,Lend,2280,RCBLK251201,bonds,0,3,bonds
2026-04-17T10:59:29.538+05:30,1776402694169.0,1676361,Nido,2497,RCBNH260301,bonds,1,6,bonds
2026-04-17T10:59:44.355+05:30,1776402694169.0,1676361,Nido,1994,RMCBNH250901,bonds,0,6,bonds
2026-04-17T11:00:01.65+05:30,1776402694169.0,1676361,Nido,1994,RMCBNH250901,bonds,0,6,bonds
2026-04-17T11:00:14.198+05:30,1776402694169.0,1676361,Nido,2497,RCBNH260301,bonds,1,6,bonds
2026-04-17T11:01:04.833+05:30,1776402694169.0,1676361,Nido,1994,RMCBNH250901,bonds,0,6,bonds
2026-04-17T11:01:23.959+05:30,1776402694169.0,1676361,Nido,2497,RCBNH260301,bonds,1,6,bonds
2026-04-17T11:02:07.906+05:30,1776402694169.0,1676361,Nido,1994,RMCBNH250901,bonds,0,6,bonds
2026-04-17T11:02:43.134+05:30,1776402694169.0,1676361,Nido,1994,RMCBNH250901,bonds,0,6,bonds
2026-04-17T11:03:00.786+05:30,1776402694169.0,1676361,Nido,2497,RCBNH260301,bonds,1,6,bonds
2026-04-17T11:08:24.574+05:30,1776404279876.0,1564620,Ap ,2434,RCBAP260201,bonds,0,1,bonds
2026-04-17T11:10:29.906+05:30,1776404279876.0,1564620,Ap st,2434,RCBAP260201,bonds,0,1,bonds
2026-04-17T11:22:09.331+05:30,1776405053693.0,878533,Navi,2393,RCBKD260201,bonds,1,2,bonds
2026-04-17T11:32:07.059+05:30,1776405680351.0,1793717,Gov,2554,RCBTB260406,bonds,0,4,bonds
2026-04-17T11:35:04.708+05:30,1776405305974.0,1793680,Loan loan,2324,RGSEC251205,bonds,1,3,bonds
2026-04-17T11:48:51.598+05:30,1776406025593.0,459296,Navi,2393,RCBKD260201,bonds,1,2,sdi
2026-04-17T11:56:51.241+05:30,1776407166139.0,1425652,Navi,2438,RCBNF260202,bonds,0,3,bonds
2026-04-17T12:04:21.791+05:30,1776407185636.0,1772486,regency,2394,RCBRF260201,bonds,0,1,bonds
2026-04-17T12:24:26.088+05:30,1776408846674.0,1676361,Nido,2568,RCBNH260403,bonds,1,4,bonds
2026-04-17T12:24:35.606+05:30,1776408846674.0,1676361,Nido,2497,RCBNH260301,bonds,0,4,bonds
2026-04-17T12:25:19.955+05:30,1776408846674.0,1676361,Nido,2497,RCBNH260301,bonds,0,4,bonds
2026-04-17T12:34:19.359+05:30,1776408846674.0,1676361,Incred,2471,RCBIC260301,bonds,0,8,bonds
2026-04-17T12:36:23.458+05:30,1776408846674.0,1676361,Incred,2471,RCBIC260301,bonds,0,8,bonds
2026-04-17T12:38:38.038+05:30,1776408846674.0,1676361,Incred,2471,RCBIC260301,bonds,0,8,bonds
2026-04-17T12:42:54.112+05:30,1776409789912.0,1646578,Keerthana ,2393,RCBKD260201,bonds,0,1,bonds
2026-04-17T12:43:32.785+05:30,1776408846674.0,1676361,Lend,2280,RCBLK251201,bonds,0,2,bonds
2026-04-17T13:10:52.72+05:30,1776411633401.0,764620,8637891974,2471,RCBIC260301,bonds,0,0,bonds
2026-04-17T13:29:40.127+05:30,1776412664271.0,1794040,Lone,2280,RCBLK251201,bonds,0,1,bonds
2026-04-17T13:39:24.868+05:30,1776413357932.0,1180511,Paisa,2499,RCBPSL260301,bonds,0,2,bonds
2026-04-17T13:42:52.948+05:30,1776413554172.0,1683190,Akara,2254,RCBAC251201,bonds,0,2,bonds
2026-04-17T13:43:16.055+05:30,1776413496675.0,1794066,Rbi bond,2500,RCBIM260301,bonds,0,2,bonds
2026-04-17T13:59:33.993+05:30,1776414513673.0,1794113,Loan,2365,RLNXAK260101,sdi,0,8,bonds
2026-04-17T14:00:24.207+05:30,1776414556341.0,1003770,Baskets ,2570,RCBGBBBK260401,basket,1,3,bonds
2026-04-17T14:10:16.658+05:30,1776414513673.0,1794113,Loan,2473,RCBCM260301,bonds,4,8,bonds
2026-04-17T14:28:01.137+05:30,1776415871087.0,1794174,Dark,2528,RCBDAR260401,bonds,0,4,bonds
2026-04-17T14:36:04.874+05:30,1776416457206.0,1794200,Loan ,2312,RGSEC251204,bonds,0,6,bonds
2026-04-17T14:36:17.531+05:30,1776416757846.0,1044745,goldbond,2570,RCBGBBBK260401,basket,0,1,bonds
2026-04-17T14:46:45.577+05:30,1776416620009.0,1794205,Personal loan,2499,RCBPSL260301,bonds,0,1,bonds
2026-04-17T14:59:41.109+05:30,1776418148210.0,1791808,Gov,2556,RCBTB260408,bonds,2,4,bonds
2026-04-17T15:26:59.772+05:30,1776419703020.0,744829,Gov,2554,RCBTB260406,bonds,0,4,bonds
2026-04-17T15:53:01.232+05:30,1776421317647.0,1622168,Capri,2422,RCBCGL260201,bonds,0,5,bonds
2026-04-17T15:55:18.124+05:30,1776421317647.0,1622168,Icl fin,2573,RCBAK260401,bonds,6,8,bonds
2026-04-17T16:00:27.437+05:30,1776420223278.0,1794351,Parsonal loan,2499,RCBPSL260301,bonds,0,2,bonds
2026-04-17T16:10:56.761+05:30,1776420223278.0,1794351,Prasnao,2393,RCBKD260201,bonds,0,1,bonds
2026-04-17T16:11:14.31+05:30,1776420223278.0,1794351,Parsonal loan ,2499,RCBPSL260301,bonds,0,1,bonds
2026-04-17T16:11:53.423+05:30,1776420223278.0,1794351,Parsonal loan ,2499,RCBPSL260301,bonds,0,1,bonds
2026-04-17T16:14:26.078+05:30,1776421963969.0,1406485,Government ,2554,RCBTB260406,bonds,0,3,bonds
2026-04-17T16:18:07.268+05:30,1776420223278.0,1794351,Loan ,2473,RCBCM260301,bonds,5,6,bonds
2026-04-17T16:48:07.268+05:30,1776424488216.0,1780737,SHREMINVIT,2554,RCBTB260406,bonds,2,0,bonds
2026-04-17T17:00:43.433+05:30,1776425213742.0,1002347,akara,2290,RCBAC251202,bonds,0,2,bonds
2026-04-17T17:01:18.154+05:30,1776425469431.0,827040,Navi,2438,RCBNF260202,bonds,0,3,bonds
2026-04-17T17:47:26.662+05:30,1776428161642.0,1663295,Moti,2104,RCBMM251005,bonds,0,0,bonds
2026-04-17T17:49:34.596+05:30,1776428161642.0,1663295,Chol,2473,RCBCM260301,bonds,0,1,bonds
2026-04-17T18:00:30.375+05:30,1776429017156.0,1064611,Mcred,2472,RCBMM260301,bonds,2,3,bonds
2026-04-17T18:48:27.91+05:30,1776431889448.0,1786756,Muthoot,2104,RCBMM251005,bonds,0,2,bonds
2026-04-17T18:54:35.343+05:30,1776431889448.0,1786756,Muth,2104,RCBMM251005,bonds,0,2,bonds
2026-04-17T19:01:33.922+05:30,1776432260987.0,1679610,MUT,2472,RCBMM260301,bonds,0,2,bonds
2026-04-17T19:08:39.595+05:30,1776432260987.0,1679610,NIDO,2500,RCBIM260301,bonds,3,4,bonds
2026-04-17T19:09:09.316+05:30,1776432260987.0,1679610,NIDO,2280,RCBLK251201,bonds,2,4,bonds
2026-04-17T19:09:26.812+05:30,1776432260987.0,1679610,NIDO,2568,RCBNH260403,bonds,1,4,bonds
2026-04-17T19:10:25.041+05:30,1776432260987.0,1679610,NID,2497,RCBNH260301,bonds,0,4,bonds
2026-04-17T19:28:02.278+05:30,1776434237925.0,1603877,NTPC bonds,2497,RCBNH260301,bonds,0,0,bonds
2026-04-17T19:30:42.767+05:30,1776434339890.0,1386736,Dar,2528,RCBDAR260401,bonds,0,4,bonds
2026-04-17T19:35:15.253+05:30,1776434339890.0,1386736,Dar,2528,RCBDAR260401,bonds,0,4,bonds
2026-04-17T19:40:01.331+05:30,1776434906099.0,1637340,RBI BONDS,2486,RCBSBBK260301,basket,0,1,bonds
2026-04-17T19:44:53.515+05:30,1776432737367.0,1789167,Navi fin,2462,RCBSFL260301,bonds,1,5,bonds
2026-04-17T19:48:18.174+05:30,1776435481627.0,1144467,Akara,2290,RCBAC251202,bonds,0,1,bonds
2026-04-17T19:49:57.246+05:30,1776435289639.0,1168003,Iifl,2369,RCBIIFLS260201,bonds,1,2,bonds
2026-04-17T19:52:27.172+05:30,1776435720672.0,1793942,Indel,2500,RCBIM260301,bonds,0,2,bonds
2026-04-17T19:52:53.575+05:30,1776435720672.0,1793942,Inde,2500,RCBIM260301,bonds,0,3,bonds
2026-04-17T19:53:35.743+05:30,1776435808650.0,1793942,Inde,2500,RCBIM260301,bonds,0,4,bonds
2026-04-17T20:16:38.967+05:30,1776437190806.0,1786756,Muthoot,2104,RCBMM251005,bonds,0,2,bonds
2026-04-17T20:36:46.286+05:30,1776437190806.0,1786756,Dar,2528,RCBDAR260401,bonds,0,4,bonds
2026-04-17T20:38:45.739+05:30,1776437190806.0,1786756,Akata,2290,RCBAC251202,bonds,0,2,bonds
2026-04-17T20:40:37.113+05:30,1776437190806.0,1786756,Paisa,2499,RCBPSL260301,bonds,0,2,bonds
2026-04-17T20:59:03.825+05:30,1776439728082.0,753990,INE148I07GN9,2565,RCBSC260402,bonds,0,0,sdi
2026-04-17T20:59:56.378+05:30,1776439767633.0,1646578,Dar,2528,RCBDAR260401,bonds,0,4,bonds
2026-04-17T21:03:49.831+05:30,1776439587321.0,1535604,1000,2312,RGSEC251204,bonds,1,0,bonds
2026-04-17T21:04:14.529+05:30,1776440014699.0,1786820,100,2092,RCBIIFL251001,bonds,2,0,bonds
2026-04-17T21:31:53.221+05:30,1776441484808.0,1794163,Invit,1292,FDUNT240901,high_yield_fd,0,1,bonds
2026-04-17T21:56:23.048+05:30,1776443020222.0,1228908,Vedika,2540,RCBNF260401,bonds,0,0,bonds
2026-04-17T21:59:46.292+05:30,1776442517663.0,1794960,Navi ,2438,RCBNF260202,bonds,0,4,bonds
2026-04-17T22:21:58.619+05:30,1776444702778.0,1657171,A p ,2434,RCBAP260201,bonds,0,1,bonds
2026-04-17T22:32:00.04+05:30,1776444999084.0,1713112,Depth funds,2438,RCBNF260202,bonds,0,0,bonds
2026-04-17T22:44:20.751+05:30,1776445552880.0,1717301,Progfin Private Limited,2540,RCBNF260401,bonds,1,0,bonds
2026-04-17T22:54:58.022+05:30,1776443930333.0,1246385,Akara,2290,RCBAC251202,bonds,0,1,bonds
2026-04-17T23:21:19.899+05:30,1776448257306.0,716028,Gold loan,2566,RCBUG260401,bonds,2,3,bonds
2026-04-17T23:52:11.791+05:30,1776449831291.0,498473,Regen,2394,RCBRF260201,bonds,0,1,bonds
2026-04-18T02:16:32.786+05:30,1776458781396.0,1320427,Akara,2290,RCBAC251202,bonds,0,1,bonds
2026-04-18T06:40:40.166+05:30,1776474590271.0,1057045,Regular payout ,2542,RCBES260401,bonds,0,0,bonds
2026-04-18T08:53:31.562+05:30,1776482469031.0,1262876,Tamil nadu,2446,RCBKF260202,bonds,2,0,bonds
2026-04-18T08:57:27.269+05:30,1776482819498.0,1194253,Ap ,2434,RCBAP260201,bonds,0,1,bonds
2026-04-18T08:58:21.427+05:30,1776482819498.0,1194253,Ap ,2434,RCBAP260201,bonds,0,1,bonds
2026-04-18T09:17:51.336+05:30,1776482819498.0,1194253,Ap ,2434,RCBAP260201,bonds,0,1,bonds
2026-04-18T09:42:47.417+05:30,1776485129811.0,1795713,Loan ,2312,RGSEC251204,bonds,0,5,bonds
2026-04-18T09:43:38.297+05:30,1776485516302.0,1319754,Capri,2422,RCBCGL260201,bonds,0,5,bonds
2026-04-18T09:46:40.064+05:30,1776483775419.0,1426983,Loanx8000june,2318,RCBSPD251201,bonds,1,0,sdi
2026-04-18T10:02:29.732+05:30,1776486560496.0,1791827,Adan,2459,RCBAE260301,bonds,1,7,bonds
2026-04-18T10:02:38.618+05:30,1776486560496.0,1791827,Adani,2431,RCBAA260201,bonds,0,5,bonds
2026-04-18T10:05:04.127+05:30,1776486470041.0,1795766,Loan,2312,RGSEC251204,bonds,0,7,bonds
2026-04-18T10:21:31.073+05:30,1776486149144.0,495805,Unigold,2566,RCBUG260401,bonds,0,1,bonds
2026-04-18T10:23:34.083+05:30,1776487926682.0,407668,Lendin,2528,RCBDAR260401,bonds,1,0,bonds
2026-04-18T10:44:46.808+05:30,1776488916361.0,470794,Akar,2290,RCBAC251202,bonds,0,2,bonds
2026-04-18T10:47:06.963+05:30,1776488916361.0,470794,Aka,2290,RCBAC251202,bonds,0,2,bonds
2026-04-18T10:48:54.091+05:30,1776489426650.0,1655750,Nido,2497,RCBNH260301,bonds,0,2,bonds
2026-04-18T10:57:11.143+05:30,1776488900763.0,1785882,AAA,2423,RCBHDC260201,bonds,0,1,bonds
2026-04-18T11:26:42.98+05:30,1776491777240.0,1002347,span,2318,RCBSPD251201,bonds,0,3,bonds
2026-04-18T11:32:49.949+05:30,1776491777240.0,1002347,spanda,2318,RCBSPD251201,bonds,0,3,bonds
2026-04-18T11:48:26.503+05:30,1776491777240.0,1002347,spa,2318,RCBSPD251201,bonds,0,1,bonds
2026-04-18T12:01:56.09+05:30,1776493895382.0,891738,Muthoot,2472,RCBMM260301,bonds,0,2,bonds
2026-04-18T12:02:41.844+05:30,1776493895382.0,891738,Muthoo,2472,RCBMM260301,bonds,0,2,bonds
2026-04-18T12:03:19.09+05:30,1776493895382.0,891738,Asani,2431,RCBAA260201,bonds,0,4,bonds
2026-04-18T12:16:07.152+05:30,1776491777240.0,1002347,spa,2318,RCBSPD251201,bonds,0,1,bonds
2026-04-18T12:30:40.279+05:30,1776495568637.0,880361,Bill,2554,RCBTB260406,bonds,0,3,highyieldfd
2026-04-18T12:34:45.937+05:30,1776495818499.0,1591753,Araa,2254,RCBAC251201,bonds,0,1,bonds
2026-04-18T12:42:41.255+05:30,1776496326432.0,1700192,Akara,2290,RCBAC251202,bonds,0,1,bonds
2026-04-18T12:43:40.536+05:30,1776494613118.0,1436380,Bajaj finance,2092,RCBIIFL251001,bonds,0,4,highyieldfd
2026-04-18T12:53:01.757+05:30,1776496963222.0,1785838,Paida,2499,RCBPSL260301,bonds,0,3,bonds
2026-04-18T12:57:19.179+05:30,1776496665250.0,1761296,Treasury,2556,RCBTB260408,bonds,2,3,bonds
2026-04-18T13:07:01.163+05:30,1776497357562.0,1790715,Andhra ,2434,RCBAP260201,bonds,0,6,bonds
2026-04-18T13:18:04.291+05:30,1776497460542.0,65534,Lucina,2092,RCBIIFL251001,bonds,0,1,bonds
2026-04-18T13:22:23.314+05:30,1776498701800.0,913910,Fixed deposit,2471,RCBIC260301,bonds,0,0,bonds
2026-04-18T14:04:28.113+05:30,1776501230205.0,1206378,INE0NES07287,2445,RCBKF260201,bonds,0,1,bonds
2026-04-18T14:22:50.393+05:30,1776501886204.0,1725157,Lendingcart,2471,RCBIC260301,bonds,0,0,bonds
2026-04-18T14:30:24.926+05:30,1776502808223.0,1790715,Rbi bonds,2486,RCBSBBK260301,basket,0,1,bonds
2026-04-18T14:31:31.401+05:30,1776502808223.0,1790715,RBI bonds,2486,RCBSBBK260301,basket,0,1,bonds
2026-04-18T14:42:19.014+05:30,1776503422333.0,1388849,Best,2505,RCBBC260301,bonds,0,1,bonds
2026-04-18T14:52:51.135+05:30,1776503939240.0,1725323,Loanx,2312,RGSEC251204,bonds,0,2,highyieldfd
2026-04-18T14:59:39.827+05:30,1776504559717.0,973603,Ugro,2393,RCBKD260201,bonds,0,1,bonds
2026-04-18T15:03:53.739+05:30,1776504058120.0,1796581,Loan,2312,RGSEC251204,bonds,0,7,bonds
2026-04-18T15:05:00.771+05:30,1776504058120.0,1796581,Personal loan,2499,RCBPSL260301,bonds,0,1,bonds
2026-04-18T15:10:46.483+05:30,1776504058120.0,1796581,Personal loan,2499,RCBPSL260301,bonds,0,1,bonds
2026-04-18T15:43:02.01+05:30,1776507156418.0,770071,Muncipal,2471,RCBIC260301,bonds,0,1,bonds
2026-04-18T15:55:39.688+05:30,1776507671044.0,871116,Municipal,2499,RCBPSL260301,bonds,1,0,bonds
2026-04-18T16:09:44.595+05:30,1776508705734.0,1796727,Loan,2312,RGSEC251204,bonds,0,7,bonds
2026-04-18T16:26:11.489+05:30,1776509551527.0,1671959,AP ,2434,RCBAP260201,bonds,0,1,bonds
2026-04-18T17:22:37.698+05:30,1776512549401.0,1796716,Aka,2290,RCBAC251202,bonds,0,2,bonds
2026-04-18T17:24:36.652+05:30,1776509975569.0,1796809,Unity,1292,FDUNT240901,high_yield_fd,0,2,bonds
2026-04-18T17:28:14.548+05:30,1776513476229.0,891738,Muthh,2571,RCBMMF260401,bonds,0,1,bonds
2026-04-18T17:36:26.711+05:30,1776513476229.0,891738,Adani,2431,RCBAA260201,bonds,0,4,sdi
2026-04-18T17:48:43.053+05:30,1776514667816.0,1762164,Hudco,2423,RCBHDC260201,bonds,0,1,bonds
2026-04-18T18:05:17.375+05:30,1776514927355.0,911297,Satin,2462,RCBSFL260301,bonds,0,1,bonds
2026-04-18T18:26:56.674+05:30,1776516501482.0,1789565,Pai,2499,RCBPSL260301,bonds,0,3,bonds
2026-04-18T19:37:01.808+05:30,1776520891626.0,1797029,Indian ,2500,RCBIM260301,bonds,0,2,bonds
2026-04-18T20:08:47.131+05:30,1776523099717.0,1796613,Tax free,2423,RCBHDC260201,bonds,0,1,bonds
2026-04-18T20:09:51.514+05:30,1776523099717.0,1796613,Tax,2423,RCBHDC260201,bonds,0,1,bonds
2026-04-18T20:20:26.462+05:30,1776523572869.0,816275,Rbi,2554,RCBTB260406,bonds,0,3,bonds
2026-04-18T20:21:17.515+05:30,1776523572869.0,816275,Rbi,2556,RCBTB260408,bonds,2,3,bonds
2026-04-18T20:28:08.959+05:30,1776524139464.0,1671694,Shri,1095,FDSRF240601,high_yield_fd,0,1,bonds
2026-04-18T20:31:09.695+05:30,1776523743293.0,1788567,Sundaram finances ,2471,RCBIC260301,bonds,1,2,bonds
2026-04-18T20:38:54.525+05:30,1776524918136.0,1792580,Akara,2254,RCBAC251201,bonds,0,1,bonds
2026-04-18T21:13:33.396+05:30,1776526983569.0,1797178,Capri,2422,RCBCGL260201,bonds,0,5,bonds
2026-04-18T21:17:33.007+05:30,1776526983569.0,1797178,Cap,2422,RCBCGL260201,bonds,0,6,bonds
2026-04-18T21:22:03.53+05:30,1776527177683.0,70178,Nav,2438,RCBNF260202,bonds,0,7,bonds
2026-04-18T21:37:36.88+05:30,1776528207857.0,1079418,Muthoot Mcred,2571,RCBMMF260401,bonds,0,1,bonds
2026-04-18T22:04:43.503+05:30,1776529769533.0,682311,Infrastructure bond,2431,RCBAA260201,bonds,1,0,bonds
2026-04-18T22:07:04.465+05:30,1776530209495.0,1630550,Aka,2290,RCBAC251202,bonds,0,2,highyieldfd
2026-04-18T22:13:26.038+05:30,1776524966166.0,1797156,Mut,2571,RCBMMF260401,bonds,0,1,bonds
2026-04-18T22:29:50.734+05:30,1776531550686.0,1729259,TAX,2423,RCBHDC260201,bonds,0,1,bonds
2026-04-18T22:34:09.739+05:30,1776530655247.0,1797255,Capri global ,2422,RCBCGL260201,bonds,0,3,bonds
2026-04-18T22:34:33.498+05:30,1776530655247.0,1797255,Capri,2558,RMCBCGL251201,bonds,1,5,bonds
2026-04-18T22:35:10.487+05:30,1776530655247.0,1797255,Capri,2422,RCBCGL260201,bonds,0,5,bonds
2026-04-18T22:58:44.856+05:30,1776533240160.0,91235,Navi,2438,RCBNF260202,bonds,0,3,bonds
2026-04-18T23:20:31.606+05:30,1776534298783.0,1797344,Best ,2506,RCBBC260302,bonds,0,1,bonds
2026-04-18T23:24:57.863+05:30,1776534821147.0,1791808,Govt ,2571,RCBMMF260401,bonds,0,1,bonds
2026-04-18T23:25:14.579+05:30,1776534821147.0,1791808,Gov,2554,RCBTB260406,bonds,0,4,bonds
2026-04-18T23:25:39.784+05:30,1776534821147.0,1791808,Gov,2556,RCBTB260408,bonds,2,4,bonds
2026-04-18T23:25:59.423+05:30,1776534821147.0,1791808,Gov,2556,RCBTB260408,bonds,2,4,bonds
2026-04-18T23:27:51.901+05:30,1776534821147.0,1791808,Gov,2434,RCBAP260201,bonds,3,4,bonds
2026-04-18T23:28:17.843+05:30,1776534821147.0,1791808,Gov,2554,RCBTB260406,bonds,0,4,bonds
2026-04-18T23:42:30.201+05:30,1776535917692.0,1064611,Mcred,1239,FDSRY240901,high_yield_fd,0,0,bonds
2026-04-19T00:49:35.754+05:30,1776538991991.0,1797445,Loan,2312,RGSEC251204,bonds,0,7,highyieldfd
2026-04-19T01:00:10.95+05:30,1776539525818.0,1554127,Baj,2431,RCBAA260201,bonds,0,0,highyieldfd
2026-04-19T06:36:17.737+05:30,1776560656014.0,1796613,Tax,2423,RCBHDC260201,bonds,0,1,sdi
2026-04-19T09:12:52.231+05:30,1776568922985.0,1797745,Loan,2312,RGSEC251204,bonds,0,7,bonds
2026-04-19T09:16:15.655+05:30,1776570362771.0,797093,Nido,2497,RCBNH260301,bonds,0,2,bonds
2026-04-19T09:17:27.23+05:30,1776568922985.0,1797745,Loan,2542,RCBES260401,bonds,6,7,bonds
2026-04-19T09:33:30.752+05:30,1776571318382.0,1797811,3000,1239,FDSRY240901,high_yield_fd,0,0,bonds
2026-04-19T09:51:05.663+05:30,1776572000642.0,1797763,Personal loan,2499,RCBPSL260301,bonds,0,1,bonds
2026-04-19T10:32:14.076+05:30,1776574908146.0,1621214,Indiabulls,2500,RCBIM260301,bonds,0,1,bonds
2026-04-19T10:32:18.213+05:30,1776574693751.0,1553010,Unif,1292,FDUNT240901,high_yield_fd,1,2,bonds
2026-04-19T10:38:20.17+05:30,1776574363959.0,254989,Akara,2290,RCBAC251202,bonds,0,1,bonds
2026-04-19T10:40:27.406+05:30,1776575391522.0,1797255,Akara,2393,RCBKD260201,bonds,0,0,bonds
2026-04-19T10:46:51.696+05:30,1776575662345.0,1797957,Muth,2104,RCBMM251005,bonds,0,2,bonds
2026-04-19T10:46:56.317+05:30,1776575391522.0,1797255,Capri,2422,RCBCGL260201,bonds,0,4,bonds
2026-04-19T10:47:05.642+05:30,1776575391522.0,1797255,Capri,2558,RMCBCGL251201,bonds,1,4,bonds
2026-04-19T10:47:22.49+05:30,1776575391522.0,1797255,Capri,2558,RMCBCGL251201,bonds,1,4,bonds
2026-04-19T10:58:52.649+05:30,1776575734438.0,1573055,Akara,2290,RCBAC251202,bonds,0,1,bonds
2026-04-19T11:04:49.696+05:30,1776576741483.0,1312687,Western,2505,RCBBC260301,bonds,0,0,bonds
2026-04-19T11:20:54.954+05:30,1776577475065.0,1701233,Indel,2500,RCBIM260301,bonds,0,2,bonds
2026-04-19T11:34:48.752+05:30,1776578652195.0,1790073,Gold,2570,RCBGBBBK260401,basket,1,7,bonds
2026-04-19T11:42:10.889+05:30,1776575662345.0,1797957,Muthoot,2104,RCBMM251005,bonds,0,2,bonds
2026-04-19T11:44:37.524+05:30,1776579138150.0,1697281,Akme,2573,RCBAK260401,bonds,0,2,bonds
2026-04-19T11:48:39.281+05:30,1776579356993.0,1798122,Personal loan,2499,RCBPSL260301,bonds,0,1,bonds
2026-04-19T12:06:16.102+05:30,1776580079680.0,1002202,Keertana,2393,RCBKD260201,bonds,0,1,bonds
2026-04-19T12:06:47.989+05:30,1776580509301.0,1754261,AAA,2423,RCBHDC260201,bonds,0,1,bonds
2026-04-19T12:07:39.449+05:30,1776580018417.0,1796613,Mut,2571,RCBMMF260401,bonds,0,1,bonds
2026-04-19T12:22:00.322+05:30,1776581420037.0,1737700,Navi,2540,RCBNF260401,bonds,0,1,bonds
2026-04-19T12:29:32.456+05:30,1776581679464.0,1578646,Zero tds bonds,2446,RCBKF260202,bonds,0,0,bonds
2026-04-19T12:45:58.796+05:30,1776582941963.0,1770667,Satin,2462,RCBSFL260301,bonds,0,1,bonds
2026-04-19T12:49:28.627+05:30,1776583112993.0,328154,Bomds,2486,RCBSBBK260301,basket,0,0,bonds
2026-04-19T13:48:19.745+05:30,1776586071269.0,1197879,Best,2505,RCBBC260301,bonds,0,1,bonds
2026-04-19T13:48:53.903+05:30,1776586625865.0,412139,Rbi,2556,RCBTB260408,bonds,2,3,bonds
2026-04-19T13:50:07.001+05:30,1776586591800.0,1619872,Nido,2497,RCBNH260301,bonds,0,2,bonds
2026-04-19T13:50:22.475+05:30,1776586591800.0,1619872,Nido,2500,RCBIM260301,bonds,1,2,bonds
2026-04-19T13:51:44.997+05:30,1776586591800.0,1619872,Indel,2500,RCBIM260301,bonds,0,2,bonds
2026-04-19T14:12:34.845+05:30,1776587932308.0,967791,Adami,2459,RCBAE260301,bonds,1,2,bonds
2026-04-19T14:42:32.44+05:30,1776589406640.0,1798558,Loan,2473,RCBCM260301,bonds,3,7,bonds
2026-04-19T14:47:23.958+05:30,1776589824278.0,1696918,Loons ,2312,RGSEC251204,bonds,0,2,bonds
2026-04-19T14:59:02.341+05:30,1776590898276.0,1437071,Best finance,2092,RCBIIFL251001,bonds,1,4,bonds
2026-04-19T15:39:12.814+05:30,1776593312704.0,974901,Trea,2554,RCBTB260406,bonds,0,6,bonds
2026-04-19T15:40:10.088+05:30,1776593312704.0,974901,Treasury bill,2556,RCBTB260408,bonds,2,3,bonds
2026-04-19T15:40:21.473+05:30,1776593253542.0,1798685,9122312194,2473,RCBCM260301,bonds,2,0,bonds
2026-04-19T15:40:21.582+05:30,1776593312704.0,974901,Treasury ,2555,RCBTB260407,bonds,1,3,bonds
2026-04-19T15:47:27.112+05:30,1776593706920.0,1759158,Telangana ,2318,RCBSPD251201,bonds,0,2,bonds
2026-04-19T16:18:47.021+05:30,1776595376385.0,1791047,Akme,2290,RCBAC251202,bonds,0,1,bonds
2026-04-19T16:41:30.663+05:30,1776596982825.0,1798796,Goi,2572,RCBUG260402,bonds,2,3,bonds
2026-04-19T16:44:22.303+05:30,1776596982825.0,1798796,Goi,2572,RCBUG260402,bonds,2,3,bonds
2026-04-19T17:16:16.418+05:30,1776599162003.0,1676210,Incred,2471,RCBIC260301,bonds,0,5,bonds
2026-04-19T17:17:50.745+05:30,1776599162003.0,1676210,Incr,2471,RCBIC260301,bonds,0,2,bonds
2026-04-19T17:26:27.796+05:30,1776599303608.0,1793536,Iff,2369,RCBIIFLS260201,bonds,1,2,bonds
2026-04-19T17:27:40.752+05:30,1776599844953.0,1521782,akara,2290,RCBAC251202,bonds,0,1,bonds
2026-04-19T17:28:33.294+05:30,1776598827397.0,1798846,Personal loan,2499,RCBPSL260301,bonds,0,1,bonds
2026-04-19T17:39:28.322+05:30,1776600488434.0,1798889,Muth,2571,RCBMMF260401,bonds,1,2,bonds
2026-04-19T18:05:54.991+05:30,1776602120397.0,1014603,Ashokleyland ,2473,RCBCM260301,bonds,0,1,bonds
2026-04-19T18:42:44.206+05:30,1776603489255.0,1121239,Shri Ram finance corporation ,2439,RCBIIFLS260202,bonds,0,0,bonds
2026-04-19T19:01:25.049+05:30,1776605396231.0,491491,Capri,2422,RCBCGL260201,bonds,0,5,bonds
2026-04-19T19:02:02.82+05:30,1776605396231.0,491491,Capri,2422,RCBCGL260201,bonds,0,5,bonds
2026-04-19T20:11:07.362+05:30,1776609527362.0,1746520,Golf,2566,RCBUG260401,bonds,0,1,bonds
2026-04-19T20:19:23.128+05:30,1776608981130.0,1001174,Paisa,2499,RCBPSL260301,bonds,0,2,bonds
2026-04-19T20:20:45.274+05:30,1776610120908.0,632308,Monthly interest ,2104,RCBMM251005,bonds,2,0,bonds
2026-04-19T21:47:09.728+05:30,1776615249294.0,1799240,Sovereign ,2312,RGSEC251204,bonds,0,2,bonds
2026-04-19T22:10:25.311+05:30,1776615207661.0,1416387,Piramal,2473,RCBCM260301,bonds,1,2,bonds
2026-04-19T22:12:00.962+05:30,1776615207661.0,1416387,Ada,2431,RCBAA260201,bonds,0,2,bonds
2026-04-19T22:21:43.472+05:30,1776615113875.0,19385,T bill,2556,RCBTB260408,bonds,2,0,bonds
2026-04-19T22:34:15.127+05:30,1776617685841.0,112510,Nest,2505,RCBBC260301,bonds,0,1,bonds
2026-04-19T22:41:02.901+05:30,1776617685841.0,112510,Navi,2438,RCBNF260202,bonds,0,2,bonds
2026-04-19T22:42:03.574+05:30,1776618655830.0,1795247,Muthoo,2104,RCBMM251005,bonds,0,2,bonds
2026-04-19T23:32:20.084+05:30,1776621654553.0,1573186,Bandhan ,2318,RCBSPD251201,bonds,0,1,bonds
2026-04-20T00:20:01.292+05:30,1776624574390.0,1791808,Gov,2555,RCBTB260407,bonds,1,4,bonds
2026-04-20T00:34:22.952+05:30,1776625324521.0,1792914,Akara,2290,RCBAC251202,bonds,0,1,bonds
2026-04-20T03:17:31.537+05:30,1776634737422.0,1799662,Airtel peyment ,2542,RCBES260401,bonds,0,0,bonds
2026-04-20T03:26:55.759+05:30,1776635274462.0,1799669,10000,2104,RCBMM251005,bonds,0,0,bonds
2026-04-20T07:49:52.455+05:30,1776650987922.0,1790593,Span,2318,RCBSPD251201,bonds,0,3,bonds
2026-04-20T07:50:33.456+05:30,1776650987922.0,1790593,Spand,2318,RCBSPD251201,bonds,0,3,bonds
2026-04-20T08:06:54.566+05:30,1776652578963.0,1799818,HDB Financial Services,2471,RCBIC260301,bonds,0,1,bonds
2026-04-20T08:10:40.669+05:30,1776650987922.0,1790593,Uni,2566,RCBUG260401,bonds,0,2,bonds
2026-04-20T08:17:10.203+05:30,1776650987922.0,1790593,Navi,2438,RCBNF260202,bonds,0,2,bonds
2026-04-20T09:09:17.879+05:30,1776656064904.0,1799901,Tulasinaik ,2393,RCBKD260201,bonds,0,0,bonds
2026-04-20T09:33:00.297+05:30,1776656252160.0,1790593,Muthoot,2472,RCBMM260301,bonds,0,2,bonds
2026-04-20T09:33:25.297+05:30,1776657780959.0,911297,Satin,2462,RCBSFL260301,bonds,0,1,bonds
2026-04-20T09:40:15.113+05:30,1776656252160.0,1790593,Kraz,2290,RCBAC251202,bonds,0,1,bonds
2026-04-20T09:43:06.828+05:30,1776658058377.0,1799929,Daily,2542,RCBES260401,bonds,0,2,bonds
2026-04-20T09:44:28.706+05:30,1776657780959.0,911297,Sat,2462,RCBSFL260301,bonds,0,3,bonds
2026-04-20T10:23:11.458+05:30,1776660735117.0,515646,Ap state,2434,RCBAP260201,bonds,0,1,bonds
2026-04-20T10:24:03.211+05:30,1776660780128.0,1800022,Rbi,2554,RCBTB260406,bonds,0,3,bonds
2026-04-20T10:33:48.736+05:30,1776660735117.0,515646,Ap sta,2434,RCBAP260201,bonds,0,3,bonds
2026-04-20T10:55:06.631+05:30,1776662525359.0,1784843,Capri,2558,RMCBCGL251201,bonds,1,4,bonds
2026-04-20T10:55:41.139+05:30,1776662525359.0,1784843,Capti,2422,RCBCGL260201,bonds,0,5,bonds
2026-04-20T11:07:15.826+05:30,1776662535457.0,66144,Kosa,2388,RCBKM260101,bonds,0,2,bonds
2026-04-20T11:07:31.371+05:30,1776663389412.0,520495,Navi,2438,RCBNF260202,bonds,0,2,bonds
2026-04-20T11:10:37.989+05:30,1776663491348.0,1482146,Kana,2393,RCBKD260201,bonds,0,3,bonds
2026-04-20T11:33:24.437+05:30,1776664943778.0,1800152,Loin,2434,RCBAP260201,bonds,2,0,bonds
2026-04-20T11:35:11.983+05:30,1776665087915.0,1181383,Rbi,2556,RCBTB260408,bonds,2,3,bonds
2026-04-20T11:51:09.536+05:30,1776664906090.0,1800011,Muthoot mcred,2571,RCBMMF260401,bonds,0,1,bonds
2026-04-20T11:52:51.342+05:30,1776665874742.0,1709560,Aka,2393,RCBKD260201,bonds,0,1,bonds
2026-04-20T11:53:20.422+05:30,1776665874742.0,1709560,Keertana,2393,RCBKD260201,bonds,0,1,bonds
2026-04-20T11:58:23.021+05:30,1776665544812.0,1710675,Akara,2290,RCBAC251202,bonds,0,1,bonds
2026-04-20T12:00:14.99+05:30,1776666522909.0,1797255,Capri,2422,RCBCGL260201,bonds,0,4,bonds
2026-04-20T12:00:20.902+05:30,1776666478624.0,1202656,akm,2290,RCBAC251202,bonds,0,4,bonds
2026-04-20T12:01:27.061+05:30,1776666500659.0,1790805,Keerthana,2393,RCBKD260201,bonds,0,1,bonds
2026-04-20T12:01:32.087+05:30,1776666522909.0,1797255,Capri,2422,RCBCGL260201,bonds,0,4,bonds
2026-04-20T12:05:34.564+05:30,1776665534157.0,771627,hudco,2423,RCBHDC260201,bonds,0,1,bonds
2026-04-20T12:07:39.941+05:30,1776666836979.0,1280047,Spandann,2318,RCBSPD251201,bonds,0,1,bonds
2026-04-20T12:14:39.516+05:30,1776666753766.0,1797936,Spandana,2318,RCBSPD251201,bonds,0,3,bonds
2026-04-20T12:15:21.951+05:30,1776667500678.0,1794767,Kanakdurga,2393,RCBKD260201,bonds,0,1,bonds
2026-04-20T12:16:48.546+05:30,1776666753766.0,1797936,Fibe,2394,RCBRF260201,bonds,1,0,bonds
2026-04-20T12:21:03.312+05:30,1776666753766.0,1797936,Krazy,2393,RCBKD260201,bonds,1,0,bonds
2026-04-20T12:30:13.439+05:30,1776668286833.0,1800286,Silver,2554,RCBTB260406,bonds,2,0,bonds
2026-04-20T12:39:12.991+05:30,1776667500678.0,1794767,Kanakdurga,2393,RCBKD260201,bonds,0,1,bonds
2026-04-20T13:08:57.79+05:30,1776670702639.0,23050,54e,2438,RCBNF260202,bonds,0,0,bonds
2026-04-20T13:15:14.544+05:30,1776670524497.0,1800362,Ioen,2578,RCBMFN260402,bonds,0,1,bonds
2026-04-20T13:21:32.054+05:30,1776671393721.0,1333747,Indian,2500,RCBIM260301,bonds,2,5,bonds
2026-04-20T14:03:44.527+05:30,1776673994630.0,1787186,Iifl,2369,RCBIIFLS260201,bonds,0,1,bonds
2026-04-20T14:30:33.711+05:30,1776675142853.0,1791808,Gov,2554,RCBTB260406,bonds,0,4,bonds
2026-04-20T14:51:52.916+05:30,1776676863625.0,1747260,IRBINVIT,2573,RCBAK260401,bonds,0,0,bonds
2026-04-20T14:53:33.221+05:30,1776676971643.0,1800580,Loan,2473,RCBCM260301,bonds,2,5,bonds
2026-04-20T14:57:57.037+05:30,1776677173235.0,1776253,Rbi,2556,RCBTB260408,bonds,2,3,bonds
2026-04-20T14:59:32.046+05:30,1776676971643.0,1800580,Parsonal loan,2499,RCBPSL260301,bonds,0,2,bonds
2026-04-20T15:06:18.014+05:30,1776677363048.0,1753804,Akara,2393,RCBKD260201,bonds,0,0,bonds
2026-04-20T15:10:11.148+05:30,1776677667453.0,1400576,Akara,2393,RCBKD260201,bonds,0,0,bonds
2026-04-20T15:34:02.377+05:30,1776679410553.0,728001,Om power,2459,RCBAE260301,bonds,0,0,bonds
2026-04-20T15:40:20.57+05:30,1776679266847.0,66144,Kos,2388,RCBKM260101,bonds,0,1,bonds
2026-04-20T16:09:43.754+05:30,1776681177043.0,1791808,Gov,2554,RCBTB260406,bonds,0,4,bonds
2026-04-20T16:25:14.869+05:30,1776681777016.0,1788135,Sati,2462,RCBSFL260301,bonds,0,2,bonds
2026-04-20T16:42:58.07+05:30,1776683548068.0,1623969,Paisa,2499,RCBPSL260301,bonds,0,2,bonds
2026-04-20T16:44:25.262+05:30,1776683612888.0,1800755,Mufeen ,2578,RCBMFN260402,bonds,0,1,bonds
2026-04-20T16:46:11.595+05:30,1776683612888.0,1800755,Muf,2578,RCBMFN260402,bonds,0,1,bonds
2026-04-20T17:03:30.961+05:30,1776684773998.0,1663295,Moti,2104,RCBMM251005,bonds,0,0,bonds
2026-04-20T17:41:31.533+05:30,1776687065980.0,1794960,Tata capital ,2506,RCBBC260302,bonds,0,1,bonds
2026-04-20T17:58:27.269+05:30,1776687733252.0,942983,Finkurve ,2564,RCBMFN260401,bonds,2,7,bonds
2026-04-20T18:01:03.423+05:30,1776688160545.0,1800921,Goi bonds,2312,RGSEC251204,bonds,0,1,bonds
2026-04-20T18:29:27.623+05:30,1776689714891.0,1765947,Indel,2500,RCBIM260301,bonds,0,2,bonds
2026-04-20T18:32:01.955+05:30,1776689714891.0,1765947,Tata,2388,RCBKM260101,bonds,0,1,bonds
2026-04-20T18:35:43.421+05:30,1776690174317.0,1471682,Navi,2438,RCBNF260202,bonds,0,2,bonds
2026-04-20T19:20:00.995+05:30,1776691056326.0,1801018,Dmart ,2528,RCBDAR260401,bonds,0,1,bonds
2026-04-20T19:25:18.229+05:30,1776692999773.0,832214,500,1239,FDSRY240901,high_yield_fd,0,0,bonds
2026-04-20T19:50:40.97+05:30,1776694783761.0,1742703,Spa,2318,RCBSPD251201,bonds,0,1,bonds
2026-04-20T19:51:46.84+05:30,1776694364512.0,1801085,Sip,2530,RCBEDW260401,bonds,0,0,bonds
2026-04-20T20:21:52.662+05:30,1776696563292.0,964782,Greter,2578,RCBMFN260402,bonds,0,1,bonds
2026-04-20T20:24:44.069+05:30,1776694147061.0,768319,Iifl,2369,RCBIIFLS260201,bonds,0,1,bonds
2026-04-20T20:24:59.756+05:30,1776694147061.0,768319,Paisalo,2499,RCBPSL260301,bonds,0,1,bonds
2026-04-20T20:25:19.163+05:30,1776694147061.0,768319,Kosa,2388,RCBKM260101,bonds,0,1,bonds
2026-04-20T20:25:57.649+05:30,1776694147061.0,768319,Satin,2462,RCBSFL260301,bonds,0,1,bonds
2026-04-20T20:27:30.571+05:30,1776696502903.0,1616284,Navi,2438,RCBNF260202,bonds,0,2,bonds
2026-04-20T20:27:58.548+05:30,1776696502903.0,1616284,Navi,2438,RCBNF260202,bonds,0,2,bonds
2026-04-20T20:40:15.328+05:30,1776697780977.0,623738,Muthoot,2104,RCBMM251005,bonds,0,1,bonds
2026-04-20T20:47:26.508+05:30,1776698228400.0,1207534,Paisalo,2499,RCBPSL260301,bonds,0,1,bonds
2026-04-20T20:49:05.088+05:30,1776698228400.0,1207534,Paisalo,2499,RCBPSL260301,bonds,0,1,bonds
2026-04-20T20:50:23.732+05:30,1776698369639.0,907134,Paisa,2499,RCBPSL260301,bonds,0,2,bonds
2026-04-20T20:58:22.243+05:30,1776698228400.0,1207534,Indel,2500,RCBIM260301,bonds,0,2,bonds
2026-04-20T21:09:00.251+05:30,1776699006786.0,1364078,Kana,2393,RCBKD260201,bonds,0,2,bonds
2026-04-20T21:27:56.477+05:30,1776700667144.0,907134,Paisala,2499,RCBPSL260301,bonds,0,3,bonds
2026-04-20T21:28:16.647+05:30,1776700667144.0,907134,Paisal,2499,RCBPSL260301,bonds,0,3,bonds
2026-04-20T21:37:34.203+05:30,1776699006786.0,1364078,Lic,2431,RCBAA260201,bonds,3,8,bonds
2026-04-20T21:40:21.805+05:30,1776699006786.0,1364078,Tata,2388,RCBKM260101,bonds,0,1,bonds
2026-04-20T21:41:50.978+05:30,1776699006786.0,1364078,Baja,2570,RCBGBBBK260401,basket,1,0,bonds
2026-04-20T21:44:04.334+05:30,1776699006786.0,1364078,Ada,2431,RCBAA260201,bonds,0,2,bonds
2026-04-20T21:44:13.929+05:30,1776697545708.0,1800953,Edelweiss financial services ,2462,RCBSFL260301,bonds,2,0,bonds
2026-04-20T21:44:14.093+05:30,1776699006786.0,1364078,Ada,2459,RCBAE260301,bonds,1,2,bonds
2026-04-20T21:44:39.455+05:30,1776699006786.0,1364078,Ada,2431,RCBAA260201,bonds,0,2,bonds
2026-04-20T21:45:32.598+05:30,1776699006786.0,1364078,Adani,2431,RCBAA260201,bonds,0,3,bonds
2026-04-20T21:46:15.448+05:30,1776701350503.0,1793097,Gover,2554,RCBTB260406,bonds,0,3,bonds
2026-04-20T21:58:42.11+05:30,1776701983592.0,1794643,Keertana,2393,RCBKD260201,bonds,0,1,bonds
2026-04-20T22:14:14.098+05:30,1776703419466.0,1801338,Loan,2312,RGSEC251204,bonds,0,5,bonds
2026-04-20T22:14:56.654+05:30,1776703419466.0,1801338,Personal loan,2499,RCBPSL260301,bonds,0,1,bonds
2026-04-20T22:15:32.115+05:30,1776699006786.0,1364078,Ada,2431,RCBAA260201,bonds,0,2,bonds
2026-04-20T22:17:55.956+05:30,1776703463942.0,1801340,Rbi bond,2500,RCBIM260301,bonds,0,2,bonds
2026-04-20T22:23:01.735+05:30,1776703827466.0,923611,Keertana,2393,RCBKD260201,bonds,0,1,bonds
2026-04-20T22:50:10.525+05:30,1776705534506.0,215667,Ugro,2393,RCBKD260201,bonds,0,1,bonds
2026-04-20T23:01:03.981+05:30,1776705819174.0,1801400,Ncds,2104,RCBMM251005,bonds,0,0,bonds
2026-04-20T23:08:33.016+05:30,1776703827466.0,923611,Adani,2459,RCBAE260301,bonds,1,3,bonds
2026-04-20T23:15:55.048+05:30,1776705785691.0,273261,Tata,2388,RCBKM260101,bonds,0,1,bonds
2026-04-20T23:25:11.02+05:30,1776705785691.0,273261,Capri,2422,RCBCGL260201,bonds,0,3,bonds
2026-04-20T23:31:48.594+05:30,1776707754522.0,1560185,Government,2554,RCBTB260406,bonds,0,3,bonds
2026-04-20T23:32:15.745+05:30,1776706461900.0,1776420,Finnable cre,2572,RCBUG260402,bonds,2,0,bonds
2026-04-20T23:42:41.548+05:30,,1801482,Gold ,2539,RCBIM260302,bonds,0,1,baskets
2026-04-20T23:50:58.059+05:30,1776709214443.0,674849,Government ,2556,RCBTB260408,bonds,2,3,bonds
2026-04-21T00:01:57.664+05:30,1776709457292.0,203158,Mufi,2564,RCBMFN260401,bonds,0,1,bonds
2026-04-21T00:28:10.783+05:30,1776710363876.0,1481151,Zero coupon bonds ,2486,RCBSBBK260301,basket,0,0,sdi
2026-04-21T02:32:32.075+05:30,1776718071144.0,1665107,Sunn,1239,FDSRY240901,high_yield_fd,0,0,bonds
2026-04-21T04:12:18.336+05:30,1776722548715.0,1801684,Ugro,2393,RCBKD260201,bonds,0,1,bonds
2026-04-21T04:25:11.298+05:30,1776722665396.0,1801554,105,2104,RCBMM251005,bonds,0,0,bonds
2026-04-21T06:27:40.026+05:30,1776732940019.0,1801749,Gov,2556,RCBTB260408,bonds,2,4,bonds
2026-04-21T06:31:51.536+05:30,1776733102793.0,768319,Ear,2542,RCBES260401,bonds,0,1,bonds
2026-04-21T06:55:08.262+05:30,1776734404830.0,1801764,Loan,2312,RGSEC251204,bonds,0,6,bonds
2026-04-21T08:15:41.078+05:30,1776739528541.0,1532058,Paisalo,2499,RCBPSL260301,bonds,0,1,bonds
2026-04-21T08:18:38.105+05:30,1776739528541.0,1532058,Navi finserv,2438,RCBNF260202,bonds,0,2,bonds
2026-04-21T08:19:49.524+05:30,1776739571252.0,1170751,Bask,2486,RCBSBBK260301,basket,0,3,bonds
2026-04-21T08:20:48.759+05:30,1776739811889.0,1801866,RBI floating,2312,RGSEC251204,bonds,0,1,bonds
2026-04-21T08:47:10.229+05:30,1776740902280.0,822936,Akar,2393,RCBKD260201,bonds,0,1,bonds
2026-04-21T08:49:07.031+05:30,1776741418754.0,1801899,Mufin,2540,RCBNF260401,bonds,0,2,bonds
2026-04-21T08:56:36.851+05:30,1776741987102.0,1794767,Kanakdurga,2393,RCBKD260201,bonds,0,1,bonds
2026-04-21T09:01:00.149+05:30,1776741987102.0,1794767,Kanak,2393,RCBKD260201,bonds,0,2,bonds
2026-04-21T09:35:27.778+05:30,1776744312794.0,1364078,Ada,2431,RCBAA260201,bonds,0,2,bonds
2026-04-21T09:37:25.648+05:30,1776744312794.0,1364078,Kos,2388,RCBKM260101,bonds,0,1,bonds
2026-04-21T09:42:29.627+05:30,1776744312794.0,1364078,Kos,2388,RCBKM260101,bonds,0,1,bonds
2026-04-21T09:42:49.873+05:30,1776744312794.0,1364078,Kos,2388,RCBKM260101,bonds,0,1,bonds
2026-04-21T09:48:23.84+05:30,1776744988594.0,570664,And,2434,RCBAP260201,bonds,1,9,bonds
2026-04-21T09:58:33.205+05:30,1776745653470.0,771627,Pai,2499,RCBPSL260301,bonds,0,2,bonds
2026-04-21T10:00:25.322+05:30,1776745806264.0,1388035,Akme,2573,RCBAK260401,bonds,0,1,bonds
2026-04-21T10:02:21.282+05:30,1776745911164.0,1800759,Kosh,2388,RCBKM260101,bonds,0,1,sdi
2026-04-21T10:07:52.317+05:30,1776745653470.0,771627,pai,2499,RCBPSL260301,bonds,0,2,bonds
2026-04-21T10:11:41.348+05:30,1776743417283.0,1801944,Loan,2312,RGSEC251204,bonds,0,6,bonds
2026-04-21T10:18:50.497+05:30,1776746924338.0,1364078,Kosa,2388,RCBKM260101,bonds,0,1,bonds
2026-04-21T10:27:36.593+05:30,1776747238850.0,998539,Dvara,2528,RCBDAR260401,bonds,0,1,bonds
2026-04-21T10:54:55.928+05:30,1776749015975.0,1802119,Ceiling,2394,RCBRF260201,bonds,0,0,bonds
2026-04-21T11:10:36.141+05:30,1776749352178.0,1802131,Loan,2393,RCBKD260201,bonds,1,6,bonds
2026-04-21T11:10:45.47+05:30,1776750036935.0,1364078,Kos,2388,RCBKM260101,bonds,0,1,bonds
2026-04-21T11:16:33.115+05:30,1776750374250.0,1015344,Navadhan,2393,RCBKD260201,bonds,0,1,sdi
2026-04-21T11:19:36.076+05:30,1776749941785.0,885448,Nido,2497,RCBNH260301,bonds,0,2,bonds
2026-04-21T11:55:41.046+05:30,1776750951336.0,978568,Dvara,2528,RCBDAR260401,bonds,0,1,bonds
2026-04-21T11:58:31.19+05:30,1776752810904.0,867047,Microfin,2564,RCBMFN260401,bonds,0,0,bonds
2026-04-21T12:04:13.676+05:30,1776753247073.0,1364078,Adani,2431,RCBAA260201,bonds,0,3,bonds
2026-04-21T12:13:07.86+05:30,1776753744348.0,1797255,Capri,2422,RCBCGL260201,bonds,0,3,bonds
2026-04-21T12:19:46.197+05:30,1776754149339.0,1802312,Ada,2431,RCBAA260201,bonds,0,2,bonds
2026-04-21T12:21:58.809+05:30,1776753247073.0,1364078,Ada,2431,RCBAA260201,bonds,0,2,bonds
2026-04-21T12:22:10.806+05:30,1776753247073.0,1364078,Kos,2388,RCBKM260101,bonds,0,1,bonds
2026-04-21T12:23:25.32+05:30,1776753247073.0,1364078,Aaa,2423,RCBHDC260201,bonds,0,1,bonds
2026-04-21T12:33:21.261+05:30,1776753247073.0,1364078,Pais,2499,RCBPSL260301,bonds,0,1,bonds
2026-04-21T12:38:38.763+05:30,1776753247073.0,1364078,Kos,2388,RCBKM260101,bonds,0,1,bonds
2026-04-21T12:52:29.509+05:30,1776755926090.0,786145,Adani,2431,RCBAA260201,bonds,0,2,bonds
2026-04-21T13:36:44.595+05:30,1776758722407.0,1802481,Sbi,2369,RCBIIFLS260201,bonds,1,0,bonds
2026-04-21T14:47:36.235+05:30,1776762284929.0,1800929,Capri,2422,RCBCGL260201,bonds,0,3,bonds
2026-04-21T15:33:11.977+05:30,1776765759327.0,771627,pai,2499,RCBPSL260301,bonds,0,2,bonds
2026-04-21T15:38:38.206+05:30,1776765130191.0,1802612,National roadways ,2499,RCBPSL260301,bonds,0,0,bonds
2026-04-21T15:55:42.302+05:30,1776767039445.0,1797869,Best,2506,RCBBC260302,bonds,0,1,bonds
2026-04-21T17:09:39.237+05:30,1776771466235.0,793263,Navi ,2438,RCBNF260202,bonds,0,4,bonds
2026-04-21T17:11:55.823+05:30,1776771587940.0,1535665,Span,2318,RCBSPD251201,bonds,0,3,bonds
2026-04-21T17:26:54.148+05:30,1776769968531.0,678386,Inde,2500,RCBIM260301,bonds,0,4,bonds
2026-04-21T17:36:35.771+05:30,1776771386056.0,1801684,U gro,2564,RCBMFN260401,bonds,0,0,bonds
2026-04-21T17:36:38.299+05:30,1776773079714.0,1800755,Mufin,2578,RCBMFN260402,bonds,0,7,bonds
2026-04-21T17:38:20.401+05:30,1776773079714.0,1800755,Muf,2578,RCBMFN260402,bonds,0,1,bonds
2026-04-21T17:39:13.638+05:30,1776773079714.0,1800755,Mufi,2578,RCBMFN260402,bonds,0,1,bonds
2026-04-21T17:50:44.804+05:30,1776773079714.0,1800755,Mufin,2578,RCBMFN260402,bonds,0,7,bonds
2026-04-21T18:06:43.244+05:30,1776773224089.0,931243,Muf,2578,RCBMFN260402,bonds,0,1,bonds
2026-04-21T18:24:28.314+05:30,1776775751561.0,1749449,Navi,2438,RCBNF260202,bonds,0,2,bonds
2026-04-21T18:54:56.962+05:30,1776777149649.0,1803041,7day,1239,FDSRY240901,high_yield_fd,0,1,highyieldfd
2026-04-21T19:06:01.521+05:30,1776778191849.0,1524832,Gov,2434,RCBAP260201,bonds,3,4,bonds
2026-04-21T19:38:41.609+05:30,1776778675301.0,1803080,Satin,2462,RCBSFL260301,bonds,0,1,bonds
2026-04-21T19:42:42.299+05:30,1776780716522.0,1116645,iifl,2092,RCBIIFL251001,bonds,0,2,bonds
2026-04-21T20:43:32.313+05:30,1776783867813.0,1803206,Idea,2570,RCBGBBBK260401,basket,0,0,bonds
2026-04-21T20:56:37.554+05:30,1776785030874.0,719348,Nav,2438,RCBNF260202,bonds,0,6,bonds
2026-04-21T20:56:44.477+05:30,1776785184077.0,1786930,Sovereign ,2312,RGSEC251204,bonds,0,1,bonds
2026-04-21T22:15:33.948+05:30,1776789268223.0,971508,Muthoot ,2104,RCBMM251005,bonds,0,1,bonds
2026-04-21T22:59:59.125+05:30,1776791404216.0,1773893,Aaa,2423,RCBHDC260201,bonds,0,1,bonds
2026-04-21T23:04:18.701+05:30,1776792803082.0,721455,loan,2446,RCBKF260202,bonds,4,6,bonds
2026-04-21T23:05:54.529+05:30,1776792875348.0,1520139,1000,2312,RGSEC251204,bonds,1,0,bonds
2026-04-21T23:06:09.268+05:30,1776792875348.0,1520139,1000,1239,FDSRY240901,high_yield_fd,0,0,bonds
2026-04-21T23:23:38.95+05:30,1776793602427.0,1803457,Slice enterprises ,2459,RCBAE260301,bonds,0,1,bonds
2026-04-21T23:23:42.207+05:30,1776794011170.0,1232728,Muthoot,2104,RCBMM251005,bonds,0,1,bonds
2026-04-21T23:24:47.782+05:30,1776794011170.0,1232728,Best c,2506,RCBBC260302,bonds,0,1,bonds
2026-04-21T23:50:41.473+05:30,1776795213897.0,776909,Ugro,2393,RCBKD260201,bonds,0,1,bonds
2026-04-21T23:53:50.23+05:30,1776795385893.0,1058507,Iifl,2369,RCBIIFLS260201,bonds,0,1,sdi
2026-04-22T00:15:48.757+05:30,1776797024628.0,203158,Nido,2497,RCBNH260301,bonds,0,2,bonds
2026-04-22T01:35:35.269+05:30,1776801887284.0,1612709,Gover,2556,RCBTB260408,bonds,2,3,bonds
2026-04-22T01:35:52.23+05:30,1776801887284.0,1612709,Government ,2554,RCBTB260406,bonds,0,3,bonds
2026-04-22T01:36:42.858+05:30,1776801887284.0,1612709,Gov,2555,RCBTB260407,bonds,1,4,bonds
2026-04-22T01:37:01.288+05:30,1776801887284.0,1612709,Government ,2556,RCBTB260408,bonds,2,3,bonds
2026-04-22T01:37:14.937+05:30,1776801887284.0,1612709,Gover,2554,RCBTB260406,bonds,0,3,bonds
2026-04-22T02:02:12.057+05:30,1776803276284.0,1797111,Muthoot fincorp,2394,RCBRF260201,bonds,1,2,bonds
2026-04-22T02:18:09.408+05:30,1776804458293.0,1801456,adani,2459,RCBAE260301,bonds,1,4,bonds
2026-04-22T02:33:59.357+05:30,1776805289120.0,1803680,Invoice ,2572,RCBUG260402,bonds,0,1,bonds
2026-04-22T06:12:36.155+05:30,1776818448735.0,1399971,Nav,2438,RCBNF260202,bonds,0,5,bonds
2026-04-22T06:32:07.941+05:30,1776819664126.0,1803760,Government,2540,RCBNF260401,bonds,1,0,bonds
2026-04-22T07:12:48.773+05:30,1776821885595.0,1188907,Akme,2573,RCBAK260401,bonds,0,1,bonds
2026-04-22T07:14:36.261+05:30,1776821885595.0,1188907,Indel,2500,RCBIM260301,bonds,0,2,bonds
2026-04-22T07:15:45.386+05:30,1776821885595.0,1188907,Indel,2500,RCBIM260301,bonds,0,2,bonds
2026-04-22T07:16:34.231+05:30,1776821885595.0,1188907,Ifl,2369,RCBIIFLS260201,bonds,0,1,bonds
2026-04-22T07:17:40.56+05:30,1776821885595.0,1188907,Ifl f,2369,RCBIIFLS260201,bonds,0,3,bonds
2026-04-22T07:43:42.933+05:30,1776823853585.0,1310198,Kanak,2393,RCBKD260201,bonds,0,3,bonds
2026-04-22T08:11:20.268+05:30,1776821585318.0,1803782,RBI ,2422,RCBCGL260201,bonds,0,2,bonds
2026-04-22T08:26:51.502+05:30,1776826596264.0,726745,Rbi,2554,RCBTB260406,bonds,0,2,bonds
2026-04-22T08:51:42.289+05:30,1776828072877.0,867047,Mufin,2564,RCBMFN260401,bonds,0,6,bonds
2026-04-22T09:00:25.472+05:30,1776827735814.0,1481126,Akara ca,2393,RCBKD260201,bonds,1,0,bonds
2026-04-22T09:31:18.586+05:30,1776829090401.0,22930,Nav,2438,RCBNF260202,bonds,0,5,bonds
2026-04-22T09:41:12.731+05:30,1776829090401.0,22930,Nav,2438,RCBNF260202,bonds,0,5,bonds
2026-04-22T10:02:04.922+05:30,1776832259217.0,1681418,navi,2438,RCBNF260202,bonds,0,2,bonds
2026-04-22T10:21:16.345+05:30,1776833059405.0,1804067,Loan,2312,RGSEC251204,bonds,0,6,bonds
2026-04-22T10:47:56.937+05:30,1776834992371.0,870686,Navi,2438,RCBNF260202,bonds,0,2,bonds
2026-04-22T10:52:27.011+05:30,1776835319668.0,1252187,Arma,2579,RCBAMF260401,bonds,0,2,bonds
2026-04-22T11:07:45.554+05:30,1776836238437.0,1057781,arman,2580,RCBAMF260402,bonds,0,4,bonds
2026-04-22T11:20:01.126+05:30,1776836002718.0,369863,Kan,2393,RCBKD260201,bonds,0,4,bonds
2026-04-22T11:21:11.078+05:30,1776835043782.0,1422082,Navi,2438,RCBNF260202,bonds,0,3,bonds
2026-04-22T11:22:23.042+05:30,1776837054642.0,1188907,Ifl,2369,RCBIIFLS260201,bonds,0,1,bonds
2026-04-22T11:23:14.924+05:30,1776837054642.0,1188907,Akara ,2393,RCBKD260201,bonds,1,0,bonds
2026-04-22T11:27:22.581+05:30,1776837054642.0,1188907,Indel,2500,RCBIM260301,bonds,0,1,bonds
2026-04-22T11:28:39.446+05:30,1776837463362.0,1804204,Rbi,2554,RCBTB260406,bonds,0,2,bonds
2026-04-22T11:37:13.876+05:30,1776837427538.0,1694892,Inde,2500,RCBIM260301,bonds,0,2,bonds
2026-04-22T11:38:04.844+05:30,1776838014317.0,1280703,Armaan,2579,RCBAMF260401,bonds,0,1,bonds
2026-04-22T12:26:19.973+05:30,1776840031404.0,1804280,Personnel loan,2312,RGSEC251204,bonds,0,0,bonds
2026-04-22T12:39:14.098+05:30,1776841471737.0,1695765,Ifl,2369,RCBIIFLS260201,bonds,0,1,bonds
2026-04-22T12:46:39.639+05:30,1776841642959.0,1362260,Dar credits ,2528,RCBDAR260401,bonds,0,1,bonds
2026-04-22T12:51:20.628+05:30,1776842447715.0,233,Satin,2462,RCBSFL260301,bonds,0,1,bonds
2026-04-22T12:53:04.818+05:30,1776841733187.0,338889,Bonds,2570,RCBGBBBK260401,basket,1,0,bonds
2026-04-22T12:54:51.692+05:30,1776842242464.0,1804360,Lone ,2578,RCBMFN260402,bonds,2,0,bonds
2026-04-22T12:55:23.586+05:30,1776842492171.0,415762,Satin,2462,RCBSFL260301,bonds,0,1,bonds
2026-04-22T12:55:39.828+05:30,1776842447715.0,233,Satin,2462,RCBSFL260301,bonds,0,1,bonds
2026-04-22T12:56:08.326+05:30,1776842492171.0,415762,Satin,2462,RCBSFL260301,bonds,0,1,bonds
2026-04-22T13:01:22.712+05:30,1776842492171.0,415762,Mufin,2564,RCBMFN260401,bonds,0,7,bonds
2026-04-22T13:02:53.047+05:30,1776842447715.0,233,Navi,2438,RCBNF260202,bonds,0,2,bonds
2026-04-22T13:04:09.47+05:30,1776840776719.0,1803481,62 Day Bond ,2473,RCBCM260301,bonds,0,0,bonds
2026-04-22T13:04:37.863+05:30,1776842492171.0,415762,Navi,2438,RCBNF260202,bonds,0,2,bonds
2026-04-22T13:04:53.081+05:30,1776842492171.0,415762,Navi,2438,RCBNF260202,bonds,0,2,bonds
2026-04-22T13:05:22.482+05:30,1776842492171.0,415762,Navi,2438,RCBNF260202,bonds,0,2,bonds
2026-04-22T13:05:32.778+05:30,1776843166956.0,582216,Kbnbfc,2570,RCBGBBBK260401,basket,1,0,bonds
2026-04-22T13:08:25.614+05:30,1776842492171.0,458292,Keert,2446,RCBKF260202,bonds,0,1,bonds
2026-04-22T13:24:52.919+05:30,1776844403942.0,1804442,RBI Bonds,2486,RCBSBBK260301,basket,0,1,bonds
2026-04-22T13:29:25.001+05:30,1776844652133.0,1700192,Aka,2393,RCBKD260201,bonds,0,1,bonds
2026-04-22T13:35:31.539+05:30,1776844608139.0,1577267,Akme,2573,RCBAK260401,bonds,0,1,bonds
2026-04-22T13:37:43.433+05:30,1776844868888.0,1054468,Akme,2573,RCBAK260401,bonds,0,1,bonds
2026-04-22T13:40:07.01+05:30,1776844868888.0,1054468,Arman,2579,RCBAMF260401,bonds,0,2,bonds
2026-04-22T13:41:30.969+05:30,1776844868888.0,1054468,Berar,2542,RCBES260401,bonds,0,1,bonds
2026-04-22T13:46:50.838+05:30,1776844868888.0,1054468,Mufin,2564,RCBMFN260401,bonds,0,7,bonds
2026-04-22T14:10:33.025+05:30,1776846809850.0,1771636,Nido,2497,RCBNH260301,bonds,0,2,bonds
2026-04-22T14:14:05.734+05:30,1776847166129.0,1791678,Paisa,2499,RCBPSL260301,bonds,0,1,bonds
2026-04-22T14:24:44.884+05:30,1776847782273.0,1044717,Sip,2583,RCBEDW260405,bonds,0,0,bonds
2026-04-22T14:26:04.802+05:30,1776847076970.0,1779165,Basket gold bond ,2570,RCBGBBBK260401,basket,0,1,bonds
2026-04-22T14:48:33.175+05:30,1776849497326.0,20110,navi,2438,RCBNF260202,bonds,0,2,bonds
2026-04-22T14:50:03.043+05:30,1776849497326.0,20110,navi,2438,RCBNF260202,bonds,0,2,bonds
2026-04-22T15:56:59.16+05:30,1776853586154.0,1644077,Navi,2438,RCBNF260202,bonds,0,3,bonds
2026-04-22T15:59:26.274+05:30,1776853489030.0,1804717,Satya ,2462,RCBSFL260301,bonds,0,2,highyieldfd
2026-04-22T16:00:28.696+05:30,1776853733519.0,1749013,Amazon shopping voucher ,2580,RCBAMF260402,bonds,0,0,bonds
2026-04-22T16:02:01.379+05:30,1776853850448.0,315304,Navi,2438,RCBNF260202,bonds,0,3,bonds
2026-04-22T16:10:07.074+05:30,1776854394478.0,1038370,Samman,2369,RCBIIFLS260201,bonds,2,3,bonds
2026-04-22T16:12:11.306+05:30,1776854394478.0,1038370,Sat,2462,RCBSFL260301,bonds,0,2,bonds
2026-04-22T16:13:07.2+05:30,1776854533453.0,1789295,Sachin kumar ,2581,RCBLK260401,bonds,0,0,bonds
2026-04-22T16:17:02.903+05:30,1776854383896.0,1804752,Parsnal loan ,2499,RCBPSL260301,bonds,0,1,bonds
2026-04-22T16:33:39.842+05:30,1776855744586.0,1804798,Loan,2312,RGSEC251204,bonds,0,7,bonds
2026-04-22T16:38:10.821+05:30,1776855530938.0,1298134,Sip,2530,RCBEDW260401,bonds,0,0,sdi
2026-04-22T17:06:05.511+05:30,1776857568216.0,1283384,Edl,2583,RCBEDW260405,bonds,1,2,bonds
2026-04-22T17:19:15.269+05:30,1776858450727.0,1804877,RBI bonds,2486,RCBSBBK260301,basket,0,1,highyieldfd
2026-04-22T17:33:36.356+05:30,1776858919089.0,1804890,Loan ,2499,RCBPSL260301,bonds,3,5,bonds
2026-04-22T17:47:47.622+05:30,1776859415346.0,1606723,Pai,2499,RCBPSL260301,bonds,0,2,bonds
2026-04-22T18:14:17.916+05:30,1776861760601.0,1737207,Government of india,2477,RCBTB260305,bonds,1,4,bonds
2026-04-22T18:20:51.728+05:30,1776861364101.0,1709121,Mufin,2564,RCBMFN260401,bonds,0,7,bonds
2026-04-22T18:28:08.24+05:30,1776862378887.0,1803012,Incred,2471,RCBIC260301,bonds,0,6,bonds
2026-04-22T18:32:54.772+05:30,1776862717541.0,1663295,Arma,2580,RCBAMF260402,bonds,0,4,bonds
2026-04-22T18:33:28.992+05:30,1776862717541.0,1663295,U gr,2585,RCBUG260404,bonds,0,3,bonds
2026-04-22T18:55:16.102+05:30,1776864222960.0,22930,Navi,2438,RCBNF260202,bonds,0,2,highyieldfd
2026-04-22T19:05:33.869+05:30,1776864906949.0,1778636,Akm,2573,RCBAK260401,bonds,0,3,bonds
2026-04-22T19:07:45.048+05:30,1776864804838.0,1369384,Government of India bond ,2477,RCBTB260305,bonds,0,3,bonds
2026-04-22T19:45:43.915+05:30,1776867185289.0,1774028,RBI bond,2500,RCBIM260301,bonds,0,2,bonds
2026-04-22T20:02:59.596+05:30,1776868306063.0,1805313,Berger,2446,RCBKF260202,bonds,0,1,bonds
2026-04-22T20:14:27.85+05:30,1776868505178.0,895754,Tbill,2386,RCBTB260113,bonds,0,0,bonds
2026-04-22T20:14:48.91+05:30,1776868988086.0,1804959,Personal loan,2499,RCBPSL260301,bonds,0,1,bonds
2026-04-22T20:15:24.305+05:30,1776868505178.0,895754,Govt,2434,RCBAP260201,bonds,0,1,bonds
2026-04-22T20:15:39.186+05:30,1776868505178.0,895754,Bill,2477,RCBTB260305,bonds,1,4,bonds
2026-04-22T21:17:58.7+05:30,1776872776046.0,1406824,Rbi bond,2570,RCBGBBBK260401,basket,1,2,bonds
2026-04-22T21:21:52.041+05:30,1776872956492.0,44126,Akme,2573,RCBAK260401,bonds,0,1,bonds
2026-04-22T21:27:43.271+05:30,1776872541512.0,1547327,Mufin green,2564,RCBMFN260401,bonds,0,1,bonds
2026-04-22T21:37:09.614+05:30,1776872541512.0,1547327,Mufin green ,2564,RCBMFN260401,bonds,0,1,bonds
2026-04-22T22:45:38.936+05:30,1776877954353.0,1767230,Sat,2462,RCBSFL260301,bonds,0,3,bonds
2026-04-22T22:59:57.512+05:30,1776878366146.0,522168,Satin,2462,RCBSFL260301,bonds,0,1,bonds
2026-04-22T23:08:10.529+05:30,1776879345670.0,1805618,Muthoo,2104,RCBMM251005,bonds,0,1,bonds
2026-04-22T23:11:24.068+05:30,1776879526060.0,1803101,Rbi floating bond,2312,RGSEC251204,bonds,0,0,bonds
2026-04-22T23:15:52.238+05:30,1776879871873.0,22930,Gol,2570,RCBGBBBK260401,basket,1,7,bonds
2026-04-22T23:20:15.797+05:30,1776880118295.0,10421,Andhra,2434,RCBAP260201,bonds,0,3,bonds
2026-04-22T23:42:00.038+05:30,1776881510792.0,1044745,Spand,2318,RCBSPD251201,bonds,0,2,bonds
2026-04-22T23:50:25.282+05:30,1776881995218.0,1752441,Kanak,2393,RCBKD260201,bonds,0,2,bonds
