channel_handle,snapshot_date,pattern,video_count,avg_views
@fixedreturnsacademy,2026-05-18,question_title,109,1572.2
@fixedreturnsacademy,2026-05-18,rupee_or_number,67,1860.6
@fixedreturnsacademy,2026-05-18,emoji,6,1284.0
@fixedreturnsacademy,2026-05-19,question_title,109,1575.9
@fixedreturnsacademy,2026-05-19,rupee_or_number,67,1864.5
@fixedreturnsacademy,2026-05-19,emoji,6,1284.7
@fixedreturnsacademy,2026-05-20,question_title,110,1584.1
@fixedreturnsacademy,2026-05-20,rupee_or_number,67,1882.4
@fixedreturnsacademy,2026-05-20,emoji,6,1289.5
