channel_handle,snapshot_date,video_id,title,published_at,views,likes,comments,duration_sec,tags,category,is_question_title,has_rupee_or_number,has_emoji,title_length
@fixedreturnsacademy,2026-05-18,f5_rnm2EACE,How India's Gold Imports Are Killing India's Economy?,2026-05-18T13:45:26Z,91,2,0,107,"why modi said not to buy gold,india economy crisis,gold import india,India gold crisis,gold crisis india,modi on gold,india foreign reserves,pm modi on gold,stop buying gold,india economy news,gold news,indian economy crisis,indian economy,is india in trouble",Other,True,False,False,53
@fixedreturnsacademy,2026-05-18,pPV9Qq3zfVA,How to Make 1 Lakh Extra | FD vs Corporate Bonds Explained,2026-05-17T15:38:42Z,45,4,1,121,"how to earn 1 lakh per month,how to earn money,how to invest in bonds,how to invest 10k,investment ideas,fd vs bonds,sbi fd interest rates 2026,invest in bonds,invest in fd,investment in bonds in india,investment in bonds,how to calculate returns,grip invest,ytvideo,bondbsc",FD Comparison,True,True,False,58
@fixedreturnsacademy,2026-05-18,t6BRr8GT2X0,Why Gold Is So Expensive?,2026-05-15T13:25:04Z,248,3,0,90,"gold news today,gold price india,pm modi on gold,modi on gold,gold tarriff,gold import duty increase,why gold price increase,indian economy,gold india,don't buy gold,indian economy modi,ytshort,why gold is so expensive",Other,True,False,False,25
@fixedreturnsacademy,2026-05-18,ne0SHCwm33Q,Best way to Invest in FD!,2026-05-14T13:31:52Z,1244,21,2,175,"fd interest,how to make money,fd interest calculation,fd interest rate,sbi fd,sbi fd interest rate,sbi fd interest rate 2026,how to make money online",FD Comparison,False,False,False,25
@fixedreturnsacademy,2026-05-18,syn9YGLZtqk,Why PM Modi Said “Don’t Buy Gold”,2026-05-13T13:46:52Z,2345,21,1,110,"modi statement on gold,modi on gold,modi on gold purchase,gold news,gold news today,pm modi gold news,modi announcement on gold,why modi said not to buy gold,pm modi on gold,gold news by modi,gold tariff news",Other,True,False,False,33
@fixedreturnsacademy,2026-05-18,yHFJnlVoQ-Y,"How To Earn ₹50,000 More From Your FD",2026-05-11T13:51:00Z,316,11,2,218,"fd interest,sbi fd interest rates 2026,sbi fd,what is fixed deposit,fd laddering concept,how to earn more money,fd interest calculation,fd investment,Bondbyd,ytvideo",FD Comparison,True,True,False,37
@fixedreturnsacademy,2026-05-18,cg3C4aZ9rrQ,How To Buy Gold EGR?,2026-05-10T11:35:22Z,9475,130,8,104,"How to buy gold egr,What is egr gold,Gold egr,NSE egr,Electronic gold receipt,How to buy egr,Egr gold,Gold egr explained,How to buy gold,Buy gold egr,NSE gold,NSE gold egr,egr gold investment,ytshort",Other,True,False,False,20
@fixedreturnsacademy,2026-05-18,v0ddjbcDCjU,How to Buy RBI Floating Rate Savings Bonds?,2026-05-05T13:04:16Z,721,17,0,179,"how to invest in rbi bonds,how to invest in rbi floating rate savings bonds,floating rate bonds rbi,how to buy rbi floating rate bond,rbi floating bonds interest rate,rbi bonds online,how to buy rbi bonds,rbi bonds investment,rbi government bonds,how to buy rbi bonds online,buy rbi bonds online,rbi bond interest rate,rbi savings bond,rbi floating rate bonds,bonds investment,how to purchase rbi bonds,how to invest in rbi bonds online",Bond Types,True,False,False,43
@fixedreturnsacademy,2026-05-18,4p4tSRmWE8A,Form 121 Explained in 90 Seconds | Avoid TDS Mistakes,2026-05-04T12:24:54Z,1133,6,0,111,"form 121,form 121 explained,form 121 india,form 121 income tax,form 121 vs 15g,form 121 vs 15h,tds form 121,how to avoid tds,tds explained india,income tax india 2026,new tds rules india,form 15g replacement,form 15h replacement,save tax india,tax saving tips india,itr filing india,income tax forms india,how to fill form 121,form 121 download,zero tax tds india,financial literacy india,personal finance india",Taxation,False,True,False,53
@fixedreturnsacademy,2026-05-18,kmGElnMhReA,"What Are RBI Floating Rate Savings Bonds? Interest, Tax Rules & How to Invest?",2026-05-01T13:53:36Z,417,16,1,199,"how to invest in rbi bonds,how to invest in rbi floating rate savings bonds,floating rate bonds rbi,how to buy rbi floating rate bond,rbi floating bonds interest rate,rbi bonds online,how to buy rbi bonds,rbi bonds investment,rbi government bonds,how to buy rbi bonds online,buy rbi bonds online,rbi bond interest rate,rbi savings bond,rbi floating rate bonds,bonds investment,how to purchase rbi bonds,how to invest in rbi bonds online",Taxation,True,False,False,78
@fixedreturnsacademy,2026-05-18,N6gto1xExQU,"Before You Submit Form 121, Watch This 🚨",2026-04-29T12:27:11Z,310,3,0,121,"who should file form 121,how to fill form 121,how to fill form no 121,form no 121 how to fill,how to fill up form 121,form 121 kaise bhare,form 121 mistakes,form 121 deadline,form 121 last date,form 121 tds exemption,tds exemption form 121,form 121 income tax,form 121 india,form 121 hindi,form 121 guide,form 121 tutorial,form 121 step by step,form 121 online,form 121 sbi,form 15g,form 15h,form 15g replacement,form 15h replacement,new tds form india",Taxation,False,True,True,40
@fixedreturnsacademy,2026-05-18,fcDOUaxqEus,Don’t Do These Mistakes While Filing Form 121,2026-04-24T11:06:52Z,249,4,0,113,"form 121 mistakes,form 121 filing 2026,form 121 kaise file kare,form 121 download online,how to file form 121,form 121 tds exemption,tds exemption form 121,form 121 questions,form 121 details explained,form 121 rules,form 121 instructions,form 121 fill up,what is form 121,form 15g filling,form 121 new rules,common questions form 121,how to fill form 121,form 121 income tax,income tax form 121,form 121 kaise bhare",Taxation,False,True,False,45
@fixedreturnsacademy,2026-05-18,0RJMTEKdmNQ,"Form 121 FAQ Guide (2026): Eligibility, TDS & Submission Rules",2026-04-23T14:07:21Z,769,12,3,228,"form 121 faq,form 121 explained,form 121 india,how to fill form 121,form 121 eligibility,form 121 rules,form 121 tds exemption,form 15g 15h new form,tds form india,tax saving india,income tax india 2026,personal finance india,form 121 guide,form 121 mistakes,tds rules india",Taxation,False,True,False,62
@fixedreturnsacademy,2026-05-18,Cc0fpaL3QuE,FD Investor? Don't Fill Form 121 Before Watching This,2026-04-23T12:30:15Z,429,8,0,156,"how to fill form 121 for bank fd,how to fill form 121 for tds,how to fill form 121,fill form 121,form 121 fill up in bengali,form 121 how to fill,how to fill form no 121,how to fill up form 121,form 121 fill up,how to fill 121 form,form 121 for fd,form 121 filled sample,form 121 filing,form 121 kaise file kare,form 15g and 15h se form 121 kaise different he ?,form 121 filing 2026,form 121 hindi",FD Comparison,False,True,False,53
@fixedreturnsacademy,2026-05-18,-2dgYOXZRu4,"Sending ₹10,000+ via UPI? RBI's New Rule May Change This Soon",2026-04-22T10:20:11Z,323,9,0,99,"rbi upi rule,upi new rules 2026,rbi upi update,upi payment rule india,upi transaction limit 10000,upi delay rule rbi,upi fraud prevention india,digital payment rules india,rbi digital payment rules,upi latest news india,upi changes 2026,upi transaction delay,upi safety rules india,upi scam prevention,rbi guidelines upi,upi news today india,net banking rules india,rbi payment rules update,upi big update india,upi security rules,rbi 10000 upi rule",Risk/Safety,False,True,False,61
@fixedreturnsacademy,2026-05-18,vnkOhp1oYqg,FD Interest? Don’t Fill Form 121 Without Watching This,2026-04-21T12:31:14Z,5031,51,9,156,"form 121,form 121 for fd,how to fill form 121,fd interest tds,tds on fd interest india,avoid tds on fd,form 121 step by step,form 121 explained,form 121 senior citizens,tds exemption form india,fixed deposit tax india,income tax india 2026,form 15g 15h new form,personal finance india,tax saving india",Taxation,False,True,False,54
@fixedreturnsacademy,2026-05-18,-1M6EhgJCEU,👉 Skip the Long Process — Fill Form 121 Like This 👀,2026-04-21T12:26:22Z,127,5,0,103,"form 121,form 121 how to fill,form 121 grip invest,form 121 step by step,tds exemption form,form 121 india,form 15g 15h new form,tds on fd interest,form 121 explained,form 121 online,tax saving india,fixed deposit tds rules,form 121 for fd,tds rules india,how to fill form 121 online,grip invest form 121",Taxation,False,True,True,51
@fixedreturnsacademy,2026-05-18,kejSAVX_dv4,Filling Form 121? Watch This First,2026-04-20T17:27:02Z,9603,124,1,177,"form 121 how to fill,form 121 step by step,form 121 india,tds exemption form,how to avoid tds,form 15g 15h new form,tax saving india,income tax india,personal finance india,form 121 explained,tds form india,how to fill form 121 correctly,tax planning india,121 form fill up 2026,form 121 fill up in hindi,how to fill up form 121,form 121 fill up step by step,sbi 121 form fillup,from 121 fill up,how to fill form 121,fill form 121 online",Taxation,False,True,False,34
@fixedreturnsacademy,2026-05-18,yZCqBhwKsvc,Form 121 Mistakes You Must Avoid (TDS Guide 2026),2026-04-17T13:25:15Z,15157,142,20,202,"how to fill form 121,form 121 how to fill,how to fill form no 121,how to fill up form 121,how to fill 121 form,how to fill form 121 online,form no 121 how to fill,how to fill form 121 axis bank,how to fill form 121 for bank fd,how to fill form 121 income tax,how to fill up form 121 online,how to fill form 121 explained in hindi,how to file form 121,how to fill form 15g,form 15h how to fill,form 121 fill up,tds form 121",Taxation,False,True,False,49
@fixedreturnsacademy,2026-05-18,yM5utxc_yJs,Gold is down 11% — 3 smart ways to buy it,2026-04-17T10:30:44Z,278,6,0,94,"how to invest in gold,how to invest in digital gold,how to invest in gold in india,how to invest in gold etfs india,how to invest in gold for beginners,best day to invest in gold,akshay tritiya gold investment,where to buy gold on akshaya tritiya,gold buying akshaya tritiya,akshaya tritiya gold buying,buy gold akshaya tritiya,akshaya tritiya gold,invest in gold india,gold buying on akshaya tritiya",Other,False,True,False,41
@fixedreturnsacademy,2026-05-18,6SJIZY5_M9k,Two PPF Hacks That Could Earn You Lakhs,2026-04-14T13:34:16Z,582,8,0,105,"ppf withdrawal rules 2025,ppf rules,ppf account benefits,ppf benefits,ppf cost,ppf kya hai,ppf 2026,ppf account post office,life hacks to save money,money hacks,how to save money",Other,False,False,False,39
@fixedreturnsacademy,2026-05-18,kJrcsUIvVtI,How to Fill Form 121 in 2 minutes | Complete Process Explained,2026-04-13T12:08:58Z,27963,273,45,207,"form 121 fill up,how to fill form 121,how to fill 121 form,form no 121,how to fill form no 121,form 121 online,form number 121,how to fill up form 121,form 121 sbi,sbi form 121,form 121 income tax,income tax form 121,ytvideo,Bondbsc,form 121 kaise bhare,15g form,new form 121,what is form 121",Taxation,True,True,False,62
@fixedreturnsacademy,2026-05-18,UVebOrabRXU,3 Smart Investments That Beat FD Returns!,2026-04-10T13:25:44Z,1009,13,1,162,"3 fd alternatives,better returns than fd,fixed deposit alternatives,rbi floating rate bonds,corporate bonds,vpf explained,epf vs vpf,safe investments,high interest investments,bonds vs fd,fixed income investing,low risk investments,ytshort",Risk/Safety,False,True,False,41
@fixedreturnsacademy,2026-05-18,I9l8AgDBUOU,5 big tax changes from 1st April 2026. How does it impact you?,2026-04-09T14:12:02Z,833,15,2,124,"income tax act 2025,new tax rules india 2025,income tax changes india,form 121 explained,old vs new tax regime india,tax changes april 2025,income tax updates india,fixed returns academy,grip invest,ytshort",Taxation,True,True,False,62
@fixedreturnsacademy,2026-05-18,nWMmMUgtqYE,RBI’s New Bonds: Sovereign Green Bonds Explained,2026-04-08T13:41:09Z,937,24,0,89,"rbi bonds,how to buy government bonds,how to buy sgb india,best government bonds,bonds investment,Green Bonds,sovereign green bonds,Investing,Bonds,sovereign green bonds upsc,RBI,how to invest in rbi bonds,Sustainable Investing,ESG Investing,Money Tips,Government of India bonds,Bondbsc,ytshort",Bond Types,False,False,False,48
@fixedreturnsacademy,2026-05-18,I-Ju80wCsXk,What is Form 121 & TDS? 15G & 15H Replaced,2026-04-07T13:09:38Z,1189,13,0,98,"form 121,form 121 explained,what is form 121,how to fill form 121,form 121 tds,tds form 121,15g 15h replaced,form 15g 15h gone,tds new rules 2026,income tax update,new tax rules,fd tds rules,bond tds,tds on interest income,how to avoid tds,tds exemption,fixed income investing,form 121 for bonds,how to stop tds legally,tds on fd how to avoid,income tax forms,tax saving tips,investment tips,fixed returns academy,ytshort",Taxation,True,True,False,42
@fixedreturnsacademy,2026-05-18,k6beL9XUBi8,3 Low-Risk Investments That Beat FD Returns,2026-04-06T12:30:57Z,592,21,4,176,"3 fd alternatives,better returns than fd,fixed deposit alternatives,rbi floating rate bonds,corporate bonds,vpf explained,epf vs vpf,safe investments,high interest investments,bonds vs fd,fixed income investing,low risk investments,Bondbsc,ytvideo",Risk/Safety,False,True,False,43
@fixedreturnsacademy,2026-05-18,0iTapDgYLIw,What Is Stagflation? And Why Economists Are Worried,2026-04-06T11:30:00Z,140,4,0,61,"what is stagflation,stagflation explained,stagflation 2026,why stagflation is back,stagflation crisis,oil supply disruption,global oil crisis,inflation rising,economic slowdown,recession vs stagflation,inflation vs growth,market volatility,investing during stagflation,how to survive stagflation,portfolio strategy,macro economics,1970s stagflation,oil crisis 1970s,history repeating economy,crude oil prices,energy crisis,global economy 2026,ytshort",Macro/RBI,True,False,False,51
@fixedreturnsacademy,2026-05-18,HlWE_nWXoA0,How Asset Allocation Protects Your Portfolio From Market Crashes?,2026-04-05T12:10:49Z,237,4,0,64,"Asset Allocation,What is asset allocation,Market crashes,Stock market crashes,Importance of asset allocation,Asset allocation example,Debt vs equity vs gold,Stock vs bonds,Stock vs bonds vs gold",Asset Comparison,True,False,False,65
@fixedreturnsacademy,2026-05-18,eIlpI4YOuZ8,Biggest Stock Market Crashes in India…And How They Recovered,2026-04-03T09:45:03Z,237,6,0,75,"stock market crash,market crash,war and stock market,investing during crisis,market volatility,stock market fear,investor psychology,market panic,bear market,bull vs bear market,how to invest in crash,what to do in market crash,portfolio strategy,risk management,diversification,smart investing,passive investing,wealth building",Risk/Safety,False,False,False,60
@fixedreturnsacademy,2026-05-18,AQa8zxRkDdU,Form 121 Explained: What is Form 121 & How to Fill It Step-by-Step,2026-04-03T08:30:09Z,21384,127,28,98,"form 121,form 121 explained,what is form 121,how to fill form 121,form 121 tds,tds form 121,15g 15h replaced,form 15g 15h gone,tds new rules 2026,income tax update,new tax rules,fd tds rules,bond tds,tds on interest income,how to avoid tds,tds exemption,fixed income investing,form 121 for bonds,how to stop tds legally,tds on fd how to avoid,income tax forms,tax saving tips,investment tips,fixed returns academy,bondbsc,ytvideo",Taxation,False,True,False,66
@fixedreturnsacademy,2026-05-18,HK3SEDh77dI,Is A Falling Rupee Normal? Explained With Data,2026-03-31T13:24:50Z,640,13,0,92,"rupee falling,why rupee falling,rupee vs dollar,rupee decline,weak rupee,currency fall,forex market,exchange rate,dollar strength,usd rising,global markets,market volatility,war impact,oil prices,crude oil,inflation,fii outflow,capital outflow,safe haven dollar,economic crisis,currency depreciation,emerging markets,global uncertainty",Risk/Safety,True,False,False,46
@fixedreturnsacademy,2026-05-18,5JP8J2j0jY0,Nifty's Worst Crash In 6 Years. Here's Exactly What Indian Investors Need Do,2026-03-28T09:30:00Z,791,38,12,350,"iran war impact on indian stock market,how to protect portfolio,iran war,asset allocation strategies,how to invest in crisis,what to do in market crash,portfolio diversification,bonds vs stocks,economic crisis explained,how to protect portfolio in crash,sell or buy,investment strategies,impact of war on portfolio,finenjy,ytvideo",Asset Comparison,False,True,False,76
@fixedreturnsacademy,2026-05-18,tnL8INXBngA,5 Ways the Israel-Iran War Impacts Your Money,2026-03-24T12:45:09Z,872,18,0,85,"israel iran war,iran israel conflict,how war affects money,global oil prices,crude oil price surge,fuel price increase,lpg price increase,flight ticket price rise,inflation impact,economic impact of war,global inflation,rupee depreciation,oil market news,ytshort,finejy",Macro/RBI,False,True,False,45
@fixedreturnsacademy,2026-05-18,doh4ib-hXLw,SEBI’s Plan to Grow India’s Bond Market in 2026!,2026-03-22T11:45:56Z,1016,7,0,99,"india bond market,sebi india,bonds india,india bonds market,corporate bonds india,sebi latest news,bonds vs FD India,how bonds work India,debt market,debt market India,corporate bond news",FD Comparison,False,True,False,48
@fixedreturnsacademy,2026-05-18,i90CO4JXPq4,Gold Didn’t Rise in War?! Here’s the Shocking Reason,2026-03-20T12:15:15Z,1395,12,0,90,"gold price,israel iran war,israel iran conflict,gold not rising,why gold not increasing,gold vs war,gold investment,bond yields vs gold,us dollar impact on gold,precious metals,gold 2026,silver 2026,inflation and gold,war impact on markets,global markets,ytshort",Macro/RBI,False,False,False,52
@fixedreturnsacademy,2026-05-18,fUBOcowKwX0,Gold vs Silver 2026: What Investors Should Know,2026-03-18T12:35:16Z,689,15,0,158,"Gold vs silver 2026,should i invest in gold or silver,gold investment,silver investment,gold price forecast,silver price forecast,gold outlook 2026,silver outlook 2026,precious metals investing,gold market analysis,silver market analysis,gold retur",Other,False,True,False,47
@fixedreturnsacademy,2026-05-18,wG5G2dQsBfE,New PAN Card Rules That Affect Your Spending from April 2026,2026-03-17T12:01:40Z,651,13,0,73,"pan card rules 2026,pan card update 2026,pan new rules,pan card changes april 2026,pan card limits change,pan cash transaction rule,pan property transaction rule,pan insurance rule,pan card vehicle purchase rule,tax rules update,finance news,personal finance tips,money rules update,financial awareness,fixed returns academy,ytshort,Bondbyd",Taxation,False,True,False,60
@fixedreturnsacademy,2026-05-18,6A1uAM671Uc,Should You Buy Gold or Silver in 2026? An Honest Comparison,2026-03-16T12:00:09Z,284,11,0,158,"Gold vs silver 2026,should you invest in gold or silver,gold investment,silver investment,gold price forecast,silver price forecast,gold outlook 2026,silver outlook 2026,precious metals investing,gold market analysis,silver market analysis,gold returns,silver returns,gold vs silver investment,portfolio diversification,gold demand,silver demand,gold vs silver which is better,commodity investing",Other,True,True,False,59
@fixedreturnsacademy,2026-05-18,AponDaOd-G8,5 Biggest Bond Myths — Busted!,2026-03-12T12:00:18Z,878,24,0,120,"bond myths,bond investing myths,common bond myths,bond investing basics,bonds vs stocks,bond returns vs stocks,corporate bonds,tax free bonds,54EC bonds,sell bonds before maturity,bond basics,bond risk,maturity risk,interest rate risk,credit risk,default risk,liquidity risk,reinvestment risk,ytshort",Taxation,False,True,False,30
@fixedreturnsacademy,2026-05-18,EO80WqFqw14,3 Safe Investments That Help You Save Tax in 2026,2026-03-11T11:45:03Z,1654,11,3,145,"how to save tax,tax saving options,section 80C investments,best tax saving investments,tax free investments,capital gains tax saving,PPF,tax saver FD,54EC bonds,capital gains bonds,ppf 2026,tax saver fd,54ec bonds explained,section 80c investments,low risk tax saving options,fixed income tax saving,ppf vs fd,best tax saving investment,old vs new tax regime,tax planning 2026,ytshort",Taxation,False,True,False,49
@fixedreturnsacademy,2026-05-18,eUIw8IKS34g,What are Life Cycle Funds? SEBI's New Mutual Fund Category Explained,2026-03-10T12:31:01Z,866,22,2,76,"Life cycle funds,SEBI mutual funds,new mutual fund category,asset allocation,equity debt gold,InvITs,long term investing,mutual fund for beginners,life cycle funds explained,sebi life cycle,sebi mutual funds,ytshort",Other,True,False,False,68
@fixedreturnsacademy,2026-05-18,tAyCbDzKMiQ,"When Stocks Lost 24%, Bonds Made 12% — The Truth About Bonds",2026-03-09T12:54:08Z,259,11,3,121,"bonds,bond investing,bond market India,bonds explained,bonds for beginners,investing myths,bonds vs stocks India,bond returns,Grip Invest,Fixed Returns Academy,FRA,Grip Invest Bonds,Bondbsc,ytvideo",Myths/Mistakes,False,True,False,60
@fixedreturnsacademy,2026-05-18,SeyS2pYm034,What are convertible bonds? Explained Simply,2026-03-06T12:51:42Z,1926,34,0,99,"what are Convertible Bonds,convertible bonds,what are convertible bonds,convertible bond explained,convertible bonds india,how convertible bonds work,corporate bond vs convertable Bond,bond investing for beginners,corporate bonds explained,bond market basics",Bond Types,True,False,False,44
@fixedreturnsacademy,2026-05-18,VGukWofqJ20,US–Iran War & Rising Oil: How Bonds Can Protect Your Portfolio?,2026-03-05T11:45:05Z,923,14,0,80,"iran us war,us iran conflict,iran israel war,middle east conflict,war impact on markets,oil prices impact,crude oil price surge,indian economy impact,rupee vs dollar,stock market crash,safe investments india,government bonds india,bond investing india,fixed income investing,why invest in bonds,investing during war,market crash strategy,safe haven investments,ytshort,Finenjy",Risk/Safety,True,False,False,63
@fixedreturnsacademy,2026-05-18,4ahAxB5qISY,Best Tax Saving Investments in 2026,2026-03-04T11:45:01Z,228,10,1,145,"how to save tax,ppf 2026,tax saver fd,54ec bonds explained,capital gains tax saving,section 80c investments,low risk tax saving options,fixed income tax saving,ppf vs fd,best tax saving investment,old vs new tax regime,safe investments india,tax planning 2026,fixed return investments",Taxation,False,True,False,35
@fixedreturnsacademy,2026-05-18,O84Cs-my8U4,Zero-Coupon Bonds Explained Simply,2026-03-03T12:52:23Z,945,20,0,83,"zero coupon bonds,zero coupon bond explained,what are zero coupon bonds,how zero coupon bonds work,zero coupon bond example,deep discount bonds,bond investing basics,fixed income investing,bond yield explained,zero coupon bond risks,ytshort,bondbsc",Risk/Safety,False,False,False,34
@fixedreturnsacademy,2026-05-18,_o-Foj71EUU,54EC Bonds Explained: Save Tax on Property Gains,2026-03-02T11:30:25Z,2699,18,5,162,"54EC bonds,how to save capital gains tax,property sale tax,save tax after selling property,long term capital gains tax,LTCG on property,tax saving bonds,capital gains bonds India,54EC bonds explained,how to avoid capital gains tax,property tax planning,income tax India,section 54EC,IRFC 54EC bonds,REC 54EC bonds,PFC 54EC bonds,HUDCO 54EC bonds,IREDA 54EC bonds,tax saving investment India,54ec bonds how to apply,capital gains tax,54ec bonds sbi",Taxation,False,True,False,48
@fixedreturnsacademy,2026-05-18,Lmd5ozMeYd4,Aesthetic vs Budget!,2026-02-27T11:30:30Z,280,22,13,106,"Aesthetic Vs Budget,obpp,finance office fun,GenzvsMillenial,Genz,Millenial,GenZvsMillennials,OfficeHumor,WorkplaceComedy,GenerationComparison,OfficeCulture,MillennialVsGenZ,FunAtWork,WorkplaceTrends,OfficeLife,office fun,Office drama,MillennialStruggles,financeoffice,ytshort,finenjy",Other,False,False,False,20
@fixedreturnsacademy,2026-05-18,3nkcwx7-0J8,How to Save Tax After Selling Property | 54EC Bonds Explained,2026-02-26T12:45:00Z,330,17,4,163,"54EC bonds,how to save capital gains tax,property sale tax,save tax after selling property,long term capital gains tax,LTCG on property,tax saving bonds,capital gains bonds India,54EC bonds explained,how to avoid capital gains tax,property tax planning,income tax India,section 54EC,IRFC 54EC bonds,REC 54EC bonds,PFC 54EC bonds,HUDCO 54EC bonds,IREDA 54EC bonds,tax saving investment India,54ec bonds how to apply,capital gains tax,54ec bonds sbi",Taxation,True,True,False,61
@fixedreturnsacademy,2026-05-18,AuXWVlXOeVE,Are Tax-Saving FDs Really Tax-Free?,2026-02-26T12:34:29Z,290,8,1,61,"fixed deposit tax,tax saving fd explained,tax saver fd interest taxable,tax on fixed deposit,tax free vs tax saving,80c investment options,tax saving investments india,fixed deposit explained hindi,personal finance india,income tax slab india,fd vs tax free bonds,post tax returns,grip invest,fixed returns academy",Taxation,True,False,False,35
@fixedreturnsacademy,2026-05-18,slJphqSLRrg,Why Google Issued a Rare 100-Year Bond,2026-02-25T11:30:46Z,303,13,3,91,"Google 100 year bond,Alphabet 100 year bond,century bond explained,what is a 100 year bond,Google AI investment,Alphabet AI spending,Big Tech bonds,corporate bonds explained,tech companies raising debt,AI bubble debate,artificial intelligence funding,long term bonds,tech finance strategy",Bond Types,True,True,False,38
@fixedreturnsacademy,2026-05-18,46VA8IDG8uQ,Investing Rule For Beginners! How to Allocate Equity & Debt?,2026-02-24T13:56:49Z,740,8,0,33,"investment strategies,investing rule for beginners,100 minus age rule,age rule investing,how to diversify,diversification hacks,investment hacks,investing for beginners,diversification rule,investing basics",Other,True,False,False,60
@fixedreturnsacademy,2026-05-18,we16WK48bC8,Interest Income vs Capital Gains in Bonds | Tax Explained Simply,2026-02-23T13:46:32Z,227,11,0,142,"interest income bonds,capital gains bonds,interest vs capital gain,interest income,bond tax,capital gains bond tax,bond income,interest income tax,bond profit,tax on bonds india,bond basics,fixed returns academy,bondbsc,ytvideo",Taxation,False,False,False,64
@fixedreturnsacademy,2026-05-18,s4BF_bbwU8M,The Truth About Your Mutual Funds Portfolio,2026-02-23T12:14:23Z,238,4,2,76,"mutual funds,diversification,portfolio strategy,mutual fund vs equity,mutual fund vs stocks,mutual fund diversification,fund concentration,investing tips,risk management,smart investing,asset allocation,financial literacy,investment strategy,portfolio mistakes,long-term investing,Finenjy,ytshort",Risk/Safety,False,False,False,43
@fixedreturnsacademy,2026-05-18,bP5ZsPAkteM,The Viral Reel That No One Approved!,2026-02-21T13:30:46Z,361,18,10,122,"obpp,finance office fun,GenzvsMillenial,Genz,Millenial,GenZvsMillennials,OfficeHumor,WorkplaceComedy,GenerationComparison,OfficeCulture,MillennialVsGenZ,FunAtWork,TeaserVideo,WorkplaceTrends,OfficeLife,office fun,Office drama,MillennialStruggles,financeoffice,ytshort,finenjy",Other,False,False,False,36
@fixedreturnsacademy,2026-05-18,WQR_dGRYgJs,Gold vs Stocks vs Bonds: 10-Year Returns Comparison,2026-02-21T07:13:50Z,318,5,0,83,"gold investment,gold returns,gold vs equity,gold vs debt,gold vs stocks,diversification strategy,importance of diversification,asset allocation,portfolio diversification,safe haven assets,gold 10 year returns,equity vs debt returns",Risk/Safety,False,True,False,51
@fixedreturnsacademy,2026-05-18,5tgJltCJJZQ,When Should You Choose Bonds Over Equity?,2026-02-20T11:05:00Z,330,4,0,48,"bonds investing,what are bonds,bond investing for beginners,bonds vs fixed deposit,how bonds work,diversification strategy,corporate bond returns,Bonds vs Stock,How to Diversify with Bonds,Finenjy,ytshort",FD Comparison,True,False,False,41
@fixedreturnsacademy,2026-05-18,jittY7R5euI,What Is Accrued Interest in Bonds: Simple Explanation,2026-02-19T11:45:05Z,278,23,16,129,"accrued interest,what is accrued interest,accrued interest in bonds,fixed income investing,how bonds work,bond interest calculation,selling bonds mid month,bond concepts explained,investment education,ytshort,Bondadv",Bond Basics,True,False,False,53
@fixedreturnsacademy,2026-05-18,nlKmqwGNSKY,How Does The 100 Minus Age Rule Work? #diversification,2026-02-18T13:30:52Z,157,4,0,36,"100 minus age rule,investing for beginners,diversification,asset allocation,equity vs debt,personal finance India,portfolio diversification,finance shorts,investing shorts,Fixed Returns Academy,ytshort,Finenj",Other,True,True,False,54
@fixedreturnsacademy,2026-05-18,2NvlhXxtv3w,Why You Need To Diversify Your Portfolio? (Stay Protected In Market Crashes!),2026-02-18T11:28:19Z,153,4,0,49,"How to diversify,What is Diversification,Diversification Explained,Diversification myths,Diversify portfolio,What is diversified portfolio,asset allocation,How do I diversify,How to diversify my portfolio,Investing basics,mutual fund diversification,Equity vs debt,Bonds India,valentine finance video,Fixed Returns Academy,investment mistakes,Finenjy",Myths/Mistakes,True,False,False,77
@fixedreturnsacademy,2026-05-18,bp203xW61Lw,What Is Accrued Interest in Bonds?,2026-02-17T13:11:13Z,627,22,2,129,"accrued interest,what is accrued interest,accrued interest in bonds,fixed income investing,how bonds work,bond interest calculation,selling bonds mid month,bond concepts explained,investment education,ytshort",Bond Basics,True,False,False,34
@fixedreturnsacademy,2026-05-18,AA60Mu0HmoE,What Are Liquid Funds? Explained Simply,2026-02-14T12:27:03Z,499,12,0,85,"what are liquid funds,liquid funds explained,liquid mutual funds for beginners,debt mutual funds,short term investment,high liquidity investment,mutual fund basics,ultra short term funds,treasury bills,commercial paper,ytshort,Bondbyd",Bond Basics,True,False,False,39
@fixedreturnsacademy,2026-05-18,UCejVqwAz9M,Will This Portfolio Survive the Next Market Crash? | Investing Basics Explained,2026-02-13T10:00:44Z,1367,86,72,366,"How to diversify,What is Diversification,Diversification Explained,Diversification myths,Diversify portfolio,What is diversified portfolio,asset allocation,How do I diversify,How to diversify my portfolio,Investing basics,mutual fund diversification,Equity vs debt,Bonds India,valentine finance video,Fixed Returns Academy,investment mistakes,ytvideo,Finenjy",Myths/Mistakes,False,False,False,79
@fixedreturnsacademy,2026-05-18,Pqo0_rTLM-8,What Are Securitised Debt Instruments? Simple Explanation,2026-02-12T13:58:39Z,1114,40,5,176,"What are SDIs,securitized Debt instruments,how sdi works,sdi explained,securitization explained,securitisation india,sdi for beginners,bond market india,fixed income investing,debt instruments india,banking explained,nbfc loans,spv explained,credit rating india,fixed return investment,ytshort",Bond Types,True,False,False,57
@fixedreturnsacademy,2026-05-18,3vOfwcYp8x8,New Tax Rules for Sovereign Gold Bonds: Budget 2026,2026-02-11T12:22:32Z,660,7,0,100,"sovereign gold bond tax,sgb taxation,new sgb tax rule,sgb budget update,sovereign gold bond latest news,sgb tax explained,how sgb is taxed,sgb maturity tax,sgb secondary market tax,sgb investor update,Budget 2026 Update,bbudeget 2026,ytshort",Taxation,False,True,False,51
@fixedreturnsacademy,2026-05-18,HeGHPISzVM8,Current Yield vs YTM: What Every Bond Investor Should Know,2026-02-10T12:50:00Z,1387,34,0,176,"ytm explained,current yield explained,bond yield explained,what is ytm in bonds,current yield vs yield to maturity,bond yield calculation,grip invest,fixed returns academy,ytshort,current yield",Grip Platform,False,False,False,58
@fixedreturnsacademy,2026-05-18,YGy78-cjuls,TDS on Bonds in Budget 2026 — New Rule Explained,2026-02-09T14:25:00Z,675,12,2,64,"Budget 2026 update on TDS,Budget Update on Form 15g and 15H,budget 2026,budget 2026 update,form 15g,form 15h,tds form 15g,tds form 15h,tds filing,tds exemption,form 15g and 15h,budget update tds,tds on bonds,nsdl cdsl form 15,centralized form 15,tds declaration,ytshort,Bondtxs",Bond Basics,False,True,False,48
@fixedreturnsacademy,2026-05-18,mvezdtOVeUY,How Are Sovereign Gold Bonds Taxed After Budget 2026?,2026-02-07T06:30:32Z,444,8,0,100,"SGBs,Budget update on SGBs,Budget 2026,Budget update,sgb taxation,sovereign gold bonds tax,sgb tax after budget 2026,gold bonds tax,sgb tax rules,sgb taxation explained,gold bonds tax shock,budget 2026 sgb tax,sovereign gold bonds budget 2026,sgb capital gains tax,gold bond tax rules india,new sgb tax,new tax on sgb,new tax on gold bonds,tax on gold bonds,ytvideo,Bondtxs",Taxation,True,True,False,53
@fixedreturnsacademy,2026-05-18,Vwg1meEyJ3c,How to Claim TDS on Bonds Using Form 15G & 15H,2026-02-05T11:30:33Z,1509,33,0,154,"TDS on bonds,how to claim TDS on bonds,bond interest TDS,claim TDS on bonds,Form 15G bonds,Form 15H bonds,Taxation on Bonds,how to get TDS refund,bond investors guide,bond interest tax India,Taxation,ytshort",Taxation,True,True,False,46
@fixedreturnsacademy,2026-05-18,YpiQckcve-s,How to Claim TDS on Bonds: Step-by-Step Guide,2026-02-04T13:47:06Z,1269,28,3,154,"TDS on bonds,how to claim TDS on bonds,bond interest TDS,TDS on bond interest,claim TDS on bonds,Form 15G bonds,Form 15H bonds,Taxation on Bonds,how to get TDS refund,bond investors guide,bond interest tax India,ytvideo,Bondtxs",Taxation,True,False,False,45
@fixedreturnsacademy,2026-05-18,FSIPuDM9b2E,What Are Bond Investments? A Simple Explanation,2026-02-03T13:13:21Z,275,10,3,85,"what are Bonds,bond investments,bond investment explained,bonds explained,bond investing,bond investments for beginners,what are bonds,bond investment india,bonds hindi,government bonds,corporate bonds,fixed income investment,regular income bonds,passive income bonds,ytshort",Income Strategy,True,False,False,47
@fixedreturnsacademy,2026-05-18,D0m5CDbk38I,Form 15G and 15H Explained For FD & Bond Investors!,2026-02-02T11:45:03Z,738,11,1,87,"Form 15G,Form 15H,Form 15G explained,Form 15H explained,how to avoid TDS on interest,TDS on FD,TDS on bonds,TDS on NCD,interest income tax,tax saving tips,Form 15G eligibility,Form 15H eligibility,senior citizen tax saving,avoid TDS legally,FD tax rules,bond interest tax,fixed income investing,fixed return investments,basic exemption limit,old vs new tax regime,how to avoid TDS,ytshort,Bondtxs",Taxation,False,True,False,51
@fixedreturnsacademy,2026-05-18,GyXuiSs74YQ,Jio-BlackRock’s New Debt Mutual Funds Explained,2026-02-01T11:45:02Z,494,11,2,82,"jio blackrock,jio blackrock mutual fund,jio blackrock debt funds,jio blackrock short duration fund,jio blackrock low duration fund,debt mutual funds,short duration funds,low duration funds,debt fund explained,mutual funds india,debt funds india,bond funds,fd vs debt funds,low risk investments,fixed returns,mutual fund basics,grip invest,fixed returns academy,ytshort,Bondbyd",Risk/Safety,False,False,False,47
@fixedreturnsacademy,2026-05-18,DqUl3Q3YWBw,Current Yield vs YTM: What Smart Investors Should Know,2026-01-31T10:45:02Z,532,21,3,182,"current yield vs ytm,ytm explained,current yield explained,bond yield explained,what is ytm in bonds,current yield vs yield to maturity,bond investing basics,corporate bonds india,fixed income investing,bond returns explained,debt market india,bond yield calculation,how bond returns work,grip invest,fixed returns academy,ytvideo,Bondadv",Bond Types,False,False,False,54
@fixedreturnsacademy,2026-05-18,dZ4DsBBxphY,You’re Not My Target Audience! #Officemicrodrama #Finance,2026-01-29T12:56:42Z,583,29,2,143,"obpp,finance office fun,GenzvsMillenial,Genz,Millenial,GenZvsMillennials,OfficeHumor,WorkplaceComedy,GenerationComparison,OfficeCulture,MillennialVsGenZ,FunAtWork,TeaserVideo,WorkplaceTrends,OfficeLife,office fun,Office drama,MillennialStruggles,financeoffice,ytshort",Other,False,False,False,57
@fixedreturnsacademy,2026-05-18,Wb-4OTtg-X8,Millennial vs Gen Z: Finance Edition | Microdrama Teaser,2026-01-27T13:14:20Z,942,24,10,53,"obpp,finance office fun,GenzvsMillenial,Genz,Millenial,GenZvsMillennials,OfficeHumor,WorkplaceComedy,GenerationComparison,OfficeCulture,MillennialVsGenZ,FunAtWork,TeaserVideo,WorkplaceTrends,OfficeLife,office fun,Office drama,MillennialStruggles,financeoffice,ytshort",Other,False,False,False,56
@fixedreturnsacademy,2026-05-18,st2kosW-E70,What Are Securitised Debt Instruments? SDIs Explained,2026-01-26T12:31:27Z,267,11,4,193,"What are SDIs,securitized Debt instruments,how sdi works,sdi explained,securitization explained,securitisation india,sdi for beginners,bond market india,fixed income investing,debt instruments india,banking explained,nbfc loans,spv explained,credit rating india,fixed return investment,Loan,bank loan,ytvideo,Bondadv",Bond Types,True,False,False,53
@fixedreturnsacademy,2026-05-18,sK5nbt6vpu8,3 Things You Should Know About India’s Budget!,2026-01-25T11:55:26Z,591,14,0,87,"Budget,Budget2026,India budget,India budget history,Budget India,When is budget,Budget live,Budget 2026 live,Finance budget,Nirmala budget,Budget what’s new,Budget income tax,Income tax budget,ytshort,Finenjy",Taxation,False,True,False,46
@fixedreturnsacademy,2026-05-18,OQ3BEGx2VOU,Why Your Savings Account Is Making You Lose Money (2026),2026-01-22T14:51:00Z,1831,8,1,165,"savings account vs fd,bond vs fd,How to beat inflation,alternatives to savings account,bond returns india,fixed deposit alternatives,money losing value,fd vs inflation,fixed deposit vs savings,saving account interest,low savings interest,savings account,fixed deposit,fd vs bonds,corporate bonds,bond investing,fixed returns,safe investment options,low risk investments,ytshort",Risk/Safety,True,True,False,56
@fixedreturnsacademy,2026-05-18,vOv8cCEcsG4,Why Your Savings Account Is Making You Lose Money in 2026,2026-01-21T11:45:11Z,170,9,1,155,"savings account vs fd,bond vs fd,How to beat inflation,alternatives to savings account,bond returns india,fixed deposit alternatives,money losing value,fd vs inflation,fixed deposit vs savings,saving account interest,low savings interest,inflation,negative real returns,real return explained,money habits india,new year financial resolutions 2026,where to invest money,ytvideo,Bondbyd",FD Comparison,True,True,False,57
@fixedreturnsacademy,2026-05-18,frxWK8dlNWQ,How Bonds Outperformed the Stock Market in 2025!,2026-01-20T10:52:56Z,427,7,0,77,"Bonds vs Stock,Bonds vs Sensex,sensex vs bonds,indian stock market,stock market returns india,corporate bonds india,corporate bond returns,bonds vs stocks,bond investing india,fixed income investing,fixed return investments,how bonds work,portfolio diversification,corporate bonds,bond investing,bond returns 2025,debt investments,low risk investments,stable returns,investment in bonds,safe investment options,bond interest explained,ytshort,Bondbyd",Risk/Safety,True,True,False,48
@fixedreturnsacademy,2026-05-18,4ti309WAar0,Fixed Deposits vs Bonds vs PPF,2026-01-16T12:00:10Z,389,12,0,135,"fixed income investments,fixed returns,fixed deposit,fd vs bonds,fd vs ppf,safe investment options,low risk investments,risk free investments india,investment during market volatility,stable returns,debt mutual fund,mutual funds,taxed on FDs,taxes on bonds and PPF,Income tax,corporate bond,government bond,ytshort",Taxation,False,False,False,30
@fixedreturnsacademy,2026-05-18,9FcymestRuU,Fixed Rate Bonds vs Floating Rate Bonds Explained Simply,2026-01-15T12:04:01Z,721,16,0,75,"Fixed Rate Bonds Breakdown,Floating Rate Bonds Explained,Bonds Simplified Guide,Fixed vs Floating Bonds Comparison,Investing in Bonds Basics,Interest Rate Bonds Guide,Types of Bonds Explained,Bond Investment Strategies,Understanding Bond Markets,Fixed vs Floating Rate Overview,ytshort,Bondbsc",Macro/RBI,False,False,False,56
@fixedreturnsacademy,2026-05-18,qfejTunHXR4,5 Biggest Risks of Debt Mutual Funds You Shouldn’t Ignore,2026-01-14T11:45:13Z,1032,16,0,97,"debt mutual funds,risks in debt mutual funds,debt mutual fund risks,debt fund explained,debt mutual funds for beginners,fixed income investing,debt funds vs fd,bond market risks,debt mutual fund nav,mutual fund awareness,Debt Mutual Funds,Types of Debt Funds,Corporate Bond Funds,Best Debt Funds India,Mutual Fund for Beginners,How to Invest in Debt Funds,Debt Fund Explained,Mutual Fund Investment,Fixed Income Funds,Mutual Fund Types,ytshort,Bondbyd",Risk/Safety,False,True,False,57
@fixedreturnsacademy,2026-05-18,WFdJO3t1k5A,How Debt Funds Beat Stock Market Returns! Bonds vs Stocks,2026-01-13T11:45:10Z,621,10,2,156,"bonds vs stocks,debt vs equity,debt mutual funds,debt funds,debt fund returns,how debt funds work,what are debt funds,stock market crash,debt fund performance,bonds investment,how to invest in bonds,bond mutual funds,debt fund returns vs stock,ytshort",Asset Comparison,True,False,False,57
@fixedreturnsacademy,2026-05-18,5yCiPJOSW-M,Venezuela Crisis Impact on Gold and Silver Prices?,2026-01-12T10:50:58Z,416,16,0,92,"US Venezuela crisis,Venezuela crisis impact,gold price impact,silver price impact,geopolitical risk and markets,India market,Sensex,Nifty,Indian market global impact,Sensex Nifty global news,government bond yields India,fixed income investing India,how geopolitics affects bonds,US Venezuela conflict,US vs Venezuela,ytshort,Finenjy",Risk/Safety,True,False,False,50
@fixedreturnsacademy,2026-05-18,4NaBIFFHcVw,Debt Funds vs Stock Market: Can Debt Actually Win?,2026-01-07T12:52:06Z,3663,14,3,156,"debt vs equity,debt funds vs equities,debt mutual funds,equity mutual funds,debt funds vs equity funds,nifty 50 returns,mutual funds india,debt fund performance,equity fund performance,diversification strategy,portfolio diversification,asset allocation,2011 market crash,2015 market performance,2022 market returns,debt funds explained,mutual fund comparison,bond funds vs stock funds,2008 market crash,bond vs stocks,ytvideo,Bondbyd",Asset Comparison,True,False,False,50
@fixedreturnsacademy,2026-05-18,-h2ic5BFvFs,Is This Bond the World’s Oldest Investment?,2026-01-06T11:45:00Z,427,15,0,74,"ytshort,Finenjy",Bond Basics,True,False,False,43
@fixedreturnsacademy,2026-05-18,iGxghMJZihY,Will Gold Price Cross ₹2 Lakh in 2026? Experts Reveal What’s Ahead,2026-01-05T11:45:08Z,1696,28,0,102,"gold price prediction,gold price forecast 2026,will gold reach 2 lakh,gold price outlook,gold investment india,gold price today india,gold future outlook,gold vs inflation,gold safe haven,gold investment strategy,gold price analysis,gold in 2026,is gold a good investment,long term gold investment,gold portfolio allocation,interest rates and gold,dollar vs gold,geopolitical risk gold,fixed returns academy,ytshort",Risk/Safety,False,True,False,66
@fixedreturnsacademy,2026-05-18,fJbo1f7f6zo,Why Debt Mutual Funds Matter in Every Portfolio,2026-01-03T11:45:08Z,790,12,0,91,"why choose debt mutual funds,debt mutual funds,debt funds india,portfolio diversification,portfolio allocation,building a portfolio,balanced portfolio,equity vs debt,debt vs equity,investment risk management,stable returns investing,fixed income investing,bonds and debt funds,low volatility investments,long term portfolio,smart investing india,personal finance india,investing basics,wealth building,fixed returns academy,ytshort,Bondbyd",Risk/Safety,True,False,False,47
@fixedreturnsacademy,2026-05-18,9BxaJtR9SkE,FD vs Bonds vs PPF: What Should You Choose? Explained For Beginners,2026-01-02T10:43:56Z,849,16,3,166,"fixed income investments,fixed returns,fixed deposit,fd vs bonds,fd vs ppf,safe investment options,low risk investments,risk free investments india,investment during market volatility,stable returns,debt mutual fund,mutual funds,taxed on FDs,taxes on bonds and PPF,Income tax,corporate bond,government bond,ytvideo,Bondbyd",Taxation,False,False,False,67
@fixedreturnsacademy,2026-05-18,uVp2gKFTNBs,2025 Was Different for India's Bond Market: Fixed Returns WRAPPED!,2025-12-30T13:10:03Z,972,17,0,111,"2025 wrapped,fixed returns wrapped,India fixed returns,new year investing,bond market 2025,RBI rate cuts 2025,debt funds 2025,FAR bonds,Budget 2025 fixed income,infrastructure bonds 2025,fixed income highlights,fixed returns 2025,India bond market,debt mutual funds returns,tax-friendly fixed income,bond yields India 2025,investing in bonds 2025,2025 financial wrap,ytshort",Taxation,False,True,False,66
@fixedreturnsacademy,2026-05-18,461wpM4l0KA,"How FDs, Bonds & PPF are Taxed in India | Simple Explanation",2025-12-23T12:52:06Z,1799,28,0,157,"tax on fixed deposits,corporate bond taxation,unlisted corporate bonds tax,bond capital gains tax,short term capital gains on bonds,long term capital gains on bonds,fixed income investments india,ppf tax exemption,ppf eee category,safe investment options india,debt investment taxation,fixed return investments,bond investing for beginners,tax saving investments india,taxes,government taxes,fds,dmf,Indian govt tax,taxation rule,tds,how to pay taxes,ytshort",Taxation,True,False,False,60
@fixedreturnsacademy,2026-05-18,szlPN4GMD_w,Will Gold Cross ₹2 Lakh? Experts Reveal What’s Coming,2025-12-22T13:22:35Z,672,9,0,143,"gold prediction 2026,gold forecast 2026,gold rise or crash,gold investment,gold price analysis,gold trends 2026,gold price news,will gold rise in 2026,will gold crash in 2026,gold prediction india,how to invest in gold,gold price analysis india,gold price trend 2026,gold market india 2026,ytvideo,Bondbyd",Bond Basics,False,True,False,53
@fixedreturnsacademy,2026-05-18,N7SEUKYC0gY,"How Are Bonds, Fixed Deposits & PPF Taxed in India | Simple Explanation",2025-12-19T15:08:14Z,3987,74,6,157,"tax on fixed deposits,tds on fd interest,corporate bond taxation,unlisted corporate bonds tax,bond capital gains tax,short term capital gains on bonds,long term capital gains on bonds,fixed income investments india,ppf tax exemption,safe investment options india,debt investment taxation,fixed return investments,bond investing for beginners,tax saving investments india,taxes,government taxes,fds,dmf,Indian govt tax,taxation rule,ytvideo,Bondtxs",Taxation,True,False,False,71
@fixedreturnsacademy,2026-05-18,iwfGJ8-LxN0,Difference Between Tax-Free & Tax-Saving Bonds,2025-12-17T12:01:24Z,1570,25,0,105,"tax free bonds,tax saving bonds,tax free vs tax saving bonds,bond taxation india,fixed income investments,80c bonds,section 80c,tax free interest bonds,government bonds india,debt investment india,how bonds are taxed,bond investment explained,fixed returns,low risk investments india,financial education india,ytshort,Bondtxs",Taxation,False,False,False,46
@fixedreturnsacademy,2026-05-18,KxRxx7gdvmE,How Bonds Can Protect You from Market Crashes in 2026!,2025-12-15T12:00:47Z,1004,15,2,128,"investing for beginners,bonds for beginners,what are bonds,why invest in bonds,fixed income investing,safe investments 2026,best safe investments,long term investing,investment strategies,2026 investment options,bonds 2026,bond investing,fixed income portfolio,passive income 2026,2026 Investing Strategy for Beginners,How Should You INVEST in 2026?,where should you invest,ytshort",Income Strategy,True,True,False,54
@fixedreturnsacademy,2026-05-18,8hW-yfAv8h0,How US Fed Rate Cuts Impact India’s Bond Market,2025-12-13T12:19:25Z,1891,40,0,81,"US Fed,Federal Reserve,US Fed rate cut,Fed interest rates,RBI,RBI policy,RBI bonds,Indian bonds,bond market,government bonds,G-sec,10 year G-sec,debt market,how interest rates affect bonds,US Fed India impact,emerging market bonds,debt market India,how us fed rate affect bonds,fds,bond,ytshort,Finenjy",Bond Types,True,False,False,47
@fixedreturnsacademy,2026-05-18,Xxpk9t3Xcw8,3 Big Reasons Why Bonds Should Be in Your Portfolio in 2026!,2025-12-12T11:59:40Z,448,12,0,128,"investing for beginners,bonds for beginners,what are bonds,why invest in bonds,fixed income investing,safe investments 2026,best safe investments,long term investing,investment strategies,2026 investment options,bonds 2026,bond investing,fixed income portfolio,passive income 2026,2026 Investing Strategy for Beginners,How Should You INVEST in 2026?,where should you invest,ytvideo,Bondbyd",Income Strategy,False,True,False,60
@fixedreturnsacademy,2026-05-18,HfeANlNSwek,What’s the Difference Between Secured and Unsecured Bonds?,2025-12-11T14:26:44Z,1792,25,1,150,"secured bonds vs unsecured bonds,unsecured bonds,bond investing,bond basics,high return bonds,government bonds,which bond is safer,bond interest rates,fixed returns,investing in bonds,safe bonds,safe investment options,fds,debt funds,ytshort",Risk/Safety,True,False,False,58
@fixedreturnsacademy,2026-05-18,WbHDs4UYssY,"Debt Funds vs FDs: Flexibility, Returns & Taxes Explained",2025-12-10T12:12:52Z,1087,20,0,78,"FD vs Debt Fund,Fixed Deposit vs Debt Mutual Fund,Debt Funds India,FD India,Debt Mutual Funds,FD vs MF,Best Debt Funds,FD interest rates,Debt fund returns,Safe investments India,Mutual fund basics,FD or Debt Fund,Tax on debt funds,Investing for beginners India,ytshort,Bondbyd",Taxation,False,False,False,57
@fixedreturnsacademy,2026-05-18,JBPVl_BYu-A,What RBI Rate Cuts REALLY Do to Your Bond Investments!,2025-12-09T12:00:40Z,668,17,2,142,"RBI rate cut,repo rate explained,how repo rate affects bonds,RBI repo rate impact,RBI monetary policy,RBI update,Indian economy explained,RBI repo rate,repo rate cut,RBI policy update,RBI news,interest rate cut,FD rates falling,bond market India,RBI rate cut effect,Indian economy update,fixed income investing,personal finance India,RBI announcement,mutual funds,fds,bonds,Indian economy,ytvideo,Bondadv",FD Comparison,True,False,False,54
@fixedreturnsacademy,2026-05-18,ez0-pmxumaA,Difference Between Bonds and Debentures | Easy Guide,2025-12-08T12:58:22Z,685,26,4,74,"bonds and debentures,difference between bonds and debentures,bonds explained,debentures explained,what are bonds,what are debentures,bond investing for beginners,fixed return investments,debt mutual funds,liquidity,low risk investment,ytshort,Bondbsc",Risk/Safety,False,False,False,52
@fixedreturnsacademy,2026-05-18,u0G4EYnA2UY,What are T-Bills & Why They’re Safe and Government-Backed,2025-12-07T09:33:16Z,798,12,0,93,"treasury bills,what are t bills,t bills explained,government securities India,RBI t bills,treasury bills explained,govt backed investments,t bill returns,fixed return options,Rbi,bonds,tbills,how to invest in t bills,short term investment,fds,ytshort",Risk/Safety,True,False,False,57
@fixedreturnsacademy,2026-05-18,TteAj7yLHQo,RBI Cuts Repo Rate to 5.25% | What It Means for Your Money?,2025-12-06T11:40:48Z,1242,16,0,84,"BI repo rate,repo rate cut,RBI policy update,RBI news,interest rate cut,FD rates falling,bond market India,RBI rate cut effect,Indian economy update,fixed income investing,personal finance India,RBI announcement,mutual funds,fds,bonds,ytshort",FD Comparison,True,True,False,59
@fixedreturnsacademy,2026-05-18,eK4chJh_rWw,Secured Bond vs Unsecured Bond - Which One Should You Pick?,2025-12-05T14:16:57Z,490,17,6,150,"secured bonds,unsecured bonds,bond investing,fixed income investing,bond basics,investment for beginners,safe investments,high return bonds,corporate bonds,government bonds,which bond is safer,bond default,senior secured bonds,subordinated bonds,bond interest rates,collateral bonds,credit rating bonds,fixed returns,investing in bonds,ytvideo,Bondbsc",Risk/Safety,True,False,False,59
@fixedreturnsacademy,2026-05-18,PofijAkWrEE,How to Choose the Right Debt Mutual Fund?,2025-12-05T08:30:26Z,859,13,2,100,"Debt Mutual Funds,Types of Debt Funds,Liquid Funds,Corporate Bond Funds,Dynamic Bond Funds,Best Debt Funds India,Mutual Fund for Beginners,How to Invest in Debt Funds,Debt Fund Explained,Safe Investment Options,Investment Tips India,Mutual Fund Investment,Fixed Income Funds,Debt Funds 2025,Smart Investing,Mutual Fund Types,Debt vs Equity,Wealth Growth Strategies,how to invest in mutual funds,ytshort,bondbyd",Risk/Safety,True,False,False,41
@fixedreturnsacademy,2026-05-18,IKEBVU6Sx6k,What is a Bond IPO and How Does It Work?,2025-12-03T12:55:20Z,264,7,0,77,"bond ipo,debt ipo,bonds india,IPO,how to invest in ipo's,ipo,fixed income investing,safe investment options,high return bonds,rbi bonds,corporate bonds explained,how to invest in bonds,high yield bonds india,bonds for beginners,ytshort,bondbsc",Risk/Safety,True,False,False,40
@fixedreturnsacademy,2026-05-18,FF3vZ0BIkIU,How Grip’s Baskets Make Diversification Easy,2025-12-03T11:01:53Z,259,8,1,170,"how to diversify your potfolio,How to diversify your income,Grip Invest,Grip Invest Baskets,fixed return baskets,bond investing,safe investment options,fixed income investing,smart investing,Diversification,portfolio diversification,safe investing,simple investing tips,income diversification,beginner investing,SDI investment,stable returns,expert curated portfolio,passive investing,investment tips,investing for beginners,wealth building,ytshort",Risk/Safety,True,False,False,44
@fixedreturnsacademy,2026-05-18,kJxUsGqWltM,How Grip’s Baskets Make Diversification Easy- The Power of Theme-Based Investing,2025-12-02T11:45:09Z,169,7,0,187,"how to diversify your potfolio,How to diversify your income,grip baskets,diversification,portfolio diversification,theme-based investing,grip sdi,best fixed income products,how to diversify,investment diversification,how to reduce portfolio risk,how to diversify a portfolio,how to build a stable portfolio,Bonds,sdi,Bond ivestment,passive income,high return investment,how to make a diversified portfolio,ytvideo,Bondadv",Income Strategy,True,False,False,80
@fixedreturnsacademy,2026-05-18,hhm7BltqUh8,5 Reasons Why You Should Invest in Corporate Bonds,2025-11-28T12:01:33Z,276,3,1,83,"corporate bonds explained,why invest in corporate bonds,5 reasons to invest in bonds,predictable returns,stable investments,corporate bond benefits,bond investing for beginners,portfolio diversification,low risk investments,smart investing,debt investments explained,corporate bond advantages,financial planning tips,best investment options 2025,bond market explained,fixed returns investment,building a safe portfolio,investing for stability,ytshort",Risk/Safety,False,True,False,50
@fixedreturnsacademy,2026-05-18,GOgpGJq4Chs,3 Biggest Investing Mistakes!,2025-11-27T12:00:37Z,414,6,1,86,"3 investing mistakes,beginner investing mistakes,fixed income investing mistakes,avoid investing mistakes,common investment mistakes,safe investing tips,returns,debt fund mistakes,fixed income investing,stable returns planning,investment goal alignment,low risk strategies,secure investment options,ytshort",Risk/Safety,False,True,False,29
@fixedreturnsacademy,2026-05-18,R5JtIfZPU4M,How Warren Buffett Saved Harley-Davidson with BONDS!,2025-11-24T11:45:06Z,1323,33,8,85,"Warren Buffett,Warren Buffett investing,Harley Davidson,Harley Davidson crisis,Harley Davidson bonds,Buffett bond investment,Warren Buffett Harley story,Warren Buffett rescue deals,2009 financial crisis explained,Buffett investment strategy,fixed income investing,corporate bonds explained,why Buffett buys bonds,Harley Buffett deal,beginner investing India,investment lessons Buffett,how bonds work,bond markets explained,Harley Davidson history,ytshort,Finenjy",Bond Types,True,False,False,52
@fixedreturnsacademy,2026-05-18,sklgYPyjmvQ,Warren Buffett’s Bonds: Why Credit Ratings Really Matter,2025-11-21T12:02:00Z,1152,13,2,81,"Warren Buffett,Warren Buffett investing,Buffett yen bonds,Buffett Berkshire Hathaway,Warren Buffett strategy,Warren Buffett investing tips,Warren Buffett portfolio,Warren Buffett AA rating,AA rated companies,low risk bonds,bond yields,credit risk explained,personal finance India,Buffett investment strategy,bond investing tutorial,bond strategy,fixed returns,credit ratings,how to invest in bonds,japan,compunding,japanese investor,ytshort,Finenjy",Risk/Safety,False,False,False,56
@fixedreturnsacademy,2026-05-18,z9QnJbEp57Y,What Are Bond Ladders? A Simple Guide for Beginners.,2025-11-20T12:15:11Z,1182,7,1,134,"bond ladder,bond laddering,bonds for beginners,investment tips,bond ladder strategy,bond ladder benefits,bond ladder step by step tutorial guide,bond ladder explained tutorial 2025,bond ladder investing tutorial for beginners example,bond ladder investing benefits step by step,what is bond bladder,what is bond laddering,investment strategy,laddered bonds,bond ladder basics,bond ladder strategy tips,bond ladder investing tips,bond ladder portfolio tips,ytshort",Income Strategy,True,False,False,52
@fixedreturnsacademy,2026-05-18,oQ7JUjP8-ns,How to Build a Monthly Passive Income Using a Bond Ladder,2025-11-19T14:02:33Z,19525,354,24,134,"bond ladder,bond laddering,bonds for beginners,investment tips,bond ladder strategy,bond ladder benefits,bond ladder step by step tutorial guide,bond ladder explained tutorial 2025,what is bond bladder,what is bond laddering,investment strategy,bond ladder basics,earn passive income,passive income strategies,ytvideo,Bondadv",Income Strategy,True,False,False,57
@fixedreturnsacademy,2026-05-18,XALlHRKJvI0,Where and How Should You INVEST in 2026?,2025-11-17T11:45:04Z,1733,16,0,152,"investment strategy 2026,where to invest in 2026,how to build investment portfolio,fixed income investment strategy,long term investment strategy india,safe investment strategy 2026,inflation beating investment strategy,financial planning 2026,diversified investment strategy,beginner investment strategy india,yearly investment strategy india,investment ideas 2026,investment strategy,investment guide,bonds,fds,mutual fund,investment journey,ytshort",Risk/Safety,True,True,False,40
@fixedreturnsacademy,2026-05-18,RidMVwKVin4,Where and How Should You INVEST in 2026? | Investment Strategy 2026,2025-11-15T13:18:32Z,388,11,0,151,"investment strategy 2026,where to invest in 2026,how to build investment portfolio,smart passive income,passive income ideas,best places to invest,where should i invest,where to invest for beginners,where to invest in 2025,best investment options 2026,top investment options,investment options 2026,fixed income investments,debt investment options,bond investment 2026,investment ideas,smart investments,ytvideo,Bondbyd",Income Strategy,False,True,False,67
@fixedreturnsacademy,2026-05-18,X3XTDIfYkqE,What are Debt Mutual Funds?,2025-11-13T11:45:04Z,520,10,0,81,"debt mutual,debt mutual funds,mutual funds,what are debt mutual funds,grow,steady income,mutual funds explained,mutual fund basics,investment for beginners,mutual fund types,debt funds vs equity funds,bond funds,corporate bonds,government securities,NAV explained,interest rates and NAV,debt mutual fund returns,how to invest in debt funds,grip invest,personal finance india,investment tips,how to start investing,ytshort,Bondbyd",Bond Types,True,False,False,27
@fixedreturnsacademy,2026-05-18,XSXsGy6v-tI,Gold ETFs vs Gold Mutual Funds?,2025-11-11T11:30:29Z,279,8,0,173,"gold etf,gold mutual fund,gold etf vs gold mutual fund,gold mutual fund explained,gold etf explained,gold etf vs gold fund,how to invest in gold digitally,best way to invest in gold,gold investment 2025,mutual funds for beginners,digital gold india,sip in gold,gold mutual fund vs gold etf difference,gold returns,gold investing guide,gold etf returns,sebi gold investment rules,gold taxation 2025,gold etf vs physical gold",Taxation,True,False,False,31
@fixedreturnsacademy,2026-05-18,5pstTDOnxrw,Debt Mutual Funds vs Equity Mutual Funds?,2025-11-10T13:46:23Z,577,9,0,94,"debt mutual funds,equity mutual funds,debt vs equity,debt vs equity mutual funds,mutual funds explained,best mutual fund for beginners,mutual fund basics,types of mutual funds,equity funds vs debt funds,how to choose mutual funds,mutual fund investing,personal finance,investment tips,beginner investing,risk and return,long term investment,short term investment,SIP investment,financial planning,mutual fund education,finance simplified,Bondbyd,ytshort",Risk/Safety,True,False,False,41
@fixedreturnsacademy,2026-05-18,aKxFQ8ergfI,Gold ETFs vs Gold Mutual Funds: Which Is Better for You?,2025-11-06T11:50:11Z,2184,26,4,223,"gold etf,gold mutual fund,gold investment,etf vs mutual fund,gold investing 2025,best way to invest in gold,digital gold,how to invest in gold,gold etf explained,gold mutual funds explained,gold vs mutual funds,sip in gold,gold market predictions,gold returns,gold etf vs gold mutual fund,gold mutual fund explained,gold etf vs gold fund,how to invest in gold digitally,gold investment 2025,gold mutual fund vs gold etf difference,ytvideo,Bondbyd",Asset Comparison,True,False,False,56
@fixedreturnsacademy,2026-05-18,bGnydViBuSg,Fixed Deposits or Government Bonds? The Safest Investment in India?  #corporatebonds #fixeddeposit,2025-11-04T10:30:25Z,1167,5,0,147,"fd vs government bonds,fixed deposit vs government bonds,best safe investment in india,government bonds india,fd vs bond returns,fd vs bonds which is better,government bonds explained,safe investment options 2025,low risk investment india,fixed income investment,fd interest rate 2025,rbi bond interest rate,how to invest in government bonds,fd vs government securities,best place to invest money safely,government backed investment india,ytshort",Risk/Safety,False,False,False,98
@fixedreturnsacademy,2026-05-18,LwuMFxLPCPQ,This is the world’s oldest investment!,2025-11-02T08:30:23Z,119,5,2,35,"evolution of bonds,history of bonds,how bonds started,origin of bonds,ancient investing,bond market explained,what are bonds,types of bonds,bond investment history,first bond in history,venice bonds,world’s oldest bond,finance education,investing basics,bond investing for beginners,ancient finance,medieval economy,bond history explained,fixed income investing,investment history,ytshort,Finenjy",Bond Basics,False,False,False,38
@fixedreturnsacademy,2026-05-18,T9UDjiOty8U,India's Bond Market vs Stock Market: What Investors Need to Know,2025-11-01T08:30:14Z,2576,24,0,135,"india bond market,indian stock market,stock market vs bond market,bonds vs stocks,bond investing india,how to invest in bonds,best safe investment india,bond market explained,fixed income india,corporate bonds india,government bonds india,rbi retail direct,sebi reforms india,obpp platforms,debt securities india,fixed return investments,low risk investments india,long term investing india,indian economy,bond yields india,ytshort,finenjy",Risk/Safety,False,False,False,64
@fixedreturnsacademy,2026-05-18,6GuIVL9QLr8,What Are Corporate Bonds| Beginner’s Investment Guide,2025-10-31T11:30:08Z,1323,9,0,164,"corporate bonds,bond market,grip invest,fixed income investments,investing in bonds,how bonds work,bonds india,safe investments,fixed returns,passive income india,how to invest in bonds,bond market explained,finance education,investing for beginners,wealth creation,portfolio diversification,low risk investing,financial freedom,investing in india,smart investing,grip invest bonds,grip invest review,ytshort",Income Strategy,True,False,False,53
@fixedreturnsacademy,2026-05-18,OEOshhz0Kxc,What’s Safer Than Fixed Deposits? Most Indians Don’t Know This Investment!,2025-10-29T11:00:51Z,447,16,6,148,"fixed deposit vs government bonds,fd vs bonds,government bonds india,fd vs govt bonds,safe investment options india,how safe are government bonds,where to invest safely,rbi savings bonds 2025,fixed deposits vs bonds india,safe investments after yes bank crisis,beginner investing india,passive income india,secure investments india,bond market india explained,how to invest in government bonds,ytvideo",Income Strategy,False,False,False,74
@fixedreturnsacademy,2026-05-18,RVPNI4ZbPqM,Bond Markets Are Bigger than Stock Markets! #bondmarket #stockmarket,2025-10-24T21:30:09Z,302,7,0,50,"understand bond markets,bond markets,hidden global economy,world markets,bond market crash,stock market truth,the history of the debt limit,bond market explained,how bonds work,how do bonds work,economic truths,india bond market,global bond market,bonds india,what is a bond market,trump bond market,ytshort,Finenjy",Myths/Mistakes,False,False,False,68
@fixedreturnsacademy,2026-05-18,lJJq1rVRC_w,How the Bond Market Controls Economies #bondmarket  #stockmarket #corporatebonds,2025-10-24T11:42:39Z,1136,9,0,130,"understand bond markets,bond markets,hidden global economy,world markets,bond market crash,stock market truth,the history of the debt limit,bond market explained,how bonds work,how do bonds work,economic truths,india bond market,global bond market,bonds india,what is a bond market,trump bond market,ytshort,Finenjy",Myths/Mistakes,True,False,False,80
@fixedreturnsacademy,2026-05-18,MCMa0sRJje8,The Hidden Truth of the Bond Market | How It Controls the World Economy,2025-10-21T12:47:54Z,3153,139,27,335,"understand bond markets,bond markets,hidden global economy,world markets,bond market crash,stock market truth,the history of the debt limit,bond market explained,how bonds work,how do bonds work,economic truths,india bond market,global bond market,bonds india,what is a bond market,trump bond market,ytvideo,Finenjy",Myths/Mistakes,False,False,False,71
@fixedreturnsacademy,2026-05-18,yBkUZsTtORU,How to invest in gold in 2025. #goldinvesting #goldmutualfunds,2025-10-19T10:34:31Z,1384,12,2,126,"gold,gold investment,gold mutual funds,sgbs,mutual funds,gold return,gold returns,should you invest in gold,how can i invest in gold,gold sip,gold rate,gold smart investing,Gold ETF,Gold rate,Gold mutual fund vs gold etf,Gold price diwali,Mutual funds,online bond platform providers,sebi bond regulations,grip invest bonds,nse rfq bonds,bse rfq bonds,how to invest in bonds,government securities india,fixed income investing,ytshort",Grip Platform,True,True,False,62
@fixedreturnsacademy,2026-05-18,0HV5JR7F3WQ,Gold Mutual Funds Explained: The Smartest Way to Invest in Gold in 2025!,2025-10-18T12:04:31Z,704,9,0,126,"gold mutual funds,should you invest in gold,how can i invest in gold,gold sip,gold investment,gold rate,gold smart investing,Gold ETF,Gold rate,Gold mutual fund vs gold etf,Gold price diwali,Mutual funds,ytvideo,Bondbyd",Bond Basics,False,True,False,72
@fixedreturnsacademy,2026-05-18,6Xo2GFcYIO4,Difference between Corporate FD and Bank FDs  #corporatebonds #bondinvesting #debtinstruments,2025-10-16T12:07:16Z,978,16,0,156,"Bankfds,corporateFds,fds,higher returns,yield to maturity of a bond,finance,bond returns,bonds investing,Grip Invest bonds,bonds,fdsinvestment,FDs,fdsoptions,gripinvestment,fixedreturns,compounding,ytshort",FD Comparison,False,False,False,93
@fixedreturnsacademy,2026-05-18,4J5unNWEp3M,Can You Sell Your Bonds Before Maturity? #bondinvesting #fixedreturns #debtinstruments,2025-10-15T12:50:46Z,6514,79,9,108,ytshort,Bond Basics,True,False,False,86
@fixedreturnsacademy,2026-05-18,yDH4mCoyneY,Don’t Invest in FDs Before Watching This!,2025-10-14T14:14:02Z,666,14,1,156,"are corporate fixed deposit rates safe,fixed deposit interest rates,what is corporate fd,corporate fd vs bank fd,fixed deposit,best corporate fd,8 percent corporate fd,corporate fixed deposits,how to invest in corporate fixed deposits in india,benefits of corporate fixed deposits,fd,corporate fixed deposit interest rates in india,ytvideo",Risk/Safety,False,False,False,41
@fixedreturnsacademy,2026-05-18,3EtCh25GVRw,Safest Bonds to Invest in India! #fixedreturns #corporatebonds #debtinstruments,2025-10-13T12:38:11Z,1242,21,9,78,"who can invest in corporate bonds,corporate bonds india,investment options india,who can invest in bonds,individual investors,retail investors india,fixed return academy,financial literacy,bond education india,bond investment,Diversification,retail investors,SEBI,Demat,safe,safeinvestment,ytshort",Risk/Safety,False,False,False,79
@fixedreturnsacademy,2026-05-18,FrRd04XiTx4,What If Your Investment Platform Shuts Down…? #corporatebonds #bondinvesting #sebi,2025-10-12T09:50:22Z,1007,9,3,106,"who can invest in corporate bonds,corporate bonds india,investment options india,who can invest in bonds,individual investors,retail investors india,fixed return academy,financial literacy,bond education india,bond investment,Diversification,retail investors,SEBI,Demat,ytshort",Bond Types,True,False,False,82
@fixedreturnsacademy,2026-05-18,OcSZbys40l8,Can You Sell Bonds Before Maturity? The Truth Every Investor Should Know,2025-10-11T07:30:13Z,4206,47,5,108,"sell bonds before maturity,can you sell bonds,sell bonds,sell corporate bonds,how to sell bonds,sell bonds easily,bond maturity,yield to maturity of a bond,selling bonds,yield to maturity formula,maturity,yield to maturity,yield to maturity calculation,Gripinvest,fixedreturnsacademy,ytvideo,Bondbsc",Myths/Mistakes,True,False,False,72
@fixedreturnsacademy,2026-05-18,oUZCZBMwpG0,Who can invest in corporate bonds in India? #corporatebonds #bondinvesting #investinginindia,2025-10-09T10:46:51Z,677,6,0,60,"who can invest in corporate bonds,corporate bonds india,investment options india,who can invest in bonds,individual investors,retail investors india,fixed return academy,financial literacy,bond education india,bond investment,Diversification,retail investors,ytshort",Bond Types,False,False,False,92
@fixedreturnsacademy,2026-05-18,VmdTVF9I_2g,What Are Bonds? A Simple Guide for Smart Investors,2025-10-08T13:29:09Z,990,20,0,168,"Grip Invest,Grip Investments,Alternative Investments,Debt Securities,what are corporate bonds?,corporate bonds kya hain?,are corporate bonds safe?,corporate bonds mein kaise invest karey,what are bonds?,corporate bonds,hwo to invest in bonds,bond investing,fixed return,ytvideo,Bondbsc",Risk/Safety,True,False,False,50
@fixedreturnsacademy,2026-05-18,TDEnO-Po58w,How to Start Your First Fixed Return Investment in 2025,2025-10-06T13:04:16Z,264,5,0,113,"fixed return investments india,fixed returns explained,safe investments india,fixed deposits vs corporate fds,how to invest in bonds india,predictable investments india,best fixed income investments india 2025,bonds for beginners india,investing basics india,fixed return investments for beginners,ytshort",Risk/Safety,True,True,False,55
@fixedreturnsacademy,2026-05-18,XGSGv6byvc0,What Does Yield Mean in Bonds? | Bond Yield Explained Simply,2025-10-05T13:07:51Z,3312,61,1,88,"bond yield explained,what is yield in bonds,bond investing basics,bond yield vs price,fixed return investments india,yield to maturity explained,bond returns simplified,corporate bonds india,beginner investing india,fixed returns academy,ytshort",Bond Types,True,False,False,60
@fixedreturnsacademy,2026-05-18,VxR4rECjRBA,What Happens on a Bond’s Maturity Date? #fixedincome #bondmarket,2025-10-04T07:30:30Z,195,4,0,61,"How bond maturity works,maturity in bonds,bond investing,fixed income,bond market,bonds,investing for beginners,what is maturity date,ytshort",Bond Basics,True,False,False,64
@fixedreturnsacademy,2026-05-18,2fUfr0g6-Mg,Who is the Bond Issuer? | Investing Basics Explained,2025-10-03T12:12:28Z,272,2,0,72,"what is bond issuer,bond issuer explained,bond issuer in finance,who is a bond issuer,bonds explained,fixed return investments,investing basics,investment tips,finance for beginners,bonds simplified,government bonds,corporate bonds,nbfc bonds,how bonds work,bond investing for beginners,ytshort",Bond Types,False,False,False,52
@fixedreturnsacademy,2026-05-18,h0qRF0G9EXA,Don’t Buy the iPhone 17!,2025-10-02T11:58:48Z,1110,13,0,101,"iphone17,personal finance,should i buy iphone 17,bond investing,mutual funds,don’t buy iphone 17,which iphone 17 to buy,don't buy wrong iphone,should you buy iphone 17,iphone 17 vs iphone 17 pro which to buy,iphone 17 buyer's guide,iphone 17,apple iphone 17,best iphone to buy,smart investing hacks,investing like a pro,how to invest,ytshort",Bond Basics,False,True,False,24
@fixedreturnsacademy,2026-05-18,DV2BxZ2jDhc,What is Lock-in Period in Bonds? | Explained Simply,2025-09-30T05:30:11Z,306,1,2,87,"corporate bonds,how to analyze corporate bonds,sell corporate bonds,are corporate bonds safe,corporate bonds invesment,where to buy corporate bonds,corporate bonds maturity,how to invest in corporate bonds,investing in corporate bonds,bond market,corporate bond investing,ytshort",Risk/Safety,True,False,False,51
@fixedreturnsacademy,2026-05-18,jeSBUhW1ERQ,YTM vs Coupon Rate | What Every Investor Needs To Know,2025-09-29T13:51:24Z,8683,224,48,257,"ytm coupon,ytm,ytm vs coupon rate,ytm coupon bond,ytm financial calculator,ytm explanation,ytm vs coupon explained,yield to maturity,yield to maturity of a bond,ytm bonds,ytm vs coupon,finance,bond returns,bonds investing,Grip Invest bonds,ytvideo,Bondadv",Grip Platform,False,False,False,54
@fixedreturnsacademy,2026-05-18,cq_A9-6KOA4,What Are Credit Rating Agencies? | Bonds Explained in 60s,2025-09-27T11:47:05Z,764,15,0,74,"role of credit rating agencies,credit rating agencies in india,crisil rating explained,icra rating explained,care ratings india,india ratings and research,acuity ratings india,infomerics rating agency,what is credit rating agency,aaa rating explained,bb rating explained,credit rating in bonds,importance of credit rating,sebi credit rating agencies,fixed return investments india,bond investing basics india,ratings in bonds,bond ratings,ytshort",Bond Basics,True,True,False,57
@fixedreturnsacademy,2026-05-18,zBliRH6qucA,What is the Bond Market? #bonds #financialeducation,2025-09-26T10:02:35Z,74,2,0,84,"what is bond market,bond market explained,bond investing basics,bond market india,bond returns simplified,bond yield explained,fixed income investing,corporate bonds india,government bonds india,investing for beginners,finance explained,what are bonds,bond market tutorial,bond trading basics,bonds vs stocks,ytshort",Asset Comparison,True,False,False,51
@fixedreturnsacademy,2026-05-18,vqpguCio_jo,Is Your Money Safe If the Investment Platform Shuts Down?,2025-09-25T12:42:36Z,139,4,0,106,"bonds in india,bond investing,investing basics,bonds explained,what are bonds,bond platform in india,best bond investment platform,bond investing beginner,ytvideo,Bondbsc",Risk/Safety,True,False,False,57
@fixedreturnsacademy,2026-05-18,ypk7HIPDfXU,How Much Can You Earn from Bonds?,2025-09-23T05:30:29Z,1279,21,4,81,"bond returns in india,how much return from bonds,bond investment explained,corporate bonds india,government bonds india,fixed income investments india,bond returns simplified,safe investments india,investing in bonds 2025,beginner bond investing,how bonds work india,bond market returns,fixed return investments india,passive income bonds,bond vs fd returns,investment,bonds explained,how to invest in bonds,ytshort",Income Strategy,True,False,False,33
@fixedreturnsacademy,2026-05-18,nt8JwEIXTw4,The Secret to Safer Investing? Fixed Returns,2025-09-20T10:30:23Z,335,8,0,80,"why fixed returns,fixed return investment india,safe investment options,bonds vs stocks,fixed income explained,corporate bonds india,passive income investing,emi planning india,beginner investing india,fixed returns academy,ytshort",Income Strategy,False,False,False,44
@fixedreturnsacademy,2026-05-18,iDjjRBM5MX4,How RBI Repo Rate Impacts Your Bonds?,2025-09-19T12:15:13Z,350,8,0,67,"repo rate impact on bonds,rbi repo rate explained,how repo rate affects bond returns,bond prices and repo rate,rbi interest rates india,repo rate and bond market,investing in bonds india,bond returns simplified,fixed income investments india,bond investing for beginners,rbi policy impact,fedratecut,fed rate cut,fed rate cut news,fed rate cuts,rate cut,fed rate,fed rates,federal reserve rate cut,rate cut news,fed cut,rate cut stocks,ytshort",Macro/RBI,True,False,False,37
@fixedreturnsacademy,2026-05-18,aKBhAtRGy1U,Bond Liquidity Simplified: Turn Bonds Into Cash Easily,2025-09-18T12:15:00Z,560,8,0,109,"liquidity,liquid bonds,illiquid bonds,fixed income investing,sell bonds easily,bond investing India,personal finance India,how to invest in bonds,smart investing tips,investment flexibility,ytshort",Bond Basics,False,False,False,54
@fixedreturnsacademy,2026-05-18,gGdzbYxOW5c,What Are Government Securities (G-Secs)? 🤔,2025-09-17T12:30:58Z,3547,94,2,165,"government securities,government bonds in india,gsecs explained,treasury bills,t bills india,dated gsecs,state development loans,safest investment india,gsecs vs fd,how government borrows money,investing in government bonds,ytshort",Risk/Safety,True,False,True,42
@fixedreturnsacademy,2026-05-18,LQrxIUIRXTE,Why Corporate Bonds Matter in Investing?,2025-09-16T12:30:26Z,177,1,0,102,"corporate bonds explained,corporate bonds india,corporate bonds vs stocks,corporate bonds vs deposits,safest corporate bonds,corporate bonds investing,bonds in india,all rounder investment,fixed income investments,portfolio diversification,grip invest bonds,ytshort",Risk/Safety,True,False,False,40
@fixedreturnsacademy,2026-05-18,7OBNCj5ytkU,Are Corporate Bonds Really Safe? | Credit Ratings Explained,2025-09-15T11:43:11Z,11361,179,8,68,"corporate bonds,bond safety,fixed returns bonds,credit ratings explained,AAA bonds,investment grade bonds,junk bonds india,bond investing basics,are corporate bonds safe,corporate bonds india 2025,how to invest in bonds,indian investing for beginners,ytshort",Risk/Safety,True,False,False,59
@fixedreturnsacademy,2026-05-18,PQexLIUPRgc,Lock-in Explained: Do Investors Need to Worry?,2025-09-14T12:05:30Z,315,7,0,88,"corporate bonds,how to analyze corporate bonds,sell corporate bonds,are corporate bonds safe,corporate bonds invesment,where to buy corporate bonds,corporate bonds maturity,how to invest in corporate bonds,investing in corporate bonds,bond market,corporate bond investing,ytvideo,Bondbsc",Risk/Safety,True,False,False,46
@fixedreturnsacademy,2026-05-18,98Thd9fL4Vw,4 Mistakes to Avoid in Bond Investing,2025-09-13T11:30:11Z,230,3,0,109,"bond investing mistakes,beginner bond investing india,how to invest in bonds safely,common bond mistakes,corporate bond investing tips,diversify bond portfolio,obpp bonds india,safe fixed return investments,grip invest bonds,investing for beginners india,ytshort",Risk/Safety,False,True,False,37
@fixedreturnsacademy,2026-05-18,G4jurQBsMig,OBPP Explained | What Are Online Bond Platform Providers? | SEBI Bonds Made Simple,2025-09-12T13:31:43Z,585,12,2,117,"what is obpp,obpp explained,obpp sebi,online bond platform providers,sebi bond regulations,obpp grip invest,grip invest bonds,nse rfq bonds,bse rfq bonds,how to invest in bonds,listed bonds india,government securities india,fixed income investing,fixed returns academy,ytvideo,Bondbsc",Grip Platform,False,False,False,82
@fixedreturnsacademy,2026-05-18,3-jWoieP8h0,Bonds vs Fixed Deposit?,2025-09-12T08:30:04Z,258,5,0,111,"how bonds are taxed in india,bond taxation explained,tax on corporate bonds india,do you pay tax on bonds,capital gains tax on bonds,interest income tax india,tds on corporate bonds,tax free bonds india,investing in bonds india,fixed return investments india,ytshort",Taxation,True,False,False,23
@fixedreturnsacademy,2026-05-18,2TpmVixlLoQ,"Government Securities Explained | Types, Advantage of  G-Secs & How They Work",2025-09-11T13:06:33Z,213,10,0,165,"government securities,g-secs,gsecs india,government bonds india,treasury bills,dated gsecs,state development loans,SDL bonds,how government borrows money,safe investments india,bonds explained,personal finance india,investment options india,grip invest bonds,indian economy explained,fixed income investments,ytvideo,Bondbsc",Risk/Safety,False,False,False,77
@fixedreturnsacademy,2026-05-18,wn3UiLN_YOs,Bond Defaults Explained in 60 Seconds,2025-09-11T09:30:39Z,791,14,0,56,"bond default explained,what happens if company defaults bonds,secured vs unsecured bonds,corporate bond risks india,default risk in bonds,safe bond investing,how to check bond credit rating,diversify bond portfolio,fixed return investments india,investing for beginners india,ytshort",Risk/Safety,False,True,False,37
@fixedreturnsacademy,2026-05-18,Sn4aK5InUtA,What Are Fixed Return Investments?,2025-09-10T08:30:13Z,344,4,0,74,"fixed return investments india,what are fixed returns,fixed return vs mutual funds,how fixed returns work,corporate bonds india,fixed deposit vs bonds,debt mutual funds explained,safe investments in india,passive income india,stable investment options,ytshort",Income Strategy,True,False,False,34
@fixedreturnsacademy,2026-05-18,TOBagKWTAZg,Corporate Bonds: What’s the Minimum Investment?,2025-09-09T12:15:04Z,571,5,0,76,"bond investing,minimum investment in bonds,how to invest in bonds india,government bonds india,corporate bonds india,private placement bonds,bond market india,fixed income investing,bond investment beginners,NSE BSE bonds,RBI retail direct bonds,online bond platforms india,grip invest bonds,fixed return academy,investing in india,finance education india,ytshort",Bond Types,True,False,False,47
@fixedreturnsacademy,2026-05-18,ppDe0aX11p4,How to Buy Corporate Bonds In India?,2025-09-08T11:27:57Z,2103,24,0,62,"corporate bonds india,how to invest in corporate bonds,fixed return investments india,best bonds to invest in india,corporate bonds explained,passive income india 2025,safe investments india,dmat account bonds,online bond platforms india,grip invest bonds,fixed return academy,bond market india,how to buy corporate bonds online,corporate bond investment guide,best fixed income investments india,ytshort",Income Strategy,True,False,False,36
@fixedreturnsacademy,2026-05-18,yNwMvG5RNJ0,What is Face Value in Bonds?,2025-09-04T11:30:55Z,1079,19,0,75,"bonds,bond investing,face value,investing for beginners,bond market,fixed income,finance explained,india investing,stock market basics,passive income,fixed returns,finance education,ytshort",Income Strategy,True,False,False,28
@fixedreturnsacademy,2026-05-18,oSXPcX5qG-s,Tax-Free Bonds Explained in 1 Minute 💰,2025-09-03T11:30:47Z,1034,12,0,62,"tax free bonds,bonds in india,tax free investment india,section 10 15 bonds,fixed income options,NHAI bonds,IRFC bonds,PFC bonds,best bonds india,safe investment india,tax saving investment india,long term investment options,ytshort",Taxation,False,True,True,38
@fixedreturnsacademy,2026-05-18,m3vYbTOVGKE,Fixed Deposits vs Bonds: Which is Better in 2025? 💰 | Investing Explained #shorts,2025-09-02T11:30:46Z,657,12,0,111,"fixed deposits vs bonds,fd vs bonds 2025,bonds vs fds explained,personal finance 2025,investing tips for beginners,money tips 2025,safe investments in India,high return investments,government bonds India,corporate bonds India,fd returns vs bond returns,passive income ideas,investment options India,personal finance explained,wealth building,ytshort",Income Strategy,False,True,True,81
@fixedreturnsacademy,2026-05-18,TWREXF8muBU,Best Bonds for Beginners & Conservative Investors in India,2025-09-02T11:30:28Z,272,5,0,78,"safest bonds in India,safe investments in India 2025,bonds for conservative investors,government bonds India,g-secs India,state development loans India,PSU bonds India,tax free bonds India,AAA rated corporate bonds India,low risk investments India,best safe bonds in India,investment options India,passive income ideas,personal finance India,fixed returns academy,ytvideo,Bondbsc",Income Strategy,False,False,False,58
@fixedreturnsacademy,2026-05-18,0rAud3A5UGM,Understanding Bonds in Financial Markets | Beginners Guide,2025-09-01T13:08:55Z,271,11,0,83,"importance of bonds in financial market,role of bonds in economy,why bonds are important,bonds explained india,government bonds india,corporate bonds india,bond market india,role of bonds in finance,how bonds help investors,bonds for beginners india,finance basics india,investing in bonds explained,monetary policy bonds,fixed return investments india,financial market explained,bonds and economy,ytvideo,Bondbsc",Bond Types,False,False,False,58
@fixedreturnsacademy,2026-05-18,KORwrkI_Q2g,Types of Bonds in India Explained in 1 Minute 📈,2025-09-01T12:19:49Z,2029,40,0,70,"types of bonds in india,government bonds india,corporate bonds india,municipal bonds india,convertible bonds india,zero coupon bonds india,high yield bonds india,floating rate bonds india,bond investing india,bonds explained,investing basics india,fixed return investments india,types of bonds explained,what are bonds india,safe investment options india,ytshort",Risk/Safety,False,True,True,47
@fixedreturnsacademy,2026-05-18,DvGsLdsR12A,"What Are Credit Rating Agencies? Role, Importance & Ratings Explained (AAA to C)",2025-08-31T12:30:15Z,364,10,2,72,"role of credit rating agencies,credit rating agencies in india,crisil rating explained,icra rating explained,care ratings india,india ratings and research,acuity ratings india,infomerics rating agency,what is credit rating agency,aaa rating explained,bb rating explained,credit rating in bonds,importance of credit rating,sebi credit rating agencies,fixed return investments india,bond investing basics india,ytvideo,Bondbsc",Bond Basics,True,False,False,80
@fixedreturnsacademy,2026-05-18,6QGB42_xaZs,Govt vs Corporate Bonds India – Which Offers Better Yield? #shorts,2025-08-31T08:30:05Z,115,2,0,54,"government bonds india,corporate bonds india,difference between government and corporate bonds,govt bonds vs corporate bonds,bonds explained india,investing basics india,fixed income investments india,safe investments india,how to invest in bonds india,AAA rated corporate bonds india,government securities india,passive income india,bonds for beginners,ytshort",Income Strategy,False,False,False,66
@fixedreturnsacademy,2026-05-18,8RA-oEgGRpM,Why Corporate Bonds Are Must-Have for Your Portfolio,2025-08-31T05:13:36Z,243,12,0,102,"corporate bonds india,portfolio diversification india,fixed returns india,why invest in corporate bonds,corporate bonds explained,bonds vs stocks india,bonds vs fixed deposits india,investing in bonds india,beginner investing india,fixed income investments india,AAA rated bonds india,passive income india,corporate bonds for beginners,diversification strategies india,ytvideo,Bondbsc",Income Strategy,True,False,False,52
@fixedreturnsacademy,2026-05-18,jeYubCCwy0o,Why Companies Issue Bonds? #shorts,2025-08-30T11:48:46Z,193,3,0,60,"why companies issue bonds,bonds explained india,corporate bonds india,how bonds work,bonds vs loans india,investing basics india,bonds for beginners,fixed income investments india,why invest in bonds,fixed returns academy,corporate finance explained,investment tips india,ytshort",Bond Types,True,False,False,34
@fixedreturnsacademy,2026-05-18,GSo8nCTwvOY,Bonds vs Fixed Deposits – Best Safe Investment Option?,2025-08-29T17:05:49Z,260,7,0,111,"fixed deposits india,fd vs bonds india,fd vs bonds 2025,bonds vs fd which is better,fixed returns india,safe investment options india,government bonds india,corporate bonds india,fd alternatives india,beginner investing india,fixed income investments,passive income india,investing in bonds,fd vs mutual funds vs bonds,bonds explained india,ytvideo,Bondbsc",Income Strategy,True,False,False,54
@fixedreturnsacademy,2026-05-18,ZeqSWEL845w,What is a Bond Market? | Explained Simply for Beginners,2025-08-29T10:56:59Z,310,15,0,83,"what is bond market,bond market explained,bond investing basics,bond market india,bond returns simplified,bond yield explained,fixed income investing,corporate bonds india,government bonds india,investing for beginners,finance explained,what are bonds,bond market tutorial,bond trading basics,bonds vs stocks,ytvideo",Asset Comparison,True,False,False,55
@fixedreturnsacademy,2026-05-18,xoQp_3tYPgA,What is Coupon Rate in Bonds? | Bond Basics Explained #shorts,2025-08-29T10:21:09Z,282,2,0,64,"coupon rate explained,what is coupon rate in bonds,bond basics india,investing in bonds explained,beginner investing india,fixed return investments india,bond market explained,coupon rate vs interest rate,yield vs coupon rate,corporate bonds india,government bonds india,fixedur academy,ytshort",Bond Types,True,False,False,61
@fixedreturnsacademy,2026-05-18,emfI08Oq5n0,How Much Return Can You Expect from Bonds in India? | Bond Investment Explained,2025-08-28T06:55:49Z,137,4,0,81,"bond returns in india,how much return from bonds,bond investment explained,corporate bonds india,government bonds india,fixed income investments india,bond returns simplified,safe investments india,investing in bonds 2025,beginner bond investing,how bonds work india,bond market returns,fixed return investments india,passive income bonds,bond vs fd returns,investment,bonds explained,how to invest in bonds,ytvideo,Bondbsc",Income Strategy,True,False,False,79
@fixedreturnsacademy,2026-05-18,5Ea_9C_aUMY,How Are Bonds Taxed in India? | Interest & Capital Gains Explained,2025-08-27T13:38:06Z,11511,122,29,89,"bond taxation india,interest on bonds tax india,how are bonds taxed in india,capital gains tax on bonds india,bond income tax rules india,debt instruments taxation,fixed income taxation india,short term capital gains bonds,long term capital gains bonds,tax free bonds india,investing basics india,tax free bonds,bonds,mutual funds,ytvideo,Bondtxs",Taxation,True,False,False,66
@fixedreturnsacademy,2026-05-18,tr7p1F8-3EA,How to Start Your First Fixed Return Investments in India (Beginner Guide),2025-08-27T09:03:21Z,108,2,2,113,"fixed return investments india,fixed returns explained,safe investments india,fixed deposits vs corporate fds,how to invest in bonds india,predictable investments india,best fixed income investments india 2025,bonds for beginners india,investing basics india,fixed return investments for beginners,ytvideo,Bondbsc",Risk/Safety,True,False,False,74
@fixedreturnsacademy,2026-05-18,SanYkmtNFTQ,4 Common Mistakes to Avoid When Investing in Bonds | Beginner’s Guide (India),2025-08-26T13:38:55Z,82,5,0,109,"bond investing India,common mistakes in bonds,how to invest in bonds India,beginner guide to bonds,SEBI OBPP explained,bond returns India,Grip Invest bonds,safe investing India,fixed income investments,avoid mistakes in bonds,investing in bonds for beginners,diversify bond portfolio,liquidity in bonds,bond credit ratings India,ytvideo,Bondbsc",Risk/Safety,False,True,False,77
@fixedreturnsacademy,2026-05-18,ppt3XOO7608,What Is Bond Yield? | Bond Investing Basics Explained,2025-08-26T07:37:09Z,546,16,1,89,"bond yield explained,what is yield in bonds,bond investing basics,bond yield vs price,fixed return investments india,yield to maturity explained,bond returns simplified,corporate bonds india,beginner investing india,fixed returns academy,ytvideo,Bondbsc",Bond Types,True,False,False,53
@fixedreturnsacademy,2026-05-18,FGOf0O_3yAY,Who Actually Borrows Your Money in Bonds? | Bond Issuer Explained,2025-08-25T11:30:12Z,72,1,0,72,"what is bond issuer,bond issuer explained,bond issuer in finance,who is a bond issuer,bonds explained,fixed return investments,investing basics,investment tips,finance for beginners,bonds simplified,government bonds,corporate bonds,nbfc bonds,how bonds work,bond investing for beginners,ytvideo,Bondbsc",Bond Types,False,False,False,65
@fixedreturnsacademy,2026-05-18,rH13M_Gge6g,Why Fixed Return Investments Matter | Predictable Income vs. Market Volatility,2025-08-24T12:30:34Z,91,3,0,80,"why fixed returns,fixed return investment india,safe investment options,bonds vs stocks,fixed income explained,corporate bonds india,passive income investing,beginner investing india,fixed returns academy",Income Strategy,True,False,False,78
@fixedreturnsacademy,2026-05-18,e7OWZ3Irzb4,What Is Bond Maturity? | Simple Explanation with Example,2025-08-23T15:55:00Z,595,8,2,57,"bond maturity,what is bond maturity,maturity in bonds explained,bond investing for beginners,fixed income investments,short term bonds,medium term bonds,long term bonds,maturity date bonds,fixed returns academy,finance basics,how bonds work,investing in bonds,ytvideo,Bondbsc",Bond Basics,True,False,False,56
@fixedreturnsacademy,2026-05-18,FKsd4OZ4w84,Fixed Return Investment Explained | For Predictable Returns,2025-08-22T12:36:24Z,151,2,0,74,"fixed return investment,what is fixed return,fixed deposits india,corporate bonds explained,safe investment options india,fixed income investing,guaranteed returns investment,beginner guide fixed returns,passive income india,fixed returns academy,ytvideo",Income Strategy,False,False,False,59
@fixedreturnsacademy,2026-05-18,CUGB7mq1Eiw,What Is Bond Liquidity and Why It Matters?,2025-08-21T12:47:15Z,438,18,0,108,"liquidity,liquid bonds,illiquid bonds,fixed income investing,sell bonds easily,bond investing India,personal finance India,how to invest in bonds,smart investing tips,investment flexibility,ytvideo,Bondbsc",Bond Basics,True,False,False,42
@fixedreturnsacademy,2026-05-18,GgdY95-YuqI,What Is Face Value in Bonds? | Simple Explainer with Example,2025-08-19T08:30:08Z,556,11,0,76,"face value,bond investment,₹1000 bond,fixed income,bond returns,bond maturity,finance education,personal finance,bond market India,ytvideo,Bondbsc",Bond Basics,True,False,False,60
@fixedreturnsacademy,2026-05-18,bE4YW71-u5k,Corporate Bonds Explained | Earn 10-14% Fixed Returns,2025-08-19T06:06:27Z,245,5,0,62,"corporate bonds,fixed returns,fixed income investing,investing for beginners,how to earn fixed returns,steady income ideas,safe investment options,passive income 2025,grip invest,investment tips,diversify portfolio,high return investments,fixed income bonds explained,corporate bonds India,ytshort",Income Strategy,False,True,False,53
@fixedreturnsacademy,2026-05-18,wQCwthK52_w,Bond Investing for Beginners | Minimum Amount You Need to Start,2025-08-18T11:30:56Z,191,7,0,76,"Grip Invest,beginner investing,bond investing India,how much to start investing,fixed income India,smart investing tips,personal finance,ytvideo,Bondbsc",Grip Platform,False,False,False,63
@fixedreturnsacademy,2026-05-18,0P6f_2qB7Wo,Who Can Invest in Corporate Bonds in India?,2025-08-16T11:30:03Z,146,6,0,61,"who can invest in corporate bonds,corporate bonds india,investment options india,who can invest in bonds,individual investors,retail investors india,fixed return academy,financial literacy,bond education india,beginner investors india,ytvideo,Bondbsc",Bond Types,True,False,False,43
@fixedreturnsacademy,2026-05-18,Qqqf-1VGJ_w,What are Bonds? Beginner’s Guide to Understanding Bonds,2025-08-14T11:30:19Z,376,6,0,62,"what are corporate bonds,bond returns,debt investment,investing for beginners,steady income,loan to company,bond interest,diversify investments,smart investing,ytvideo,Bondbsc",Bond Types,True,False,False,55
@fixedreturnsacademy,2026-05-18,YTo6qKNR0QY,Bond Defaults Explained: What Investors Need to Know,2025-08-13T13:58:37Z,376,9,0,56,"company default on bond,unsecured vs secured bonds,bond risk india,fixed income investing,how to check credit rating,diversify bond portfolio,corporate bond risks,grip invest bonds,ytvideo,Bondbsc",Risk/Safety,False,False,False,52
@fixedreturnsacademy,2026-05-18,38gjKfH8YuE,Are Corporate Bonds Safe? Ratings You Must Know,2025-08-12T14:24:19Z,427,12,0,67,"corporate bonds,bond risk,credit rating,fixed income,finance tips,diversify investment,beginner finance,personal finance,ytvideo,Bondbsc",Risk/Safety,True,False,False,47
@fixedreturnsacademy,2026-05-18,5iiRS5DS82k,Types of Bonds in India | Complete Guide for Indian Investors,2025-08-11T11:32:08Z,320,9,0,70,"types of bonds,corporate bonds,government bonds,municipal bonds,convertible bonds,high yield,fixed income,zero coupon,personal finance,bond investing,bond market,debt instruments,ytvideo,Bondbsc",Bond Types,False,False,False,61
@fixedreturnsacademy,2026-05-18,wBCskMox3Mk,Where to Buy Corporate Bonds in India?,2025-08-09T11:30:48Z,1328,12,2,62,"where to buy corporate bonds,buy bonds online india,invest in corporate bonds,corporate bonds india,best place to buy bonds,how to buy bonds india,bond investing india,grip invest,safe investments india,beginner guide bonds,fixed return investing,passive income india,investment platforms india,fixed return academy,buy bonds online,corporate bond market india,ytvideo,Bondsbsc",Income Strategy,True,False,False,38
@fixedreturnsacademy,2026-05-18,k8X_OrreZ1E,What Are Tax-Free Bonds? | Earn Returns Without Paying Taxes,2025-08-08T12:40:48Z,1433,17,0,61,"what are tax free bonds,tax free bonds india,tax free bond benefits,tax saving investments,fixed return without tax,how tax free bonds work,tax free interest,government bonds india,bond investing india,tax free returns,safe investment options,passive income india,income tax exemption,fixed return academy,invest in bonds,tax saving options india,financial literacy india,ytvideo,Bondtxs",Income Strategy,True,False,False,60
@fixedreturnsacademy,2026-05-18,igZp_LXGmHI,Government Bonds vs Corporate Bonds. Explained in 60 Seconds!,2025-08-07T11:30:47Z,574,13,2,54,"govt bonds,corporate bonds,bond types,bond investing,fixed income,credit rating,investment safety,smart investing,personal finance,debt instruments,ytvideo,Bondbsc",Risk/Safety,False,True,False,61
@fixedreturnsacademy,2026-05-18,Kjnu1De4Imc,What Is a Coupon Rate in Bonds? | Fixed Income Explained Simply,2025-08-06T11:30:20Z,357,11,0,63,"coupon rate,what is coupon rate,coupon rate explained,coupon rate in bonds,bond coupon rate,bonds for beginners,how bonds work,fixed income investing,fixed return investment,bond interest rate,bond investing india,corporate bonds,government bonds,bond yield,fixed return academy,financial education india,passive income,fixed return explained,bond basics,investment for beginners,ytvideo,Bondbsc",Income Strategy,True,False,False,63
@fixedreturnsacademy,2026-05-18,f9qD7AkThrE,Why Companies Issue Bonds – Simple Corporate Bond Explainer,2025-08-05T11:30:38Z,537,14,2,59,"why do companies issue bonds,corporate bonds,bond investing india,how bonds work,company bonds,bond issuance,fixed return investment,why bonds not loans,fixed income investing,corporate bond explained,bond market india,company fundraising,bonds for beginners,fixed return academy,passive income,investment options india,financial literacy,smart investing,fixed income securities,ytvideo,Bondbsc",Income Strategy,True,False,False,59
